申万三级行业名称,股票代码,股票名称
IT服务Ⅲ,000034.SZ,神州数码
IT服务Ⅲ,000158.SZ,常山北明
IT服务Ⅲ,000409.SZ,云鼎科技
IT服务Ⅲ,000555.SZ,神州信息
IT服务Ⅲ,000815.SZ,美利云
IT服务Ⅲ,000938.SZ,紫光股份
IT服务Ⅲ,002065.SZ,东华软件
IT服务Ⅲ,002195.SZ,岩山科技
IT服务Ⅲ,002229.SZ,鸿博股份
IT服务Ⅲ,002232.SZ,启明信息
IT服务Ⅲ,002331.SZ,皖通科技
IT服务Ⅲ,002368.SZ,太极股份
IT服务Ⅲ,002373.SZ,千方科技
IT服务Ⅲ,002380.SZ,科远智慧
IT服务Ⅲ,002401.SZ,中远海科
IT服务Ⅲ,002421.SZ,达实智能
IT服务Ⅲ,002474.SZ,榕基软件
IT服务Ⅲ,002609.SZ,捷顺科技
IT服务Ⅲ,002642.SZ,荣联科技
IT服务Ⅲ,002649.SZ,博彦科技
IT服务Ⅲ,002657.SZ,中科金财
IT服务Ⅲ,002771.SZ,真视通
IT服务Ⅲ,002777.SZ,久远银海
IT服务Ⅲ,002908.SZ,德生科技
IT服务Ⅲ,003005.SZ,竞业达
IT服务Ⅲ,300017.SZ,网宿科技
IT服务Ⅲ,300020.SZ,ST银江
IT服务Ⅲ,300044.SZ,*ST赛为
IT服务Ⅲ,300078.SZ,思创智联
IT服务Ⅲ,300079.SZ,数码视讯
IT服务Ⅲ,300096.SZ,ST易联众
IT服务Ⅲ,300150.SZ,世纪瑞尔
IT服务Ⅲ,300166.SZ,东方国信
IT服务Ⅲ,300167.SZ,ST迪威迅
IT服务Ⅲ,300168.SZ,万达信息
IT服务Ⅲ,300170.SZ,汉得信息
IT服务Ⅲ,300212.SZ,*ST易录
IT服务Ⅲ,300231.SZ,银信科技
IT服务Ⅲ,300245.SZ,ST天玑
IT服务Ⅲ,300250.SZ,初灵信息
IT服务Ⅲ,300264.SZ,佳创视讯
IT服务Ⅲ,300271.SZ,华宇软件
IT服务Ⅲ,300277.SZ,汽轮科技
IT服务Ⅲ,300287.SZ,飞利信
IT服务Ⅲ,300288.SZ,朗玛信息
IT服务Ⅲ,300290.SZ,ST荣科
IT服务Ⅲ,300300.SZ,海峡创新
IT服务Ⅲ,300339.SZ,润和软件
IT服务Ⅲ,300399.SZ,天利科技
IT服务Ⅲ,300419.SZ,ST浩丰
IT服务Ⅲ,300440.SZ,运达科技
IT服务Ⅲ,300448.SZ,浩云科技
IT服务Ⅲ,300496.SZ,中科创达
IT服务Ⅲ,300523.SZ,辰安科技
IT服务Ⅲ,300532.SZ,今天国际
IT服务Ⅲ,300536.SZ,农尚环境
IT服务Ⅲ,300541.SZ,先进数通
IT服务Ⅲ,300609.SZ,汇纳科技
IT服务Ⅲ,300634.SZ,彩讯股份
IT服务Ⅲ,300674.SZ,宇信科技
IT服务Ⅲ,300678.SZ,中科信息
IT服务Ⅲ,300682.SZ,朗新科技
IT服务Ⅲ,300687.SZ,赛意信息
IT服务Ⅲ,300846.SZ,首都在线
IT服务Ⅲ,300872.SZ,天阳科技
IT服务Ⅲ,300895.SZ,铜牛信息
IT服务Ⅲ,301085.SZ,亚康股份
IT服务Ⅲ,301172.SZ,君逸数码
IT服务Ⅲ,301178.SZ,天亿马
IT服务Ⅲ,301185.SZ,鸥玛软件
IT服务Ⅲ,301208.SZ,中亦科技
IT服务Ⅲ,301218.SZ,华是科技
IT服务Ⅲ,301236.SZ,软通动力
IT服务Ⅲ,301248.SZ,杰创智能
IT服务Ⅲ,301316.SZ,慧博云通
IT服务Ⅲ,301396.SZ,宏景科技
IT服务Ⅲ,301556.SZ,托普云农
IT服务Ⅲ,301638.SZ,南网数字
IT服务Ⅲ,600131.SH,国网信通
IT服务Ⅲ,600271.SH,航天信息
IT服务Ⅲ,600410.SH,华胜天成
IT服务Ⅲ,600446.SH,金证股份
IT服务Ⅲ,600476.SH,*ST湘邮
IT服务Ⅲ,600536.SH,中国软件
IT服务Ⅲ,600571.SH,信雅达
IT服务Ⅲ,600589.SH,大位科技
IT服务Ⅲ,600666.SH,奥瑞德
IT服务Ⅲ,600718.SH,东软集团
IT服务Ⅲ,600728.SH,佳都科技
IT服务Ⅲ,600756.SH,浪潮软件
IT服务Ⅲ,600797.SH,浙大网新
IT服务Ⅲ,600845.SH,宝信软件
IT服务Ⅲ,600850.SH,电科数字
IT服务Ⅲ,603138.SH,海量数据
IT服务Ⅲ,603171.SH,税友股份
IT服务Ⅲ,603636.SH,南威软件
IT服务Ⅲ,603859.SH,能科科技
IT服务Ⅲ,603869.SH,ST智知
IT服务Ⅲ,603887.SH,城地香江
IT服务Ⅲ,603918.SH,金桥信息
IT服务Ⅲ,605398.SH,新炬网络
IT服务Ⅲ,688004.SH,博汇科技
IT服务Ⅲ,688039.SH,当虹科技
IT服务Ⅲ,688051.SH,佳华科技
IT服务Ⅲ,688066.SH,*ST航图
IT服务Ⅲ,688088.SH,虹软科技
IT服务Ⅲ,688158.SH,优刻得-W
IT服务Ⅲ,688207.SH,格灵深瞳
IT服务Ⅲ,688227.SH,品高股份
IT服务Ⅲ,688228.SH,开普云
IT服务Ⅲ,688229.SH,博睿数据
IT服务Ⅲ,688251.SH,井松智能
IT服务Ⅲ,688258.SH,卓易信息
IT服务Ⅲ,688316.SH,青云科技-U
IT服务Ⅲ,688327.SH,云从科技-UW
IT服务Ⅲ,688343.SH,云天励飞-U
IT服务Ⅲ,688365.SH,光云科技
IT服务Ⅲ,688500.SH,慧辰股份
IT服务Ⅲ,688509.SH,正元地信
IT服务Ⅲ,688562.SH,航天软件
IT服务Ⅲ,688568.SH,中科星图
IT服务Ⅲ,688787.SH,海天瑞声
IT服务Ⅲ,920092.BJ,汉鑫科技
IT服务Ⅲ,920116.BJ,星图测控
IT服务Ⅲ,920130.BJ,立方控股
IT服务Ⅲ,920171.BJ,志晟信息
IT服务Ⅲ,920184.BJ,国源科技
IT服务Ⅲ,920227.BJ,美登科技
IT服务Ⅲ,920493.BJ,并行科技
IT服务Ⅲ,920564.BJ,天润科技
IT服务Ⅲ,920748.BJ,路桥信息
IT服务Ⅲ,920790.BJ,联迪信息
IT服务Ⅲ,920806.BJ,云星宇
IT服务Ⅲ,920953.BJ,国子软件
LED,002137.SZ,实益达
LED,002449.SZ,国星光电
LED,002587.SZ,奥拓电子
LED,002654.SZ,万润科技
LED,002745.SZ,木林森
LED,002983.SZ,芯瑞达
LED,002992.SZ,宝明科技
LED,300102.SZ,乾照光电
LED,300162.SZ,雷曼光电
LED,300219.SZ,鸿利智汇
LED,300232.SZ,洲明科技
LED,300241.SZ,瑞丰光电
LED,300269.SZ,联建光电
LED,300296.SZ,利亚德
LED,300301.SZ,ST长方
LED,300303.SZ,聚飞光电
LED,300323.SZ,华灿光电
LED,300389.SZ,艾比森
LED,300582.SZ,英飞特
LED,300632.SZ,光莆股份
LED,300708.SZ,聚灿光电
LED,300752.SZ,隆利科技
LED,300808.SZ,久量股份
LED,300889.SZ,爱克股份
LED,300940.SZ,南极光
LED,600703.SH,三安光电
LED,603679.SH,华体科技
LED,603685.SH,晨丰科技
LED,603703.SH,盛洋科技
LED,688496.SH,*ST清越
专业连锁Ⅲ,000829.SZ,天音控股
专业连锁Ⅲ,002416.SZ,爱施德
专业连锁Ⅲ,300022.SZ,吉峰科技
专业连锁Ⅲ,300622.SZ,博士眼镜
专业连锁Ⅲ,300755.SZ,华致酒行
专业连锁Ⅲ,301078.SZ,孩子王
专业连锁Ⅲ,603214.SH,爱婴室
个护小家电,003023.SZ,彩虹集团
个护小家电,603868.SH,飞科电器
个护小家电,688793.SH,倍轻松
个护小家电,920199.BJ,倍益康
中药Ⅲ,000423.SZ,东阿阿胶
中药Ⅲ,000538.SZ,云南白药
中药Ⅲ,000590.SZ,古汉医药
中药Ⅲ,000623.SZ,吉林敖东
中药Ⅲ,000650.SZ,仁和药业
中药Ⅲ,000790.SZ,华神科技
中药Ⅲ,000989.SZ,九芝堂
中药Ⅲ,000999.SZ,华润三九
中药Ⅲ,002082.SZ,ST万邦
中药Ⅲ,002107.SZ,沃华医药
中药Ⅲ,002198.SZ,ST嘉应
中药Ⅲ,002275.SZ,桂林三金
中药Ⅲ,002287.SZ,奇正藏药
中药Ⅲ,002317.SZ,众生药业
中药Ⅲ,002349.SZ,精华制药
中药Ⅲ,002390.SZ,信邦制药
中药Ⅲ,002412.SZ,汉森制药
中药Ⅲ,002424.SZ,ST百灵
中药Ⅲ,002566.SZ,益盛药业
中药Ⅲ,002603.SZ,以岭药业
中药Ⅲ,002644.SZ,佛慈制药
中药Ⅲ,002728.SZ,特一药业
中药Ⅲ,002737.SZ,葵花药业
中药Ⅲ,002864.SZ,盘龙药业
中药Ⅲ,002873.SZ,新天药业
中药Ⅲ,002907.SZ,华森制药
中药Ⅲ,300026.SZ,红日药业
中药Ⅲ,300039.SZ,上海凯宝
中药Ⅲ,300147.SZ,*ST香雪
中药Ⅲ,300158.SZ,振东制药
中药Ⅲ,300181.SZ,佐力药业
中药Ⅲ,300519.SZ,新光药业
中药Ⅲ,300534.SZ,陇神戎发
中药Ⅲ,300878.SZ,维康药业
中药Ⅲ,301111.SZ,粤万年青
中药Ⅲ,301331.SZ,恩威医药
中药Ⅲ,600080.SH,ST金花
中药Ⅲ,600085.SH,同仁堂
中药Ⅲ,600129.SH,太极集团
中药Ⅲ,600222.SH,太龙药业
中药Ⅲ,600252.SH,中恒集团
中药Ⅲ,600285.SH,羚锐制药
中药Ⅲ,600329.SH,达仁堂
中药Ⅲ,600332.SH,白云山
中药Ⅲ,600351.SH,亚宝药业
中药Ⅲ,600422.SH,昆药集团
中药Ⅲ,600436.SH,片仔癀
中药Ⅲ,600479.SH,千金药业
中药Ⅲ,600518.SH,康美药业
中药Ⅲ,600535.SH,天士力
中药Ⅲ,600557.SH,康缘药业
中药Ⅲ,600566.SH,济川药业
中药Ⅲ,600572.SH,康恩贝
中药Ⅲ,600594.SH,益佰制药
中药Ⅲ,600671.SH,天目药业
中药Ⅲ,600750.SH,华润江中
中药Ⅲ,600771.SH,广誉远
中药Ⅲ,600976.SH,健民集团
中药Ⅲ,600993.SH,马应龙
中药Ⅲ,603139.SH,康惠股份
中药Ⅲ,603439.SH,三力制药
中药Ⅲ,603567.SH,珍宝岛
中药Ⅲ,603858.SH,步长制药
中药Ⅲ,603896.SH,寿仙谷
中药Ⅲ,603998.SH,方盛制药
中药Ⅲ,605199.SH,ST葫芦娃
中药Ⅲ,920266.BJ,生物谷
中药Ⅲ,920433.BJ,大唐药业
中间产品及消费品供应链服务,001220.SZ,世盟股份
中间产品及消费品供应链服务,002769.SZ,普路通
中间产品及消费品供应链服务,002889.SZ,东方嘉盛
中间产品及消费品供应链服务,300013.SZ,新宁物流
中间产品及消费品供应链服务,300240.SZ,飞力达
中间产品及消费品供应链服务,300350.SZ,华鹏飞
中间产品及消费品供应链服务,300873.SZ,海晨股份
中间产品及消费品供应链服务,603648.SH,畅联股份
乳品,001318.SZ,阳光乳业
乳品,002329.SZ,皇氏集团
乳品,002570.SZ,贝因美
乳品,002732.SZ,燕塘乳业
乳品,002910.SZ,庄园牧场
乳品,002946.SZ,新乳业
乳品,300106.SZ,西部牧业
乳品,300892.SZ,品渥食品
乳品,300898.SZ,熊猫乳品
乳品,300915.SZ,海融科技
乳品,600419.SH,天润乳业
乳品,600429.SH,三元股份
乳品,600597.SH,光明乳业
乳品,600882.SH,妙可蓝多
乳品,600887.SH,伊利股份
乳品,605179.SH,一鸣食品
乳品,605300.SH,佳禾食品
乳品,605388.SH,均瑶健康
乳品,920786.BJ,骑士乳业
产业地产,600082.SH,ST海泰
产业地产,600340.SH,*ST华幸
产业地产,600463.SH,空港股份
产业地产,600604.SH,市北高新
产业地产,600639.SH,浦东金桥
产业地产,600648.SH,外高桥
产业地产,600658.SH,电子城
产业地产,600848.SH,上海临港
产业地产,600895.SH,张江高科
产业地产,601512.SH,中新集团
人力资源服务,300662.SZ,科锐国际
人力资源服务,600662.SH,外服控股
人力资源服务,600861.SH,北京人力
人工景区,002059.SZ,云南旅游
人工景区,300144.SZ,宋城演艺
人工景区,600138.SH,中青旅
人工景区,600593.SH,大连圣亚
人工景区,600706.SH,曲江文旅
仓储物流,002492.SZ,恒基达鑫
仓储物流,002930.SZ,宏川智慧
仓储物流,600787.SH,中储股份
仓储物流,600794.SH,保税科技
仓储物流,603066.SH,音飞储存
仓储物流,603713.SH,密尔克卫
仪器仪表,002121.SZ,科陆电子
仪器仪表,002175.SZ,*ST东智
仪器仪表,002546.SZ,新联电子
仪器仪表,002767.SZ,先锋电子
仪器仪表,002819.SZ,东方中科
仪器仪表,002849.SZ,威星智能
仪器仪表,002857.SZ,三晖电气
仪器仪表,002980.SZ,华盛昌
仪器仪表,300007.SZ,汉威科技
仪器仪表,300066.SZ,三川智慧
仪器仪表,300112.SZ,万讯自控
仪器仪表,300165.SZ,天瑞仪器
仪器仪表,300259.SZ,新天科技
仪器仪表,300286.SZ,安科瑞
仪器仪表,300306.SZ,远方信息
仪器仪表,300349.SZ,金卡智能
仪器仪表,300354.SZ,东华测试
仪器仪表,300360.SZ,炬华科技
仪器仪表,300370.SZ,安控科技
仪器仪表,300371.SZ,汇中股份
仪器仪表,300417.SZ,南华仪器
仪器仪表,300445.SZ,康斯特
仪器仪表,300466.SZ,赛摩智能
仪器仪表,300514.SZ,友讯达
仪器仪表,300515.SZ,三德科技
仪器仪表,300553.SZ,集智股份
仪器仪表,300557.SZ,理工光科
仪器仪表,300567.SZ,精测电子
仪器仪表,300572.SZ,安车检测
仪器仪表,300667.SZ,必创科技
仪器仪表,300720.SZ,海川智能
仪器仪表,300862.SZ,蓝盾光电
仪器仪表,300880.SZ,迦南智能
仪器仪表,300882.SZ,万胜智能
仪器仪表,300897.SZ,山科智能
仪器仪表,300906.SZ,日月明
仪器仪表,301006.SZ,迈拓股份
仪器仪表,301129.SZ,瑞纳智能
仪器仪表,301197.SZ,工大科雅
仪器仪表,301303.SZ,真兰仪表
仪器仪表,301360.SZ,荣旗科技
仪器仪表,301413.SZ,安培龙
仪器仪表,301528.SZ,多浦乐
仪器仪表,301689.SZ,电科思仪
仪器仪表,601222.SH,林洋能源
仪器仪表,603100.SH,川仪股份
仪器仪表,603556.SH,海兴电力
仪器仪表,603662.SH,柯力传感
仪器仪表,603700.SH,宁水集团
仪器仪表,605056.SH,咸亨国际
仪器仪表,688001.SH,华兴源创
仪器仪表,688056.SH,莱伯泰科
仪器仪表,688112.SH,鼎阳科技
仪器仪表,688115.SH,思林杰
仪器仪表,688337.SH,普源精电
仪器仪表,688528.SH,秦川物联
仪器仪表,688583.SH,思看科技
仪器仪表,688597.SH,煜邦电力
仪器仪表,688600.SH,皖仪科技
仪器仪表,688610.SH,埃科光电
仪器仪表,688616.SH,西力科技
仪器仪表,688622.SH,*ST禾信
仪器仪表,688627.SH,精智达
仪器仪表,688628.SH,优利德
仪器仪表,688665.SH,四方光电
仪器仪表,688768.SH,容知日新
仪器仪表,688808.SH,联讯仪器
仪器仪表,688828.SH,国仪公司-U
仪器仪表,920029.BJ,开发科技
仪器仪表,920035.BJ,精创电气
仪器仪表,920363.BJ,莱赛激光
仪器仪表,920407.BJ,驰诚股份
仪器仪表,920476.BJ,海能技术
仪器仪表,920509.BJ,同惠电子
仪器仪表,920556.BJ,雅达股份
仪器仪表,920651.BJ,天罡股份
仪器仪表,920685.BJ,新芝生物
仪器仪表,920879.BJ,基康技术
仪器仪表,920961.BJ,创远信科
会展服务,300795.SZ,米奥会展
会展服务,300860.SZ,锋尚文化
会展服务,600826.SH,兰生股份
住宅开发,000002.SZ,万科A
住宅开发,000006.SZ,深振业A
住宅开发,000011.SZ,深物业A
住宅开发,000014.SZ,沙河股份
住宅开发,000029.SZ,深深房A
住宅开发,000036.SZ,华联控股
住宅开发,000042.SZ,中洲控股
住宅开发,000090.SZ,天健集团
住宅开发,000514.SZ,渝开发
住宅开发,000517.SZ,荣安地产
住宅开发,000573.SZ,粤宏远A
住宅开发,000609.SZ,*ST中迪
住宅开发,000620.SZ,盈新发展
住宅开发,000656.SZ,金科股份
住宅开发,000668.SZ,荣丰控股
住宅开发,000718.SZ,苏宁环球
住宅开发,000736.SZ,中交发展
住宅开发,000797.SZ,中国武夷
住宅开发,000838.SZ,*ST发展
住宅开发,000863.SZ,三湘印象
住宅开发,000897.SZ,津滨发展
住宅开发,000909.SZ,*ST数源
住宅开发,000926.SZ,福星股份
住宅开发,000965.SZ,天保基建
住宅开发,002016.SZ,世荣兆业
住宅开发,002133.SZ,广宇集团
住宅开发,002146.SZ,荣盛发展
住宅开发,002208.SZ,合肥城建
住宅开发,002244.SZ,滨江集团
住宅开发,002314.SZ,南山控股
住宅开发,600048.SH,保利发展
住宅开发,600064.SH,南京高科
住宅开发,600094.SH,大名城
住宅开发,600159.SH,大龙地产
住宅开发,600162.SH,香江控股
住宅开发,600173.SH,卧龙新能
住宅开发,600208.SH,衢州发展
住宅开发,600246.SH,万通发展
住宅开发,600266.SH,城建发展
住宅开发,600322.SH,津投城开
住宅开发,600325.SH,华发股份
住宅开发,600376.SH,首开股份
住宅开发,600383.SH,金地集团
住宅开发,600503.SH,华丽家族
住宅开发,600510.SH,黑牡丹
住宅开发,600515.SH,海南机场
住宅开发,600533.SH,栖霞建设
住宅开发,600606.SH,绿地控股
住宅开发,600622.SH,光大嘉宝
住宅开发,600638.SH,新黄浦
住宅开发,600649.SH,城投控股
住宅开发,600657.SH,信达地产
住宅开发,600665.SH,天地源
住宅开发,600675.SH,中华企业
住宅开发,600683.SH,京投发展
住宅开发,600692.SH,亚通股份
住宅开发,600708.SH,光明地产
住宅开发,600716.SH,凤凰股份
住宅开发,600736.SH,苏州高新
住宅开发,600748.SH,上实发展
住宅开发,600773.SH,西藏城投
住宅开发,600791.SH,京能置业
住宅开发,601588.SH,北辰实业
体外诊断,002022.SZ,科华生物
体外诊断,002030.SZ,达安基因
体外诊断,002432.SZ,九安医疗
体外诊断,002932.SZ,*ST明德
体外诊断,300289.SZ,利德曼
体外诊断,300396.SZ,ST迪瑞
体外诊断,300406.SZ,九强生物
体外诊断,300439.SZ,美康生物
体外诊断,300463.SZ,迈克生物
体外诊断,300482.SZ,万孚生物
体外诊断,300639.SZ,凯普生物
体外诊断,300642.SZ,透景生命
体外诊断,300685.SZ,艾德生物
体外诊断,300832.SZ,新产业
体外诊断,300942.SZ,易瑞生物
体外诊断,600645.SH,中源协和
体外诊断,603387.SH,基蛋生物
体外诊断,603392.SH,万泰生物
体外诊断,603658.SH,安图生物
体外诊断,688067.SH,爱威科技
体外诊断,688068.SH,热景生物
体外诊断,688075.SH,安旭生物
体外诊断,688193.SH,仁度生物
体外诊断,688217.SH,睿昂基因
体外诊断,688253.SH,英诺特
体外诊断,688289.SH,圣湘生物
体外诊断,688298.SH,东方生物
体外诊断,688317.SH,之江生物
体外诊断,688338.SH,赛科希德
体外诊断,688389.SH,普门科技
体外诊断,688393.SH,安必平
体外诊断,688399.SH,硕世生物
体外诊断,688426.SH,康为世纪
体外诊断,688468.SH,科美诊断
体外诊断,688575.SH,亚辉龙
体外诊断,688606.SH,奥泰生物
体外诊断,688656.SH,浩欧博
体外诊断,688767.SH,博拓生物
体外诊断,920009.BJ,丹娜生物
体育Ⅲ,002858.SZ,力盛体育
体育Ⅲ,600158.SH,中体产业
保健品,000639.SZ,ST西王
保健品,002626.SZ,金达威
保健品,300146.SZ,汤臣倍健
保健品,300791.SZ,仙乐健康
保健品,600381.SH,*ST春天
保健品,600530.SH,ST交昂
保健品,603102.SH,百合股份
保健品,603262.SH,技源集团
保健品,920429.BJ,康比特
保险Ⅲ,601318.SH,中国平安
保险Ⅲ,601319.SH,中国人保
保险Ⅲ,601336.SH,新华保险
保险Ⅲ,601601.SH,中国太保
保险Ⅲ,601628.SH,中国人寿
信托,000563.SZ,陕国投A
信托,600517.SH,国网英大
信托,600816.SH,建元信托
光伏加工设备,000821.SZ,ST京机
光伏加工设备,300316.SZ,晶盛机电
光伏加工设备,300724.SZ,捷佳伟创
光伏加工设备,300751.SZ,迈为股份
光伏加工设备,300776.SZ,帝尔激光
光伏加工设备,603396.SH,金辰股份
光伏加工设备,688147.SH,微导纳米
光伏加工设备,688516.SH,奥特维
光伏加工设备,688556.SH,高测股份
光伏加工设备,688726.SH,拉普拉斯
光伏加工设备,920368.BJ,连城数控
光伏加工设备,920414.BJ,欧普泰
光伏发电,000591.SZ,太阳能
光伏发电,002218.SZ,拓日新能
光伏发电,002256.SZ,兆新股份
光伏发电,002310.SZ,东方新能
光伏发电,002480.SZ,新筑股份
光伏发电,002617.SZ,露笑科技
光伏发电,300125.SZ,聆达股份
光伏发电,300317.SZ,珈伟新能
光伏发电,600032.SH,浙江新能
光伏发电,600821.SH,金开新能
光伏发电,601778.SH,晶科科技
光伏发电,601908.SH,京运通
光伏发电,603105.SH,芯能科技
光伏电池组件,002056.SZ,横店东磁
光伏电池组件,002459.SZ,晶澳科技
光伏电池组件,002506.SZ,协鑫集成
光伏电池组件,002865.SZ,钧达股份
光伏电池组件,300051.SZ,琏升科技
光伏电池组件,300080.SZ,易成新能
光伏电池组件,300093.SZ,金刚光伏
光伏电池组件,300118.SZ,东方日升
光伏电池组件,300393.SZ,中来股份
光伏电池组件,300716.SZ,*ST泉为
光伏电池组件,301030.SZ,*ST仕净
光伏电池组件,301168.SZ,通灵股份
光伏电池组件,301278.SZ,快可电子
光伏电池组件,301636.SZ,泽润新能
光伏电池组件,600537.SH,*ST亿晶
光伏电池组件,600732.SH,爱旭股份
光伏电池组件,601012.SH,隆基绿能
光伏电池组件,603778.SH,国晟科技
光伏电池组件,688223.SH,晶科能源
光伏电池组件,688429.SH,时创能源
光伏电池组件,688472.SH,阿特斯
光伏电池组件,688599.SH,天合光能
光伏电池组件,920770.BJ,艾能聚
光伏电池组件,920985.BJ,海泰新能
光伏辅材,000159.SZ,国际实业
光伏辅材,001269.SZ,欧晶科技
光伏辅材,002079.SZ,苏州固锝
光伏辅材,002623.SZ,亚玛顿
光伏辅材,003022.SZ,联泓新科
光伏辅材,300842.SZ,帝科股份
光伏辅材,301266.SZ,宇邦新材
光伏辅材,301697.SZ,贝特利
光伏辅材,600207.SH,安彩高科
光伏辅材,601865.SH,福莱特
光伏辅材,603212.SH,赛伍技术
光伏辅材,603381.SH,永臻股份
光伏辅材,603628.SH,清源股份
光伏辅材,603806.SH,福斯特
光伏辅材,688408.SH,中信博
光伏辅材,688503.SH,聚和材料
光伏辅材,688560.SH,明冠新材
光伏辅材,688680.SH,海优新材
光伏辅材,920007.BJ,酉立智能
光伏辅材,920167.BJ,同享科技
光学元件,001373.SZ,翔腾新材
光学元件,002036.SZ,联创电子
光学元件,002222.SZ,福晶科技
光学元件,002273.SZ,水晶光电
光学元件,002456.SZ,欧菲光
光学元件,002962.SZ,五方光电
光学元件,003015.SZ,日久光电
光学元件,300331.SZ,苏大维格
光学元件,300489.SZ,光智科技
光学元件,300566.SZ,激智科技
光学元件,300701.SZ,森霸传感
光学元件,301183.SZ,东田微
光学元件,301421.SZ,波长光电
光学元件,301479.SZ,弘景光电
光学元件,600071.SH,凤凰光学
光学元件,603297.SH,永新光学
光学元件,605588.SH,冠石科技
光学元件,688010.SH,福光股份
光学元件,688079.SH,美迪凯
光学元件,688127.SH,蓝特光学
光学元件,688195.SH,腾景科技
光学元件,688307.SH,中润光学
光学元件,688322.SH,奥比中光-W
光学元件,688378.SH,奥来德
光学元件,688502.SH,茂莱光学
光学元件,920438.BJ,戈碧迦
公交,002357.SZ,富临运业
公交,600561.SH,江西长运
公交,600611.SH,大众交通
公交,600650.SH,锦江在线
公交,600834.SH,申通地铁
公交,603069.SH,海汽集团
公路货运,002010.SZ,传化智联
公路货运,002682.SZ,龙洲股份
公路货运,603569.SH,长久物流
公路货运,603813.SH,原尚股份
其他专业工程,000032.SZ,深桑达A
其他专业工程,002116.SZ,中国海诚
其他专业工程,002323.SZ,*ST雅博
其他专业工程,002542.SZ,*ST中岩
其他专业工程,003001.SZ,中岩大地
其他专业工程,300712.SZ,永福股份
其他专业工程,300986.SZ,志特新材
其他专业工程,301046.SZ,能辉科技
其他专业工程,601068.SH,中铝国际
其他专业工程,601133.SH,柏诚股份
其他专业工程,601226.SH,华电科工
其他专业工程,601618.SH,中国中冶
其他专业工程,603163.SH,圣晖集成
其他专业工程,603929.SH,亚翔集成
其他专业工程,605178.SH,时空科技
其他专业工程,605289.SH,罗曼股份
其他专业工程,605598.SH,上海港湾
其他专业工程,920019.BJ,铜冠矿建
其他专业服务,002243.SZ,力合科创
其他专业服务,300962.SZ,中金辐照
其他专业服务,301169.SZ,零点有数
其他专业服务,603373.SH,安邦护卫
其他专业服务,920039.BJ,国义招标
其他专用设备,000856.SZ,冀东装备
其他专用设备,001395.SZ,亚联机械
其他专用设备,001400.SZ,江顺科技
其他专用设备,002006.SZ,精工科技
其他专用设备,002009.SZ,天奇股份
其他专用设备,002031.SZ,巨轮智能
其他专用设备,002073.SZ,软控股份
其他专用设备,002337.SZ,赛象科技
其他专用设备,002529.SZ,海源复材
其他专用设备,002530.SZ,金财互联
其他专用设备,002595.SZ,豪迈科技
其他专用设备,002690.SZ,美亚光电
其他专用设备,002757.SZ,南兴股份
其他专用设备,002779.SZ,中坚科技
其他专用设备,002786.SZ,银宝山新
其他专用设备,002816.SZ,*ST和科
其他专用设备,002833.SZ,弘亚数控
其他专用设备,002837.SZ,英维克
其他专用设备,300004.SZ,南风股份
其他专用设备,300103.SZ,达刚控股
其他专用设备,300151.SZ,昌红科技
其他专用设备,300281.SZ,金明精机
其他专用设备,300293.SZ,蓝英装备
其他专用设备,300382.SZ,斯莱克
其他专用设备,300411.SZ,金盾股份
其他专用设备,300412.SZ,迦南科技
其他专用设备,300415.SZ,伊之密
其他专用设备,300471.SZ,厚普股份
其他专用设备,300472.SZ,ST新元
其他专用设备,300499.SZ,高澜股份
其他专用设备,300540.SZ,蜀道装备
其他专用设备,300549.SZ,优德精密
其他专用设备,300756.SZ,金马游乐
其他专用设备,300813.SZ,泰林生物
其他专用设备,300823.SZ,建科智能
其他专用设备,300833.SZ,浩洋股份
其他专用设备,300836.SZ,佰奥智能
其他专用设备,300902.SZ,国安达
其他专用设备,300971.SZ,博亚精工
其他专用设备,300988.SZ,津荣天宇
其他专用设备,301013.SZ,利和兴
其他专用设备,301083.SZ,百胜智能
其他专用设备,301128.SZ,强瑞技术
其他专用设备,301200.SZ,大族数控
其他专用设备,301338.SZ,凯格精机
其他专用设备,301392.SZ,汇成真空
其他专用设备,301598.SZ,博科测试
其他专用设备,600444.SH,国机通用
其他专用设备,600499.SH,科达制造
其他专用设备,600501.SH,航天晨光
其他专用设备,600520.SH,三佳科技
其他专用设备,600579.SH,中化装备
其他专用设备,603011.SH,合锻智能
其他专用设备,603076.SH,乐惠国际
其他专用设备,603081.SH,大丰实业
其他专用设备,603159.SH,上海亚虹
其他专用设备,603289.SH,泰瑞机器
其他专用设备,603656.SH,泰禾智能
其他专用设备,603855.SH,华荣股份
其他专用设备,603895.SH,天永智能
其他专用设备,603956.SH,威派格
其他专用设备,605259.SH,绿田机械
其他专用设备,688022.SH,ST瀚川
其他专用设备,688071.SH,华依科技
其他专用设备,688092.SH,爱科科技
其他专用设备,688113.SH,联测科技
其他专用设备,688128.SH,中国电研
其他专用设备,688162.SH,巨一科技
其他专用设备,688211.SH,中科微至
其他专用设备,688312.SH,燕麦科技
其他专用设备,688328.SH,深科达
其他专用设备,688383.SH,新益昌
其他专用设备,688400.SH,凌云光
其他专用设备,688529.SH,豪森智能
其他专用设备,688531.SH,日联科技
其他专用设备,688596.SH,正帆科技
其他专用设备,688630.SH,芯碁微装
其他专用设备,688648.SH,中邮科技
其他专用设备,688700.SH,东威科技
其他专用设备,688813.SH,泰金新能
其他专用设备,920026.BJ,卓兆点胶
其他专用设备,920061.BJ,西磁科技
其他专用设备,920080.BJ,奥美森
其他专用设备,920091.BJ,大鹏工业
其他专用设备,920112.BJ,巴兰仕
其他专用设备,920156.BJ,海昌智能
其他专用设备,920177.BJ,恒道科技
其他专用设备,920284.BJ,灵鸽科技
其他专用设备,920455.BJ,汇隆活塞
其他专用设备,920475.BJ,三友科技
其他专用设备,920717.BJ,瑞星股份
其他专用设备,920855.BJ,浙江大农
其他专用设备,920856.BJ,浩淼科技
其他养殖,002321.SZ,华英农业
其他养殖,300313.SZ,天山生物
其他养殖,600965.SH,*ST福成
其他农产品加工,000911.SZ,*ST广糖
其他农产品加工,000930.SZ,中粮科技
其他农产品加工,001338.SZ,永顺泰
其他农产品加工,002086.SZ,东方海洋
其他农产品加工,002286.SZ,保龄宝
其他农产品加工,002481.SZ,双塔食品
其他农产品加工,003030.SZ,祖名股份
其他农产品加工,300138.SZ,晨光生物
其他农产品加工,300268.SZ,佳沃食品
其他农产品加工,600191.SH,华资实业
其他农产品加工,600737.SH,中粮糖业
其他农产品加工,920273.BJ,一致魔芋
其他农产品加工,920371.BJ,欧福蛋业
其他化学制品,000881.SZ,中广核技
其他化学制品,001218.SZ,丽臣实业
其他化学制品,001358.SZ,兴欣新材
其他化学制品,002430.SZ,杭氧股份
其他化学制品,002453.SZ,华软科技
其他化学制品,002455.SZ,百川股份
其他化学制品,002549.SZ,凯美特气
其他化学制品,002591.SZ,恒大高新
其他化学制品,002637.SZ,赞宇科技
其他化学制品,002666.SZ,德联集团
其他化学制品,002802.SZ,洪汇新材
其他化学制品,002809.SZ,红墙股份
其他化学制品,002810.SZ,山东赫达
其他化学制品,002971.SZ,和远气体
其他化学制品,300072.SZ,海新能科
其他化学制品,300109.SZ,新开源
其他化学制品,300163.SZ,先锋新材
其他化学制品,300169.SZ,天晟新材
其他化学制品,300174.SZ,元力股份
其他化学制品,300214.SZ,日科化学
其他化学制品,300405.SZ,科隆股份
其他化学制品,300535.SZ,达威股份
其他化学制品,300596.SZ,利安隆
其他化学制品,300610.SZ,晨化股份
其他化学制品,300637.SZ,扬帆新材
其他化学制品,300641.SZ,正丹股份
其他化学制品,300721.SZ,怡达股份
其他化学制品,300801.SZ,泰和科技
其他化学制品,300910.SZ,瑞丰新材
其他化学制品,301059.SZ,金三江
其他化学制品,301076.SZ,新瀚新材
其他化学制品,301077.SZ,星华新材
其他化学制品,301100.SZ,风光股份
其他化学制品,301149.SZ,隆华新材
其他化学制品,301212.SZ,联盛化学
其他化学制品,301286.SZ,侨源股份
其他化学制品,301373.SZ,凌玮科技
其他化学制品,301518.SZ,长华化学
其他化学制品,301617.SZ,博苑新材
其他化学制品,301688.SZ,格林生物
其他化学制品,600165.SH,宁科生物
其他化学制品,600273.SH,嘉化能源
其他化学制品,600500.SH,中化国际
其他化学制品,603004.SH,鼎龙科技
其他化学制品,603010.SH,万盛股份
其他化学制品,603065.SH,宿迁联盛
其他化学制品,603120.SH,肯特催化
其他化学制品,603125.SH,常青科技
其他化学制品,603181.SH,皇马科技
其他化学制品,603217.SH,元利科技
其他化学制品,603255.SH,鼎际得
其他化学制品,603276.SH,恒兴新材
其他化学制品,603285.SH,键邦股份
其他化学制品,603334.SH,丰倍生物
其他化学制品,603722.SH,阿科力
其他化学制品,603822.SH,ST嘉澳
其他化学制品,603867.SH,新化股份
其他化学制品,603916.SH,苏博特
其他化学制品,603948.SH,建业股份
其他化学制品,605366.SH,宏柏新材
其他化学制品,688065.SH,凯赛生物
其他化学制品,688133.SH,泰坦科技
其他化学制品,688179.SH,阿拉丁
其他化学制品,688196.SH,卓越新能
其他化学制品,688199.SH,久日新材
其他化学制品,688267.SH,中触媒
其他化学制品,688269.SH,凯立新材
其他化学制品,688350.SH,富淼科技
其他化学制品,688357.SH,建龙微纳
其他化学制品,688398.SH,赛特新材
其他化学制品,688602.SH,康鹏科技
其他化学制品,688625.SH,呈和科技
其他化学制品,688659.SH,元琛科技
其他化学制品,920033.BJ,康普化学
其他化学制品,920038.BJ,森合高科
其他化学制品,920099.BJ,瑞华技术
其他化学制品,920193.BJ,吉和昌
其他化学制品,920258.BJ,聚仁新材
其他化学制品,920402.BJ,硅烷科技
其他化学制品,920471.BJ,美邦科技
其他化学制品,920519.BJ,万德股份
其他化学制品,920957.BJ,汉维科技
其他化学制品,920974.BJ,凯大催化
其他化学原料,000691.SZ,亚太实业
其他化学原料,001217.SZ,华尔泰
其他化学原料,002109.SZ,ST兴化
其他化学原料,002648.SZ,卫星化学
其他化学原料,300082.SZ,奥克股份
其他化学原料,300927.SZ,江天化学
其他化学原料,301069.SZ,凯盛新材
其他化学原料,301118.SZ,恒光股份
其他化学原料,301190.SZ,善水科技
其他化学原料,600423.SH,*ST柳化
其他化学原料,600610.SH,中毅达
其他化学原料,600955.SH,维远股份
其他化学原料,603113.SH,金能科技
其他化学原料,603938.SH,三孚股份
其他化学原料,920304.BJ,迪尔化工
其他化学原料,920489.BJ,佳先股份
其他化学纤维,001369.SZ,双欣材料
其他化学纤维,002254.SZ,泰和新材
其他化学纤维,300876.SZ,蒙泰高新
其他化学纤维,300905.SZ,宝丽迪
其他化学纤维,600063.SH,皖维高新
其他化学纤维,688295.SH,中复神鹰
其他化学纤维,688722.SH,同益中
其他化学纤维,920077.BJ,吉林碳谷
其他医疗服务,000504.SZ,南华生物
其他医疗服务,688315.SH,诺禾致源
其他塑料制品,002108.SZ,沧州明珠
其他塑料制品,002825.SZ,纳尔股份
其他塑料制品,300180.SZ,华峰超纤
其他塑料制品,300218.SZ,安利股份
其他塑料制品,300230.SZ,永利股份
其他塑料制品,300243.SZ,瑞丰高材
其他塑料制品,300539.SZ,横河精密
其他塑料制品,300717.SZ,华信新材
其他塑料制品,300920.SZ,润阳科技
其他塑料制品,300980.SZ,祥源新材
其他塑料制品,301019.SZ,宁波色母
其他塑料制品,301090.SZ,华润材料
其他塑料制品,301196.SZ,唯科科技
其他塑料制品,301216.SZ,万凯新材
其他塑料制品,301591.SZ,肯特股份
其他塑料制品,603150.SH,万朗磁塑
其他塑料制品,603330.SH,天洋新材
其他塑料制品,603580.SH,艾艾精工
其他塑料制品,605008.SH,长鸿高科
其他塑料制品,920028.BJ,新恒泰
其他塑料制品,920056.BJ,能之光
其他家居用品,001211.SZ,双枪科技
其他家居用品,001216.SZ,华瓷股份
其他家居用品,001221.SZ,悍高集团
其他家居用品,001356.SZ,富岭股份
其他家居用品,002571.SZ,德力股份
其他家居用品,002615.SZ,哈尔斯
其他家居用品,300640.SZ,德艺文创
其他家居用品,300729.SZ,乐歌股份
其他家居用品,300993.SZ,玉马科技
其他家居用品,301004.SZ,嘉益股份
其他家居用品,301055.SZ,张小泉
其他家居用品,301113.SZ,雅艺科技
其他家居用品,301193.SZ,家联科技
其他家居用品,301501.SZ,恒鑫生活
其他家居用品,301595.SZ,太力科技
其他家居用品,601996.SH,丰林集团
其他家居用品,603021.SH,*ST华鹏
其他家居用品,603195.SH,公牛集团
其他家居用品,603272.SH,*ST联翔
其他家居用品,603615.SH,茶花股份
其他家居用品,603838.SH,*ST四通
其他家居用品,605099.SH,共创草坪
其他家居用品,605155.SH,西大门
其他家居用品,688087.SH,英科再生
其他家居用品,920218.BJ,新天力
其他家电Ⅲ,002614.SZ,奥佳华
其他家电Ⅲ,300247.SZ,融捷健康
其他家电Ⅲ,603579.SH,荣泰健康
其他小金属,000960.SZ,锡业股份
其他小金属,000962.SZ,东方钽业
其他小金属,002149.SZ,西部材料
其他小金属,002167.SZ,东方锆业
其他小金属,002182.SZ,宝武镁业
其他小金属,002428.SZ,云南锗业
其他小金属,002738.SZ,中矿资源
其他小金属,002978.SZ,安宁股份
其他小金属,301026.SZ,浩通科技
其他小金属,600281.SH,华阳新材
其他小金属,600301.SH,华锡有色
其他小金属,600456.SH,宝钛股份
其他小金属,600459.SH,贵研铂业
其他小金属,603407.SH,长裕集团
其他小金属,688750.SH,金天钛业
其他小金属,920068.BJ,天工股份
其他小金属,920071.BJ,金钛股份
其他建材,000055.SZ,方大集团
其他建材,000619.SZ,海螺新材
其他建材,000786.SZ,北新建材
其他建材,001212.SZ,中旗新材
其他建材,002043.SZ,兔宝宝
其他建材,002247.SZ,聚力文化
其他建材,002333.SZ,罗普斯金
其他建材,002398.SZ,垒知集团
其他建材,002652.SZ,扬子新材
其他建材,002718.SZ,友邦吊顶
其他建材,002785.SZ,万里石
其他建材,002791.SZ,坚朗五金
其他建材,300234.SZ,开尔新材
其他建材,301010.SZ,晶雪节能
其他建材,301429.SZ,森泰股份
其他建材,603038.SH,华立股份
其他建材,605318.SH,法狮龙
其他数字媒体,301313.SZ,凡拓数创
其他数字媒体,600640.SH,国脉文化
其他数字媒体,603466.SH,风语筑
其他橡胶制品,001325.SZ,元创股份
其他橡胶制品,002224.SZ,三力士
其他橡胶制品,002381.SZ,双箭股份
其他橡胶制品,300320.SZ,海达股份
其他橡胶制品,300587.SZ,天铁科技
其他橡胶制品,300731.SZ,科创新源
其他橡胶制品,300767.SZ,震安科技
其他橡胶制品,301459.SZ,丰茂股份
其他橡胶制品,603033.SH,三维股份
其他橡胶制品,920098.BJ,科隆新材
其他橡胶制品,920188.BJ,悦龙科技
其他橡胶制品,920225.BJ,利通科技
其他橡胶制品,920665.BJ,科强股份
其他橡胶制品,920694.BJ,中裕科技
其他橡胶制品,920834.BJ,三维装备
其他汽车零部件,000887.SZ,中鼎股份
其他汽车零部件,001311.SZ,多利科技
其他汽车零部件,002101.SZ,广东鸿图
其他汽车零部件,002190.SZ,成飞集成
其他汽车零部件,002328.SZ,新朋股份
其他汽车零部件,002510.SZ,天汽模
其他汽车零部件,002547.SZ,*ST春兴
其他汽车零部件,002765.SZ,蓝黛科技
其他汽车零部件,002921.SZ,联诚精密
其他汽车零部件,002965.SZ,祥鑫科技
其他汽车零部件,002976.SZ,瑞玛精密
其他汽车零部件,002997.SZ,瑞鹄模具
其他汽车零部件,300237.SZ,ST美晨
其他汽车零部件,300473.SZ,德尔股份
其他汽车零部件,300643.SZ,万通智控
其他汽车零部件,300707.SZ,威唐工业
其他汽车零部件,300816.SZ,艾可蓝
其他汽车零部件,300912.SZ,凯龙高科
其他汽车零部件,300926.SZ,博俊科技
其他汽车零部件,300969.SZ,恒帅股份
其他汽车零部件,300998.SZ,宁波方正
其他汽车零部件,301000.SZ,肇民科技
其他汽车零部件,301005.SZ,超捷股份
其他汽车零部件,301022.SZ,海泰科
其他汽车零部件,301181.SZ,标榜股份
其他汽车零部件,301186.SZ,超达装备
其他汽车零部件,301233.SZ,盛帮股份
其他汽车零部件,301298.SZ,东利机械
其他汽车零部件,301535.SZ,浙江华远
其他汽车零部件,301613.SZ,新铝时代
其他汽车零部件,301680.SZ,固德电材
其他汽车零部件,600480.SH,凌云股份
其他汽车零部件,600523.SH,贵航股份
其他汽车零部件,601279.SH,英利汽车
其他汽车零部件,603006.SH,联明股份
其他汽车零部件,603048.SH,浙江黎明
其他汽车零部件,603109.SH,神驰机电
其他汽车零部件,603119.SH,浙江荣泰
其他汽车零部件,603190.SH,亚通精工
其他汽车零部件,603197.SH,保隆科技
其他汽车零部件,603201.SH,常润股份
其他汽车零部件,603210.SH,泰鸿万立
其他汽车零部件,603211.SH,晋拓股份
其他汽车零部件,603239.SH,浙江仙通
其他汽车零部件,603348.SH,文灿股份
其他汽车零部件,603352.SH,至信股份
其他汽车零部件,603358.SH,华达科技
其他汽车零部件,603655.SH,朗博科技
其他汽车零部件,603768.SH,常青股份
其他汽车零部件,603917.SH,合力科技
其他汽车零部件,603922.SH,ST金鸿顺
其他汽车零部件,605018.SH,长华集团
其他汽车零部件,605319.SH,无锡振华
其他汽车零部件,688021.SH,奥福科技
其他汽车零部件,688737.SH,中自科技
其他汽车零部件,920221.BJ,易实精密
其他汽车零部件,920247.BJ,华密新材
其他生物制品,000518.SZ,四环生物
其他生物制品,000534.SZ,万泽股份
其他生物制品,000661.SZ,长春高新
其他生物制品,002581.SZ,*ST未名
其他生物制品,002773.SZ,康弘药业
其他生物制品,300009.SZ,安科生物
其他生物制品,300239.SZ,东宝生物
其他生物制品,300357.SZ,我武生物
其他生物制品,300485.SZ,赛升药业
其他生物制品,301047.SZ,义翘神州
其他生物制品,301080.SZ,百普赛斯
其他生物制品,301166.SZ,优宁维
其他生物制品,301393.SZ,昊帆生物
其他生物制品,600211.SH,西藏药业
其他生物制品,600867.SH,通化东宝
其他生物制品,603087.SH,甘李药业
其他生物制品,603590.SH,康辰药业
其他生物制品,688105.SH,诺唯赞
其他生物制品,688136.SH,科兴制药
其他生物制品,688137.SH,近岸蛋白
其他生物制品,688163.SH,赛伦生物
其他生物制品,688177.SH,百奥泰
其他生物制品,688180.SH,君实生物-U
其他生物制品,688278.SH,特宝生物
其他生物制品,688293.SH,奥浦迈
其他生物制品,688331.SH,荣昌生物
其他生物制品,688336.SH,三生国健
其他生物制品,688443.SH,智翔金泰-U
其他生物制品,688488.SH,艾迪药业
其他生物制品,688520.SH,神州细胞
其他生物制品,688687.SH,凯因科技
其他生物制品,688806.SH,泰诺麦博-U
其他生物制品,688837.SH,C信诺维
其他生物制品,920047.BJ,诺思兰德
其他生物制品,920344.BJ,三元基因
其他生物制品,920547.BJ,无锡晶海
其他电子Ⅲ,000062.SZ,深圳华强
其他电子Ⅲ,000670.SZ,盈方微
其他电子Ⅲ,001287.SZ,中电港
其他电子Ⅲ,001298.SZ,好上好
其他电子Ⅲ,002130.SZ,沃尔核材
其他电子Ⅲ,002161.SZ,远望谷
其他电子Ⅲ,002388.SZ,新亚制程
其他电子Ⅲ,002729.SZ,好利科技
其他电子Ⅲ,002782.SZ,可立克
其他电子Ⅲ,002859.SZ,洁美科技
其他电子Ⅲ,002885.SZ,京泉华
其他电子Ⅲ,002922.SZ,伊戈尔
其他电子Ⅲ,300131.SZ,英唐智控
其他电子Ⅲ,300184.SZ,力源信息
其他电子Ⅲ,300475.SZ,香农芯创
其他电子Ⅲ,300493.SZ,润欣科技
其他电子Ⅲ,300516.SZ,久之洋
其他电子Ⅲ,300650.SZ,太龙股份
其他电子Ⅲ,300656.SZ,民德电子
其他电子Ⅲ,300736.SZ,百邦科技
其他电子Ⅲ,300991.SZ,创益通
其他电子Ⅲ,301031.SZ,中熔电气
其他电子Ⅲ,301099.SZ,雅创电子
其他电子Ⅲ,301275.SZ,汉朔科技
其他电子Ⅲ,301328.SZ,维峰电子
其他电子Ⅲ,301359.SZ,东南电子
其他电子Ⅲ,301563.SZ,云汉芯城
其他电子Ⅲ,600353.SH,旭光电子
其他电子Ⅲ,603933.SH,睿能科技
其他电子Ⅲ,688093.SH,世华科技
其他电子Ⅲ,688103.SH,国力电子
其他电子Ⅲ,688662.SH,富信科技
其他电子Ⅲ,688800.SH,瑞可达
其他电子Ⅲ,920181.BJ,赛英电子
其他电源设备Ⅲ,002052.SZ,同洲电子
其他电源设备Ⅲ,002227.SZ,*ST特迅
其他电源设备Ⅲ,002335.SZ,科华数据
其他电源设备Ⅲ,002364.SZ,中恒电气
其他电源设备Ⅲ,002366.SZ,融发核电
其他电源设备Ⅲ,002518.SZ,科士达
其他电源设备Ⅲ,002851.SZ,麦格米特
其他电源设备Ⅲ,002951.SZ,金时科技
其他电源设备Ⅲ,300153.SZ,科泰电源
其他电源设备Ⅲ,300376.SZ,易事特
其他电源设备Ⅲ,300491.SZ,通合科技
其他电源设备Ⅲ,300593.SZ,新雷能
其他电源设备Ⅲ,300693.SZ,盛弘股份
其他电源设备Ⅲ,300713.SZ,英可瑞
其他电源设备Ⅲ,300820.SZ,英杰电气
其他电源设备Ⅲ,300870.SZ,欧陆通
其他电源设备Ⅲ,301157.SZ,华塑科技
其他电源设备Ⅲ,301516.SZ,中远通
其他电源设备Ⅲ,301590.SZ,优优绿能
其他电源设备Ⅲ,301669.SZ,高特电子
其他电源设备Ⅲ,600212.SH,绿能慧充
其他电源设备Ⅲ,600405.SH,动力源
其他电源设备Ⅲ,600482.SH,中国动力
其他电源设备Ⅲ,600590.SH,泰豪科技
其他电源设备Ⅲ,688411.SH,海博思创
其他电源设备Ⅲ,688551.SH,科威尔
其他电源设备Ⅲ,688719.SH,爱科赛博
其他电源设备Ⅲ,920110.BJ,雷特科技
其他石化,000637.SZ,茂化实华
其他石化,000819.SZ,岳阳兴长
其他石化,000985.SZ,大庆华科
其他石化,002221.SZ,东华能源
其他石化,002377.SZ,国创高新
其他石化,002408.SZ,齐翔腾达
其他石化,002476.SZ,新叶股份
其他石化,002986.SZ,宇新股份
其他石化,300055.SZ,万邦达
其他石化,300135.SZ,宝利国际
其他石化,300839.SZ,博汇股份
其他石化,600800.SH,渤海化学
其他石化,601233.SH,桐昆股份
其他石化,603798.SH,康普顿
其他种植业,002215.SZ,诺普信
其他种植业,600108.SH,亚盛集团
其他种植业,600359.SH,新农开发
其他种植业,600540.SH,新赛股份
其他种植业,601118.SH,海南橡胶
其他种植业,603336.SH,宏辉果蔬
其他纺织,000955.SZ,欣龙控股
其他纺织,001312.SZ,福恩股份
其他纺织,001390.SZ,古麒绒材
其他纺织,002144.SZ,宏达高科
其他纺织,300819.SZ,聚杰微纤
其他纺织,300877.SZ,金春股份
其他纺织,300918.SZ,南山智尚
其他纺织,301066.SZ,万事利
其他纺织,600156.SH,华升股份
其他纺织,600527.SH,江南高纤
其他纺织,601599.SH,浙文影业
其他纺织,603055.SH,台华新材
其他纺织,603130.SH,云中马
其他纺织,603238.SH,诺邦股份
其他纺织,603889.SH,新澳股份
其他纺织,605180.SH,华生科技
其他能源发电,002616.SZ,长青集团
其他自动化设备,001223.SZ,欧克科技
其他自动化设备,300097.SZ,智云股份
其他自动化设备,300400.SZ,劲拓股份
其他自动化设备,300461.SZ,田中精机
其他自动化设备,300486.SZ,东杰智能
其他自动化设备,300757.SZ,罗博特科
其他自动化设备,300802.SZ,矩子科技
其他自动化设备,301029.SZ,怡合达
其他自动化设备,301312.SZ,智立方
其他自动化设备,301512.SZ,智信精密
其他自动化设备,301568.SZ,思泰克
其他自动化设备,603082.SH,北自科技
其他自动化设备,605186.SH,健麾信息
其他自动化设备,688003.SH,天准科技
其他自动化设备,688097.SH,博众精工
其他自动化设备,688125.SH,安达智能
其他自动化设备,688215.SH,瑞晟智能
其他自动化设备,688306.SH,均普智能
其他自动化设备,688310.SH,迈得医疗
其他自动化设备,688329.SH,艾隆科技
其他自动化设备,688455.SH,科捷智能
其他自动化设备,688623.SH,双元科技
其他自动化设备,688686.SH,奥普特
其他自动化设备,688816.SH,易思维
其他自动化设备,688835.SH,高凯技术
其他自动化设备,920096.BJ,嘉晨智能
其他自动化设备,920125.BJ,鸿仕达
其他自动化设备,920178.BJ,锐翔智能
其他自动化设备,920396.BJ,常辅股份
其他计算机设备,000066.SZ,中国长城
其他计算机设备,000977.SZ,浪潮信息
其他计算机设备,000997.SZ,新大陆
其他计算机设备,001229.SZ,魅视科技
其他计算机设备,001339.SZ,智微智能
其他计算机设备,002152.SZ,广电运通
其他计算机设备,002180.SZ,奔图科技
其他计算机设备,002197.SZ,证通电子
其他计算机设备,002268.SZ,电科网安
其他计算机设备,002376.SZ,新北洋
其他计算机设备,002512.SZ,ST达华
其他计算机设备,002577.SZ,雷柏科技
其他计算机设备,002869.SZ,金溢科技
其他计算机设备,002912.SZ,中新赛克
其他计算机设备,002970.SZ,锐明技术
其他计算机设备,002990.SZ,盛视科技
其他计算机设备,300042.SZ,朗科科技
其他计算机设备,300130.SZ,新国都
其他计算机设备,300248.SZ,新开普
其他计算机设备,300249.SZ,依米康
其他计算机设备,300302.SZ,同有科技
其他计算机设备,300324.SZ,旋极信息
其他计算机设备,300333.SZ,兆日科技
其他计算机设备,300368.SZ,汇金股份
其他计算机设备,300386.SZ,飞天诚信
其他计算机设备,300455.SZ,航天智装
其他计算机设备,300462.SZ,ST华铭
其他计算机设备,300479.SZ,神思电子
其他计算机设备,300508.SZ,维宏股份
其他计算机设备,300531.SZ,优博讯
其他计算机设备,300546.SZ,雄帝科技
其他计算机设备,300551.SZ,古鳌科技
其他计算机设备,300552.SZ,万集科技
其他计算机设备,300645.SZ,正元智慧
其他计算机设备,300659.SZ,中孚信息
其他计算机设备,300743.SZ,天地数码
其他计算机设备,300771.SZ,智莱科技
其他计算机设备,300789.SZ,唐源电气
其他计算机设备,300807.SZ,天迈科技
其他计算机设备,300845.SZ,捷安高科
其他计算机设备,300847.SZ,中船汉光
其他计算机设备,300941.SZ,创识科技
其他计算机设备,301339.SZ,通行宝
其他计算机设备,301391.SZ,卡莱特
其他计算机设备,301503.SZ,智迪科技
其他计算机设备,301589.SZ,诺瓦星云
其他计算机设备,301600.SZ,慧翰股份
其他计算机设备,301608.SZ,博实结
其他计算机设备,600100.SH,同方股份
其他计算机设备,603019.SH,中科曙光
其他计算机设备,603106.SH,恒银科技
其他计算机设备,603496.SH,恒为科技
其他计算机设备,603516.SH,淳中科技
其他计算机设备,603660.SH,苏州科达
其他计算机设备,688060.SH,云涌科技
其他计算机设备,688188.SH,柏楚电子
其他计算机设备,688208.SH,道通科技
其他计算机设备,688288.SH,鸿泉技术
其他计算机设备,688292.SH,浩瀚深度
其他计算机设备,920090.BJ,*ST同辉
其他计算机设备,920190.BJ,雷神科技
其他计算机设备,920808.BJ,曙光数创
其他运输设备,002105.SZ,信隆健康
其他运输设备,300994.SZ,久祺股份
其他运输设备,301322.SZ,绿通科技
其他运输设备,600099.SH,林海股份
其他运输设备,600679.SH,上海凤凰
其他运输设备,600818.SH,ST中路
其他运输设备,603468.SH,津富士达
其他运输设备,603529.SH,爱玛科技
其他运输设备,689009.SH,九号公司-WD
其他通信设备,300183.SZ,东软载波
其他通信设备,300213.SZ,佳讯飞鸿
其他通信设备,300353.SZ,东土科技
其他通信设备,300414.SZ,中光防雷
其他通信设备,300711.SZ,广哈通信
其他通信设备,301202.SZ,朗威股份
其他通信设备,600345.SH,长江通信
其他通信设备,600776.SH,东方通信
其他通信设备,688080.SH,映翰通
其他通信设备,688283.SH,坤恒顺维
其他通信设备,688418.SH,震有科技
其他通信设备,920374.BJ,云里物里
其他通用设备,000880.SZ,潍柴重机
其他通用设备,001696.SZ,宗申动力
其他通用设备,002272.SZ,川润股份
其他通用设备,002444.SZ,巨星科技
其他通用设备,002598.SZ,ST章鼓
其他通用设备,002884.SZ,凌霄泵业
其他通用设备,300091.SZ,*ST金灵
其他通用设备,300126.SZ,锐奇股份
其他通用设备,300145.SZ,南方泵业
其他通用设备,300154.SZ,瑞凌股份
其他通用设备,300157.SZ,新锦动力
其他通用设备,300193.SZ,佳士科技
其他通用设备,300257.SZ,开山股份
其他通用设备,300263.SZ,隆华科技
其他通用设备,300420.SZ,五洋自控
其他通用设备,300441.SZ,鲍斯股份
其他通用设备,300470.SZ,中密控股
其他通用设备,300503.SZ,昊志机电
其他通用设备,300984.SZ,金沃股份
其他通用设备,300992.SZ,泰福泵业
其他通用设备,301028.SZ,鼎熔岩
其他通用设备,301032.SZ,新柴股份
其他通用设备,301107.SZ,瑜欣电子
其他通用设备,301125.SZ,腾亚精工
其他通用设备,301273.SZ,瑞晨环保
其他通用设备,301311.SZ,昆船智能
其他通用设备,301317.SZ,鑫磊股份
其他通用设备,301353.SZ,普莱得
其他通用设备,301448.SZ,开创电气
其他通用设备,301468.SZ,博盈特焊
其他通用设备,301616.SZ,浙江华业
其他通用设备,600243.SH,*ST海华
其他通用设备,600343.SH,航天动力
其他通用设备,603090.SH,宏盛股份
其他通用设备,603131.SH,上海沪工
其他通用设备,603269.SH,海鸥股份
其他通用设备,603279.SH,景津装备
其他通用设备,603331.SH,百达精工
其他通用设备,603617.SH,君禾股份
其他通用设备,603757.SH,大元泵业
其他通用设备,605060.SH,联德股份
其他通用设备,688333.SH,铂力特
其他通用设备,688360.SH,德马科技
其他通用设备,688433.SH,华曙高科
其他通用设备,688448.SH,磁谷科技
其他通用设备,688557.SH,兰剑智能
其他通用设备,920570.BJ,坤博精工
其他通用设备,920662.BJ,方盛股份
其他通用设备,920689.BJ,克莱特
其他通用设备,920833.BJ,美心翼申
其他通用设备,920950.BJ,迅安科技
其他酒类,000869.SZ,张裕A
其他酒类,002568.SZ,百润股份
其他酒类,600059.SH,古越龙山
其他酒类,600084.SH,*ST尼雅
其他酒类,600238.SH,ST椰岛
其他酒类,600543.SH,*ST莫高
其他酒类,600616.SH,金枫酒业
其他酒类,601579.SH,会稽山
其他酒类,603779.SH,威龙股份
其他金属新材料,000633.SZ,合金投资
其他金属新材料,000969.SZ,安泰科技
其他金属新材料,300855.SZ,图南股份
其他金属新材料,300930.SZ,屹通新材
其他金属新材料,300963.SZ,中洲特材
其他金属新材料,301522.SZ,上大股份
其他金属新材料,600255.SH,鑫科材料
其他金属新材料,601137.SH,博威合金
其他金属新材料,603045.SH,福达合金
其他金属新材料,603124.SH,江南新材
其他金属新材料,603978.SH,深圳新星
其他金属新材料,605158.SH,华达新材
其他金属新材料,688102.SH,斯瑞新材
其他金属新材料,688190.SH,云路股份
其他金属新材料,688231.SH,隆达股份
其他金属新材料,688456.SH,有研粉材
其他金属新材料,688811.SH,有研复材
其他金属新材料,920078.BJ,族兴新材
其他金属新材料,920576.BJ,天力复合
其他金属新材料,920751.BJ,惠同新材
其他饰品,600439.SH,ST瑞贝卡
其他饰品,600735.SH,ST新华锦
其他黑色家电,000801.SZ,四川九洲
其他黑色家电,000810.SZ,创维数字
其他黑色家电,301578.SZ,辰奕智能
其他黑色家电,688609.SH,九联科技
其他黑色家电,688696.SH,极米科技
军工电子Ⅲ,000547.SZ,航天发展
军工电子Ⅲ,000733.SZ,振华科技
军工电子Ⅲ,001270.SZ,铖昌科技
军工电子Ⅲ,002025.SZ,航天电器
军工电子Ⅲ,002151.SZ,北斗星通
军工电子Ⅲ,002179.SZ,中航光电
军工电子Ⅲ,002189.SZ,中光学
军工电子Ⅲ,002214.SZ,大立科技
军工电子Ⅲ,002338.SZ,奥普光电
军工电子Ⅲ,002383.SZ,合众思壮
军工电子Ⅲ,002413.SZ,雷科防务
军工电子Ⅲ,002414.SZ,高德红外
军工电子Ⅲ,002446.SZ,盛路通信
军工电子Ⅲ,002465.SZ,海格通信
军工电子Ⅲ,002935.SZ,天奥电子
军工电子Ⅲ,002977.SZ,*ST天箭
军工电子Ⅲ,300045.SZ,华力创通
军工电子Ⅲ,300101.SZ,振芯科技
军工电子Ⅲ,300123.SZ,ST亚光
军工电子Ⅲ,300177.SZ,中海达
军工电子Ⅲ,300252.SZ,金信诺
军工电子Ⅲ,300397.SZ,天和防务
军工电子Ⅲ,300447.SZ,全信股份
军工电子Ⅲ,300474.SZ,景嘉微
军工电子Ⅲ,300629.SZ,新劲刚
军工电子Ⅲ,300726.SZ,宏达电子
军工电子Ⅲ,300762.SZ,上海瀚讯
军工电子Ⅲ,301050.SZ,雷电微力
军工电子Ⅲ,301213.SZ,观想科技
军工电子Ⅲ,301302.SZ,华如科技
军工电子Ⅲ,301306.SZ,西测测试
军工电子Ⅲ,301517.SZ,陕西华达
军工电子Ⅲ,301571.SZ,国科天成
军工电子Ⅲ,301592.SZ,六九一二
军工电子Ⅲ,301682.SZ,宏明电子
军工电子Ⅲ,301707.SZ,展芯股份
军工电子Ⅲ,600562.SH,国睿科技
军工电子Ⅲ,600855.SH,航天长峰
军工电子Ⅲ,600990.SH,四创电子
军工电子Ⅲ,603267.SH,鸿远电子
军工电子Ⅲ,603678.SH,火炬电子
军工电子Ⅲ,603712.SH,七一二
军工电子Ⅲ,688011.SH,新光光电
军工电子Ⅲ,688053.SH,ST思科瑞
军工电子Ⅲ,688081.SH,兴图新科
军工电子Ⅲ,688084.SH,晶品特装
军工电子Ⅲ,688132.SH,邦彦技术
军工电子Ⅲ,688175.SH,高凌信息
军工电子Ⅲ,688272.SH,富吉瑞
军工电子Ⅲ,688311.SH,盟升电子
军工电子Ⅲ,688375.SH,国博电子
军工电子Ⅲ,688439.SH,振华风光
军工电子Ⅲ,688511.SH,天微电子
军工电子Ⅲ,688522.SH,纳睿雷达
军工电子Ⅲ,688552.SH,航天南湖
军工电子Ⅲ,688629.SH,华丰科技
军工电子Ⅲ,688636.SH,智明达
军工电子Ⅲ,688682.SH,霍莱沃
军工电子Ⅲ,688776.SH,国光电气
军工电子Ⅲ,688788.SH,科思科技
军工电子Ⅲ,920008.BJ,成电光信
农业综合Ⅲ,002556.SZ,辉隆股份
农业综合Ⅲ,300021.SZ,大禹节水
农业综合Ⅲ,920964.BJ,润农节水
农商行Ⅲ,002807.SZ,江阴银行
农商行Ⅲ,002839.SZ,张家港行
农商行Ⅲ,002958.SZ,青农商行
农商行Ⅲ,600908.SH,无锡银行
农商行Ⅲ,601077.SH,渝农商行
农商行Ⅲ,601128.SH,常熟银行
农商行Ⅲ,601528.SH,瑞丰银行
农商行Ⅲ,601825.SH,沪农商行
农商行Ⅲ,601860.SH,紫金银行
农商行Ⅲ,603323.SH,苏农银行
农用机械,002890.SZ,弘宇股份
农用机械,300159.SZ,新研股份
农用机械,300879.SZ,大叶股份
农用机械,301260.SZ,格力博
农用机械,301533.SZ,威马农机
农用机械,601038.SH,一拖股份
农用机械,603029.SH,天鹅股份
农用机械,603789.SH,ST星农
农用机械,920608.BJ,丰安股份
农用机械,920895.BJ,花溪科技
农药,000525.SZ,红太阳
农药,000553.SZ,安道麦A
农药,001231.SZ,农心科技
农药,002250.SZ,联化科技
农药,002258.SZ,利尔化学
农药,002391.SZ,长青股份
农药,002496.SZ,辉丰股份
农药,002513.SZ,蓝丰生化
农药,002734.SZ,利民股份
农药,002749.SZ,国光股份
农药,002942.SZ,新农股份
农药,003042.SZ,中农联合
农药,300261.SZ,雅本化学
农药,300575.SZ,中旗股份
农药,300796.SZ,贝斯美
农药,300804.SZ,广康生化
农药,301035.SZ,润丰股份
农药,301665.SZ,泰禾股份
农药,600389.SH,江山股份
农药,600486.SH,扬农化工
农药,600596.SH,新安股份
农药,600731.SH,湖南海利
农药,603086.SH,先达股份
农药,603360.SH,百傲化学
农药,603585.SH,苏利股份
农药,603599.SH,广信股份
农药,603639.SH,海利尔
农药,603810.SH,丰山集团
农药,603970.SH,中农立华
农药,605033.SH,美邦股份
农药,920819.BJ,颖泰生物
农药,920866.BJ,绿亨科技
冰洗,000016.SZ,*ST康佳A
冰洗,000521.SZ,长虹美菱
冰洗,001387.SZ,雪祺电气
冰洗,002668.SZ,TCL智家
冰洗,600336.SH,澳柯玛
冰洗,600690.SH,海尔智家
冰洗,600983.SH,惠而浦
冶钢辅料,000629.SZ,钒钛股份
冶钢辅料,002003.SZ,伟星股份
冶钢辅料,002098.SZ,浔兴股份
冶钢辅料,002674.SZ,兴业科技
冶钢辅料,600295.SH,鄂尔多斯
冶钢辅料,600516.SH,方大炭素
冶钢辅料,920527.BJ,夜光明
分立器件,300046.SZ,台基股份
分立器件,300373.SZ,扬杰科技
分立器件,300623.SZ,捷捷微电
分立器件,300831.SZ,ST派瑞
分立器件,600360.SH,华微电子
分立器件,600460.SH,士兰微
分立器件,600745.SH,*ST闻泰
分立器件,603290.SH,斯达半导
分立器件,605111.SH,新洁能
分立器件,688048.SH,长光华芯
分立器件,688167.SH,炬光科技
分立器件,688172.SH,燕东微
分立器件,688230.SH,芯导科技
分立器件,688261.SH,东微半导
分立器件,688498.SH,源杰科技
分立器件,688689.SH,银河微电
分立器件,688693.SH,锴威特
分立器件,688711.SH,宏微科技
制冷空调设备,000333.SZ,美的集团
制冷空调设备,000530.SZ,冰山冷热
制冷空调设备,000651.SZ,格力电器
制冷空调设备,000811.SZ,冰轮环境
制冷空调设备,000921.SZ,海信家电
制冷空调设备,001237.SZ,惠康科技
制冷空调设备,002158.SZ,汉钟精机
制冷空调设备,002639.SZ,雪人集团
制冷空调设备,002686.SZ,亿利达
制冷空调设备,300990.SZ,同飞股份
制冷空调设备,301018.SZ,申菱环境
制冷空调设备,301043.SZ,绿岛风
制冷空调设备,301070.SZ,开勒股份
制冷空调设备,301272.SZ,英华特
制冷空调设备,301399.SZ,英特科技
制冷空调设备,301525.SZ,儒竞科技
制冷空调设备,600202.SH,哈空调
制冷空调设备,600854.SH,春兰股份
制冷空调设备,603187.SH,海容冷链
制冷空调设备,603277.SH,银都股份
制冷空调设备,603339.SH,四方科技
制冷空调设备,603912.SH,佳力图
动力煤,000552.SZ,甘肃能化
动力煤,000571.SZ,新大洲A
动力煤,002128.SZ,电投能源
动力煤,600121.SH,郑州煤电
动力煤,600188.SH,兖矿能源
动力煤,600403.SH,大有能源
动力煤,600546.SH,山煤国际
动力煤,600925.SH,苏能股份
动力煤,600971.SH,恒源煤电
动力煤,601001.SH,晋控煤业
动力煤,601088.SH,中国神华
动力煤,601101.SH,昊华能源
动力煤,601225.SH,陕西煤业
动力煤,601898.SH,中煤能源
动力煤,601918.SH,新集能源
动物保健Ⅲ,002688.SZ,金河生物
动物保健Ⅲ,002868.SZ,绿康生化
动物保健Ⅲ,300119.SZ,瑞普生物
动物保健Ⅲ,300871.SZ,回盛生物
动物保健Ⅲ,600195.SH,中牧股份
动物保健Ⅲ,600201.SH,生物股份
动物保健Ⅲ,603566.SH,普莱柯
动物保健Ⅲ,688098.SH,申联生物
动物保健Ⅲ,688526.SH,科前生物
动物保健Ⅲ,920275.BJ,驱动力
动物保健Ⅲ,920729.BJ,永顺生物
动物保健Ⅲ,920970.BJ,大禹生物
化妆品制造及其他,002094.SZ,青岛金王
化妆品制造及其他,300132.SZ,诺斯贝尔
化妆品制造及其他,300849.SZ,锦盛新材
化妆品制造及其他,300856.SZ,科思股份
化妆品制造及其他,300955.SZ,嘉亨家化
化妆品制造及其他,920123.BJ,芭薇股份
化妆品制造及其他,920165.BJ,珈凯生物
化妆品制造及其他,920176.BJ,维琪科技
化学制剂,000153.SZ,丰原药业
化学制剂,000513.SZ,丽珠集团
化学制剂,000566.SZ,海南海药
化学制剂,000597.SZ,东北制药
化学制剂,000766.SZ,通化金马
化学制剂,000788.SZ,北大医药
化学制剂,000813.SZ,德展健康
化学制剂,000908.SZ,石药景峰
化学制剂,000915.SZ,华特达因
化学制剂,000919.SZ,金陵药业
化学制剂,000931.SZ,中关村
化学制剂,000963.SZ,华东医药
化学制剂,002004.SZ,华邦健康
化学制剂,002019.SZ,亿帆医药
化学制剂,002020.SZ,京新药业
化学制剂,002038.SZ,双鹭药业
化学制剂,002262.SZ,恩华药业
化学制剂,002294.SZ,信立泰
化学制剂,002370.SZ,亚太药业
化学制剂,002393.SZ,力生制药
化学制剂,002399.SZ,海普瑞
化学制剂,002422.SZ,科伦药业
化学制剂,002437.SZ,誉衡药业
化学制剂,002550.SZ,千红制药
化学制剂,002653.SZ,海思科
化学制剂,002675.SZ,东诚药业
化学制剂,002693.SZ,双成药业
化学制剂,002742.SZ,冀衡医药
化学制剂,002755.SZ,奥赛康
化学制剂,002793.SZ,罗欣药业
化学制剂,002826.SZ,易明医药
化学制剂,002872.SZ,ST天圣
化学制剂,002900.SZ,哈三联
化学制剂,002923.SZ,润都股份
化学制剂,002940.SZ,昂利康
化学制剂,003020.SZ,立方制药
化学制剂,300006.SZ,莱美药业
化学制剂,300016.SZ,北陆药业
化学制剂,300086.SZ,康芝药业
化学制剂,300110.SZ,华仁药业
化学制剂,300111.SZ,向日葵
化学制剂,300194.SZ,福安药业
化学制剂,300199.SZ,翰宇药业
化学制剂,300204.SZ,舒泰神
化学制剂,300233.SZ,金城医药
化学制剂,300254.SZ,仟源医药
化学制剂,300255.SZ,常山药业
化学制剂,300434.SZ,金石亚药
化学制剂,300436.SZ,广生堂
化学制剂,300558.SZ,贝达药业
化学制剂,300573.SZ,兴齐眼药
化学制剂,300584.SZ,海辰药业
化学制剂,300705.SZ,九典制药
化学制剂,300723.SZ,一品红
化学制剂,301075.SZ,多瑞医药
化学制剂,301130.SZ,西点药业
化学制剂,301263.SZ,泰恩康
化学制剂,301507.SZ,民生健康
化学制剂,600062.SH,华润双鹤
化学制剂,600079.SH,ST人福
化学制剂,600196.SH,复星医药
化学制剂,600267.SH,海正药业
化学制剂,600276.SH,恒瑞医药
化学制剂,600380.SH,健康元
化学制剂,600420.SH,国药现代
化学制剂,600513.SH,联环药业
化学制剂,600521.SH,华海药业
化学制剂,600613.SH,神奇制药
化学制剂,600624.SH,ST复华
化学制剂,600664.SH,哈药股份
化学制剂,600774.SH,汉商集团
化学制剂,600789.SH,鲁抗医药
化学制剂,600812.SH,华北制药
化学制剂,600851.SH,海欣股份
化学制剂,601089.SH,福元医药
化学制剂,603168.SH,莎普爱思
化学制剂,603207.SH,小方制药
化学制剂,603367.SH,辰欣药业
化学制剂,603669.SH,灵康药业
化学制剂,603676.SH,卫信康
化学制剂,603707.SH,健友股份
化学制剂,603811.SH,诚意药业
化学制剂,688062.SH,迈威生物-U
化学制剂,688091.SH,上海谊众
化学制剂,688117.SH,圣诺生物
化学制剂,688176.SH,亚虹医药-U
化学制剂,688189.SH,ST南新
化学制剂,688192.SH,迪哲医药-U
化学制剂,688197.SH,首药控股-U
化学制剂,688221.SH,前沿生物-U
化学制剂,688235.SH,百济神州
化学制剂,688247.SH,宣泰医药
化学制剂,688266.SH,泽璟制药-U
化学制剂,688302.SH,海创药业-U
化学制剂,688321.SH,微芯生物
化学制剂,688373.SH,盟科药业-U
化学制剂,688382.SH,益方生物-U
化学制剂,688428.SH,诺诚健华
化学制剂,688505.SH,复旦张江
化学制剂,688506.SH,百利天恒
化学制剂,688513.SH,苑东生物
化学制剂,688553.SH,汇宇制药-W
化学制剂,688566.SH,吉贝尔
化学制剂,688578.SH,艾力斯
化学制剂,688658.SH,悦康药业
化学制剂,688759.SH,必贝特-U
化学制剂,688799.SH,华纳药厂
化学制剂,920017.BJ,星昊医药
化学制剂,920566.BJ,梓橦宫
化学制剂,920735.BJ,德源药业
化学工程,002140.SZ,东华科技
化学工程,002469.SZ,三维化学
化学工程,300384.SZ,三联虹普
化学工程,601117.SH,中国化学
化学工程,603637.SH,镇海股份
化学工程,603959.SH,ST百利
化学工程,605167.SH,利柏特
医疗研发外包,002821.SZ,凯莱英
医疗研发外包,300149.SZ,睿智医药
医疗研发外包,300347.SZ,泰格医药
医疗研发外包,300363.SZ,博腾股份
医疗研发外包,300404.SZ,博济医药
医疗研发外包,300683.SZ,海特生物
医疗研发外包,300725.SZ,药石科技
医疗研发外包,300759.SZ,康龙化成
医疗研发外包,301096.SZ,百诚医药
医疗研发外包,301201.SZ,诚达药业
医疗研发外包,301230.SZ,泓博医药
医疗研发外包,301257.SZ,普蕊斯
医疗研发外包,301333.SZ,诺思格
医疗研发外包,301509.SZ,金凯生科
医疗研发外包,301520.SZ,万邦医药
医疗研发外包,600721.SH,百花医药
医疗研发外包,603127.SH,昭衍新药
医疗研发外包,603259.SH,药明康德
医疗研发外包,603456.SH,九洲药业
医疗研发外包,688046.SH,药康生物
医疗研发外包,688073.SH,毕得医药
医疗研发外包,688131.SH,皓元医药
医疗研发外包,688202.SH,美迪西
医疗研发外包,688222.SH,成都先导
医疗研发外包,688238.SH,和元生物
医疗研发外包,688265.SH,南模生物
医疗研发外包,688621.SH,阳光诺和
医疗研发外包,688710.SH,益诺思
医疗研发外包,688796.SH,百奥赛图
医疗研发外包,920670.BJ,数字人
医疗耗材,002382.SZ,蓝帆医疗
医疗耗材,002551.SZ,尚荣医疗
医疗耗材,002901.SZ,大博医疗
医疗耗材,002950.SZ,奥美医疗
医疗耗材,300003.SZ,乐普医疗
医疗耗材,300238.SZ,冠昊生物
医疗耗材,300326.SZ,ST凯利
医疗耗材,300453.SZ,三鑫医疗
医疗耗材,300529.SZ,健帆生物
医疗耗材,300595.SZ,欧普康视
医疗耗材,300653.SZ,正海生物
医疗耗材,300677.SZ,英科医疗
医疗耗材,300981.SZ,中红医疗
医疗耗材,301033.SZ,迈普医学
医疗耗材,301093.SZ,华兰股份
医疗耗材,301097.SZ,天益医疗
医疗耗材,301122.SZ,采纳股份
医疗耗材,301188.SZ,力诺药包
医疗耗材,301234.SZ,五洲医疗
医疗耗材,301370.SZ,国科恒泰
医疗耗材,301580.SZ,爱迪特
医疗耗材,600529.SH,山东药玻
医疗耗材,603014.SH,威高血净
医疗耗材,603205.SH,健尔康
医疗耗材,603222.SH,济民健康
医疗耗材,603301.SH,振德医疗
医疗耗材,603309.SH,维力医疗
医疗耗材,603718.SH,*ST海利
医疗耗材,603880.SH,南卫股份
医疗耗材,603976.SH,正川股份
医疗耗材,603987.SH,康德莱
医疗耗材,605369.SH,拱东医疗
医疗耗材,688013.SH,天臣医疗
医疗耗材,688016.SH,心脉医疗
医疗耗材,688026.SH,洁特生物
医疗耗材,688029.SH,南微医学
医疗耗材,688050.SH,爱博医疗
医疗耗材,688085.SH,三友医疗
医疗耗材,688108.SH,赛诺医疗
医疗耗材,688151.SH,华强科技
医疗耗材,688161.SH,威高骨科
医疗耗材,688198.SH,佰仁医疗
医疗耗材,688236.SH,春立医疗
医疗耗材,688314.SH,康拓医疗
医疗耗材,688351.SH,微电生理
医疗耗材,688366.SH,昊海生科
医疗耗材,688576.SH,西山科技
医疗耗材,688581.SH,安杰思
医疗耗材,688613.SH,奥精医疗
医疗耗材,688617.SH,惠泰医疗
医疗耗材,688712.SH,北芯生命
医疗耗材,920050.BJ,爱伦医疗
医疗耗材,920069.BJ,普昂医疗
医疗耗材,920072.BJ,科莱瑞迪
医疗耗材,920166.BJ,海圣医疗
医疗耗材,920180.BJ,爱得科技
医疗耗材,920268.BJ,百迈科
医疗设备,002223.SZ,鱼跃医疗
医疗设备,300030.SZ,阳普医疗
医疗设备,300049.SZ,福瑞医科
医疗设备,300171.SZ,东富龙
医疗设备,300206.SZ,理邦仪器
医疗设备,300246.SZ,宝莱特
医疗设备,300298.SZ,三诺生物
医疗设备,300314.SZ,戴维医疗
医疗设备,300341.SZ,麦克奥迪
医疗设备,300358.SZ,楚天科技
医疗设备,300430.SZ,*ST益通
医疗设备,300562.SZ,乐心股份
医疗设备,300633.SZ,开立医疗
医疗设备,300753.SZ,爱朋医疗
医疗设备,300760.SZ,迈瑞医疗
医疗设备,300869.SZ,康泰医学
医疗设备,301087.SZ,可孚医疗
医疗设备,301235.SZ,华康洁净
医疗设备,301290.SZ,东星医疗
医疗设备,301363.SZ,美好医疗
医疗设备,301367.SZ,瑞迈特
医疗设备,301515.SZ,港通医疗
医疗设备,301602.SZ,超研股份
医疗设备,600055.SH,万东医疗
医疗设备,600587.SH,新华医疗
医疗设备,688114.SH,华大智造
医疗设备,688139.SH,海尔生物
医疗设备,688212.SH,澳华内镜
医疗设备,688271.SH,联影医疗
医疗设备,688273.SH,麦澜德
医疗设备,688277.SH,天智航-U
医疗设备,688301.SH,奕瑞科技
医疗设备,688358.SH,祥生医疗
医疗设备,688410.SH,山外山
医疗设备,688580.SH,伟思医疗
医疗设备,688607.SH,康众科技
医疗设备,688626.SH,翔宇医疗
医疗设备,688677.SH,海泰新光
医疗设备,688755.SH,汉邦科技
医疗设备,688805.SH,健信超导
医疗设备,920278.BJ,鹿得医疗
医疗设备,920300.BJ,辰光医疗
医疗设备,920504.BJ,博迅生物
医疗设备,920925.BJ,锦好医疗
医疗设备,920992.BJ,中科美菱
医美服务,000615.SZ,*ST美谷
医美耗材,300896.SZ,爱美客
医美耗材,688363.SH,华熙生物
医美耗材,920982.BJ,锦波生物
医药流通,000028.SZ,国药一致
医药流通,000078.SZ,ST海王
医药流通,000411.SZ,英特集团
医药流通,000705.SZ,浙江震元
医药流通,000950.SZ,重药控股
医药流通,002462.SZ,嘉事堂
医药流通,002589.SZ,瑞康医药
医药流通,002788.SZ,鹭燕医药
医药流通,300937.SZ,药易购
医药流通,301015.SZ,百洋医药
医药流通,301126.SZ,达嘉维康
医药流通,301584.SZ,建发致新
医药流通,600056.SH,中国医药
医药流通,600272.SH,开开实业
医药流通,600511.SH,国药股份
医药流通,600538.SH,国发股份
医药流通,600713.SH,南京医药
医药流通,600829.SH,人民同泰
医药流通,600998.SH,九州通
医药流通,601607.SH,上海医药
医药流通,603108.SH,润达医疗
医药流通,603122.SH,合富中国
医药流通,603368.SH,柳药集团
医药流通,603716.SH,塞力医疗
医院,000516.SZ,国际医学
医院,002044.SZ,美年健康
医院,002172.SZ,澳洋健康
医院,002173.SZ,创新医疗
医院,002219.SZ,新里程
医院,002524.SZ,光正眼科
医院,002622.SZ,皓宸医疗
医院,300015.SZ,爱尔眼科
医院,300143.SZ,盈康生命
医院,301103.SZ,何氏眼科
医院,301239.SZ,普瑞眼科
医院,301267.SZ,华厦眼科
医院,301293.SZ,三博脑科
医院,600568.SH,ST中珠
医院,600763.SH,通策医疗
半导体材料,002119.SZ,康强电子
半导体材料,002409.SZ,雅克科技
半导体材料,003026.SZ,中晶科技
半导体材料,300666.SZ,江丰电子
半导体材料,300706.SZ,阿石创
半导体材料,301611.SZ,珂玛科技
半导体材料,301678.SZ,新恒汇
半导体材料,600206.SH,有研新材
半导体材料,600641.SH,先导基电
半导体材料,605358.SH,立昂微
半导体材料,688126.SH,沪硅产业
半导体材料,688138.SH,清溢光电
半导体材料,688146.SH,中船特气
半导体材料,688233.SH,神工股份
半导体材料,688234.SH,天岳先进
半导体材料,688401.SH,路维光电
半导体材料,688432.SH,有研硅
半导体材料,688530.SH,欧莱新材
半导体材料,688535.SH,华海诚科
半导体材料,688584.SH,上海合晶
半导体材料,688661.SH,和林微纳
半导体材料,688720.SH,艾森股份
半导体材料,688721.SH,龙图光罩
半导体材料,688727.SH,恒坤新材
半导体材料,688783.SH,西安奕材-U
半导体材料,688797.SH,臻宝科技
半导体材料,920012.BJ,创达新材
半导体材料,920179.BJ,凯德石英
半导体材料,920189.BJ,康美特
半导体设备,002371.SZ,北方华创
半导体设备,003043.SZ,华亚智能
半导体设备,300604.SZ,长川科技
半导体设备,301297.SZ,富乐德
半导体设备,301369.SZ,联动科技
半导体设备,301583.SZ,托伦斯
半导体设备,301629.SZ,矽电股份
半导体设备,301717.SZ,超纯应材
半导体设备,603061.SH,金海通
半导体设备,603690.SH,至纯科技
半导体设备,603991.SH,领先股份
半导体设备,688012.SH,中微公司
半导体设备,688037.SH,芯源微
半导体设备,688072.SH,拓荆科技
半导体设备,688082.SH,盛美上海
半导体设备,688120.SH,华海清科
半导体设备,688200.SH,华峰测控
半导体设备,688361.SH,中科飞测
半导体设备,688409.SH,富创精密
半导体设备,688419.SH,耐科装备
半导体设备,688478.SH,晶升股份
半导体设备,688605.SH,先锋精科
半导体设备,688652.SH,京仪装备
半导体设备,688729.SH,屹唐股份
半导体设备,688785.SH,恒运昌
半导体设备,688809.SH,强一股份
半导体设备,920186.BJ,中科仪
卫浴制品,001322.SZ,箭牌家居
卫浴制品,002084.SZ,海鸥住工
卫浴制品,002790.SZ,瑞尔特
卫浴制品,301575.SZ,艾芬达
卫浴制品,603385.SH,惠达卫浴
卫浴制品,603408.SH,建霖家居
卫浴制品,603992.SH,松霖科技
卫浴电器,002543.SZ,万和电气
卫浴电器,603366.SH,日出东方
卫浴电器,603551.SH,奥普科技
印制电路板,000823.SZ,超声电子
印制电路板,001232.SZ,嘉立创
印制电路板,001389.SZ,广合科技
印制电路板,002134.SZ,天津普林
印制电路板,002141.SZ,贤丰控股
印制电路板,002384.SZ,东山精密
印制电路板,002436.SZ,兴森科技
印制电路板,002463.SZ,沪电股份
印制电路板,002552.SZ,宝鼎科技
印制电路板,002579.SZ,中京电子
印制电路板,002636.SZ,金安国纪
印制电路板,002815.SZ,崇达技术
印制电路板,002913.SZ,奥士康
印制电路板,002916.SZ,深南电路
印制电路板,002938.SZ,鹏鼎控股
印制电路板,300476.SZ,胜宏科技
印制电路板,300657.SZ,弘信电子
印制电路板,300739.SZ,明阳电路
印制电路板,300814.SZ,中富电路
印制电路板,300852.SZ,四会富仕
印制电路板,300903.SZ,科翔股份
印制电路板,300936.SZ,中英科技
印制电路板,300964.SZ,本川智能
印制电路板,301041.SZ,金百泽
印制电路板,301132.SZ,满坤科技
印制电路板,301176.SZ,逸豪新材
印制电路板,301251.SZ,威尔高
印制电路板,301282.SZ,金禄电子
印制电路板,301366.SZ,一博科技
印制电路板,301628.SZ,强达电路
印制电路板,600183.SH,生益科技
印制电路板,600601.SH,方正科技
印制电路板,603175.SH,超颖电子
印制电路板,603186.SH,华正新材
印制电路板,603228.SH,景旺电子
印制电路板,603328.SH,依顿电子
印制电路板,603386.SH,骏亚科技
印制电路板,603459.SH,红板科技
印制电路板,603920.SH,世运电路
印制电路板,603936.SH,博敏电子
印制电路板,605058.SH,澳弘电子
印制电路板,605258.SH,协和电子
印制电路板,688020.SH,方邦股份
印制电路板,688183.SH,生益电子
印制电路板,688519.SH,南亚新材
印制电路板,688655.SH,迅捷兴
印制电路板,920060.BJ,万源通
印制电路板,920821.BJ,则成电子
印刷,001256.SZ,炜冈科技
印刷,001279.SZ,强邦新材
印刷,002117.SZ,东港股份
印刷,002209.SZ,达意隆
印刷,002599.SZ,盛通股份
印刷,002611.SZ,东方精工
印刷,300195.SZ,长荣股份
印刷,300509.SZ,新美星
印刷,300512.SZ,中亚股份
印刷,300521.SZ,爱司凯
印刷,301105.SZ,鸿铭股份
印刷,301138.SZ,华研精机
印刷,603901.SH,永创智能
印刷,920553.BJ,凯腾精工
印刷,920810.BJ,春光智能
印刷包装机械,001256.SZ,炜冈科技
印刷包装机械,001279.SZ,强邦新材
印刷包装机械,002117.SZ,东港股份
印刷包装机械,002209.SZ,达意隆
印刷包装机械,002599.SZ,盛通股份
印刷包装机械,002611.SZ,东方精工
印刷包装机械,300195.SZ,长荣股份
印刷包装机械,300509.SZ,新美星
印刷包装机械,300512.SZ,中亚股份
印刷包装机械,300521.SZ,爱司凯
印刷包装机械,301105.SZ,鸿铭股份
印刷包装机械,301138.SZ,华研精机
印刷包装机械,603901.SH,永创智能
印刷包装机械,920553.BJ,凯腾精工
印刷包装机械,920810.BJ,春光智能
印染,600448.SH,华纺股份
印染,600987.SH,航民股份
印染,605055.SH,迎丰股份
印染,605189.SH,富春染织
原料药,000739.SZ,普洛药业
原料药,000756.SZ,新华制药
原料药,000952.SZ,广济药业
原料药,000953.SZ,中哲精化
原料药,001367.SZ,海森药业
原料药,002099.SZ,海翔药业
原料药,002102.SZ,ST能特
原料药,002332.SZ,仙琚制药
原料药,002365.SZ,永安药业
原料药,002817.SZ,黄山胶囊
原料药,300267.SZ,尔康制药
原料药,300381.SZ,溢多利
原料药,300401.SZ,花园生物
原料药,300452.SZ,山河药辅
原料药,300497.SZ,富祥股份
原料药,300583.SZ,赛托生物
原料药,300636.SZ,同和药业
原料药,300702.SZ,天宇股份
原料药,300765.SZ,石药创新
原料药,300966.SZ,共同药业
原料药,301065.SZ,本立科技
原料药,301089.SZ,拓新药业
原料药,301211.SZ,亨迪药业
原料药,301246.SZ,宏源药业
原料药,301258.SZ,富士莱
原料药,301277.SZ,新天地
原料药,301281.SZ,科源制药
原料药,301301.SZ,川宁生物
原料药,600216.SH,浙江医药
原料药,600488.SH,津药药业
原料药,603229.SH,奥翔药业
原料药,603351.SH,威尔药业
原料药,603520.SH,司太立
原料药,603538.SH,美诺华
原料药,605116.SH,奥锐特
原料药,605177.SH,东亚药业
原料药,605507.SH,国邦医药
原料药,688076.SH,ST诺泰
原料药,688166.SH,博瑞医药
原料药,688356.SH,键凯科技
原料药,688690.SH,纳微科技
原料药,688758.SH,赛分科技
原料药,920230.BJ,欧康医药
原料药,920367.BJ,新赣江
原料药,920478.BJ,峆一药业
原料药,920656.BJ,海昇药业
原料药,920946.BJ,森萱医药
原材料供应链服务,000626.SZ,远大控股
原材料供应链服务,000906.SZ,浙商中拓
原材料供应链服务,001202.SZ,炬申股份
原材料供应链服务,002485.SZ,ST雪发
原材料供应链服务,600057.SH,厦门象屿
原材料供应链服务,600153.SH,建发股份
原材料供应链服务,600180.SH,*ST瑞茂
原材料供应链服务,600603.SH,广汇物流
原材料供应链服务,600704.SH,物产中大
原材料供应链服务,600753.SH,ST海钦
原材料供应链服务,600755.SH,厦门国贸
原材料供应链服务,603329.SH,上海雅仕
原材料供应链服务,605050.SH,福然德
厨房小家电,001259.SZ,利仁科技
厨房小家电,002005.SZ,德豪润达
厨房小家电,002032.SZ,苏泊尔
厨房小家电,002242.SZ,九阳股份
厨房小家电,002403.SZ,爱仕达
厨房小家电,002705.SZ,新宝股份
厨房小家电,002959.SZ,小熊电器
厨房小家电,300824.SZ,北鼎股份
厨房小家电,603215.SH,比依股份
厨房小家电,920926.BJ,鸿智科技
厨房电器,002035.SZ,华帝股份
厨房电器,002508.SZ,老板电器
厨房电器,002677.SZ,浙江美大
厨房电器,300894.SZ,火星人
厨房电器,300911.SZ,亿田智能
厨房电器,605336.SH,*ST帅电
合成树脂,001255.SZ,博菲电气
合成树脂,001333.SZ,光华股份
合成树脂,002361.SZ,神剑股份
合成树脂,002395.SZ,双象股份
合成树脂,300487.SZ,蓝晓科技
合成树脂,301092.SZ,争光股份
合成树脂,301395.SZ,仁信新材
合成树脂,301555.SZ,惠柏新材
合成树脂,601026.SH,道生天合
合成树脂,603879.SH,永悦科技
合成树脂,603928.SH,兴业股份
合成树脂,605589.SH,圣泉集团
合成树脂,688585.SH,上纬新材
合成树脂,688716.SH,中研股份
品牌化妆品,300740.SZ,水羊股份
品牌化妆品,300957.SZ,贝泰妮
品牌化妆品,301371.SZ,敷尔佳
品牌化妆品,600223.SH,福瑞达
品牌化妆品,600315.SH,上海家化
品牌化妆品,603605.SH,珀莱雅
品牌化妆品,603630.SH,拉芳家化
品牌化妆品,603983.SH,丸美生物
品牌消费电子,002045.SZ,国光电器
品牌消费电子,002351.SZ,漫步者
品牌消费电子,002841.SZ,视源股份
品牌消费电子,002888.SZ,惠威科技
品牌消费电子,300866.SZ,安克创新
品牌消费电子,301189.SZ,奥尼电子
品牌消费电子,301606.SZ,绿联科技
品牌消费电子,688007.SH,光峰科技
品牌消费电子,688036.SH,传音控股
品牌消费电子,688775.SH,影石创新
品牌消费电子,920183.BJ,海菲曼
商业地产,000031.SZ,大悦城
商业地产,000069.SZ,华侨城A
商业地产,000402.SZ,金融街
商业地产,000608.SZ,阳光股份
商业地产,001979.SZ,招商蛇口
商业地产,002305.SZ,*ST南置
商业地产,600007.SH,中国国贸
商业地产,600239.SH,ST云城
商业地产,600663.SH,陆家嘴
商业地产,601155.SH,新城控股
商业物业经营,000007.SZ,全新好
商业物业经营,000058.SZ,深赛格
商业物业经营,000061.SZ,农产品
商业物业经营,000785.SZ,居然智家
商业物业经营,000882.SZ,华联股份
商业物业经营,002177.SZ,御银股份
商业物业经营,002344.SZ,海宁皮城
商业物业经营,002818.SZ,富森美
商业物业经营,300947.SZ,德必集团
商业物业经营,600113.SH,浙江东日
商业物业经营,600415.SH,小商品城
商业物业经营,600605.SH,汇通能源
商业物业经营,600655.SH,豫园股份
商业物业经营,600738.SH,丽尚国潮
商业物业经营,600790.SH,轻纺城
商业物业经营,601828.SH,美凯龙
商业物业经营,603682.SH,锦和商管
商用载客车,000868.SZ,安凯客车
商用载客车,000957.SZ,中通客车
商用载客车,600066.SH,宇通客车
商用载客车,600303.SH,曙光股份
商用载客车,600686.SH,金龙汽车
商用载货车,000550.SZ,江铃汽车
商用载货车,000800.SZ,一汽解放
商用载货车,000951.SZ,中国重汽
商用载货车,301039.SZ,中集车辆
商用载货车,600006.SH,东风股份
商用载货车,600166.SH,福田汽车
商用载货车,600375.SH,汉马科技
商用载货车,600418.SH,江淮汽车
啤酒,000729.SZ,燕京啤酒
啤酒,000752.SZ,*ST西发
啤酒,000929.SZ,兰州黄河
啤酒,002461.SZ,珠江啤酒
啤酒,600132.SH,重庆啤酒
啤酒,600573.SH,惠泉啤酒
啤酒,600600.SH,青岛啤酒
园林工程,000010.SZ,*ST美丽
园林工程,002200.SZ,交投生态
园林工程,002431.SZ,ST棕榈
园林工程,002663.SZ,普邦股份
园林工程,002717.SZ,*ST岭南
园林工程,002775.SZ,文科股份
园林工程,300197.SZ,节能铁汉
园林工程,300355.SZ,蒙草生态
园林工程,300649.SZ,杭州园林
园林工程,300948.SZ,冠中生态
园林工程,300949.SZ,奥雅股份
园林工程,301098.SZ,金埔园林
园林工程,603359.SH,*ST东珠
园林工程,603955.SH,大千生态
园林工程,605303.SH,园林股份
固废治理,000035.SZ,中国天楹
固废治理,000546.SZ,金圆股份
固废治理,000803.SZ,山高环能
固废治理,000885.SZ,城发环境
固废治理,001230.SZ,劲旅环境
固废治理,002034.SZ,旺能环境
固废治理,002210.SZ,飞马国际
固废治理,002266.SZ,浙富控股
固废治理,002672.SZ,东江环保
固废治理,002973.SZ,侨银股份
固废治理,300140.SZ,节能环境
固废治理,300614.SZ,百川畅银
固废治理,300779.SZ,惠城环保
固废治理,300815.SZ,玉禾田
固废治理,300854.SZ,中兰环保
固废治理,300867.SZ,圣元环保
固废治理,301049.SZ,超越科技
固废治理,301068.SZ,大地海洋
固废治理,301109.SZ,军信股份
固废治理,301175.SZ,中科环保
固废治理,301265.SZ,华新科技
固废治理,301305.SZ,朗坤科技
固废治理,301500.SZ,飞南资源
固废治理,600217.SH,中再资环
固废治理,600323.SH,瀚蓝环境
固废治理,601033.SH,永兴股份
固废治理,601200.SH,上海环境
固废治理,601330.SH,绿色动力
固废治理,601827.SH,三峰环境
固废治理,603568.SH,伟明环保
固废治理,603588.SH,高能环境
固废治理,688178.SH,万德斯
固废治理,688370.SH,丛麟科技
固废治理,688679.SH,通源环境
固废治理,920370.BJ,新安洁
国有大型银行Ⅲ,601288.SH,农业银行
国有大型银行Ⅲ,601328.SH,交通银行
国有大型银行Ⅲ,601398.SH,工商银行
国有大型银行Ⅲ,601658.SH,邮储银行
国有大型银行Ⅲ,601939.SH,建设银行
国有大型银行Ⅲ,601988.SH,中国银行
国际工程,000065.SZ,北方国际
国际工程,000928.SZ,中钢国际
国际工程,002051.SZ,中工国际
国际工程,600970.SH,中材国际
图片媒体,000681.SZ,视觉中国
地面兵装Ⅲ,000519.SZ,中兵红箭
地面兵装Ⅲ,000576.SZ,甘化科工
地面兵装Ⅲ,002519.SZ,银河电子
地面兵装Ⅲ,300527.SZ,ST应急
地面兵装Ⅲ,300875.SZ,捷强装备
地面兵装Ⅲ,300922.SZ,天秦装备
地面兵装Ⅲ,301357.SZ,北方长龙
地面兵装Ⅲ,600184.SH,光电股份
地面兵装Ⅲ,600435.SH,北方导航
地面兵装Ⅲ,600967.SH,内蒙一机
地面兵装Ⅲ,601606.SH,长城军工
地面兵装Ⅲ,688543.SH,国科军工
垂直应用软件,000503.SZ,国新健康
垂直应用软件,000948.SZ,南天信息
垂直应用软件,002063.SZ,远光软件
垂直应用软件,002153.SZ,石基信息
垂直应用软件,002178.SZ,延华智能
垂直应用软件,002253.SZ,川大智胜
垂直应用软件,002261.SZ,拓维信息
垂直应用软件,002298.SZ,中电鑫龙
垂直应用软件,002322.SZ,理工能科
垂直应用软件,002362.SZ,汉王科技
垂直应用软件,002405.SZ,四维图新
垂直应用软件,002410.SZ,广联达
垂直应用软件,002920.SZ,德赛西威
垂直应用软件,002987.SZ,京北方
垂直应用软件,003007.SZ,直真科技
垂直应用软件,003029.SZ,吉大正元
垂直应用软件,300033.SZ,同花顺
垂直应用软件,300047.SZ,天源迪科
垂直应用软件,300074.SZ,华平股份
垂直应用软件,300075.SZ,数字政通
垂直应用软件,300085.SZ,银之杰
垂直应用软件,300188.SZ,国投智能
垂直应用软件,300209.SZ,行云科技
垂直应用软件,300226.SZ,上海钢联
垂直应用软件,300229.SZ,拓尔思
垂直应用软件,300235.SZ,方直科技
垂直应用软件,300253.SZ,卫宁健康
垂直应用软件,300348.SZ,长亮科技
垂直应用软件,300352.SZ,ST信源
垂直应用软件,300365.SZ,恒华科技
垂直应用软件,300366.SZ,ST创意
垂直应用软件,300377.SZ,赢时胜
垂直应用软件,300380.SZ,安硕信息
垂直应用软件,300451.SZ,创业慧康
垂直应用软件,300465.SZ,高伟达
垂直应用软件,300468.SZ,四方精创
垂直应用软件,300469.SZ,信息发展
垂直应用软件,300520.SZ,科大国创
垂直应用软件,300525.SZ,博思软件
垂直应用软件,300542.SZ,新晨科技
垂直应用软件,300550.SZ,和仁科技
垂直应用软件,300556.SZ,丝路视觉
垂直应用软件,300559.SZ,佳发教育
垂直应用软件,300561.SZ,汇金科技
垂直应用软件,300579.SZ,数字认证
垂直应用软件,300598.SZ,诚迈科技
垂直应用软件,300605.SZ,恒锋信息
垂直应用软件,300608.SZ,思特奇
垂直应用软件,300663.SZ,科蓝软件
垂直应用软件,300730.SZ,科创信息
垂直应用软件,300803.SZ,指南针
垂直应用软件,300830.SZ,金现代
垂直应用软件,300925.SZ,法本信息
垂直应用软件,300935.SZ,盈建科
垂直应用软件,300996.SZ,普联软件
垂直应用软件,301095.SZ,广立微
垂直应用软件,301153.SZ,中科江南
垂直应用软件,301159.SZ,三维天地
垂直应用软件,301162.SZ,国能日新
垂直应用软件,301195.SZ,北路智控
垂直应用软件,301269.SZ,华大九天
垂直应用软件,301337.SZ,亚华电子
垂直应用软件,301378.SZ,通达海
垂直应用软件,600455.SH,博通股份
垂直应用软件,600570.SH,恒生电子
垂直应用软件,600602.SH,云赛智联
垂直应用软件,600654.SH,中安科
垂直应用软件,601519.SH,大智慧
垂直应用软件,603189.SH,*ST网达
垂直应用软件,603232.SH,格尔软件
垂直应用软件,603383.SH,顶点软件
垂直应用软件,603528.SH,多伦科技
垂直应用软件,603927.SH,中科软
垂直应用软件,603990.SH,麦迪科技
垂直应用软件,688038.SH,中科通达
垂直应用软件,688078.SH,龙软科技
垂直应用软件,688083.SH,中望软件
垂直应用软件,688109.SH,品茗科技
垂直应用软件,688118.SH,普元信息
垂直应用软件,688171.SH,纬德信息
垂直应用软件,688206.SH,概伦电子
垂直应用软件,688232.SH,新点软件
垂直应用软件,688246.SH,嘉和美康
垂直应用软件,688291.SH,金橙子
垂直应用软件,688296.SH,和达科技
垂直应用软件,688318.SH,财富趋势
垂直应用软件,688326.SH,经纬恒润-W
垂直应用软件,688479.SH,友车科技
垂直应用软件,688507.SH,索辰科技
垂直应用软件,688579.SH,地纬智能
垂直应用软件,688588.SH,凌志软件
垂直应用软件,688590.SH,新致软件
垂直应用软件,688615.SH,合合信息
垂直应用软件,688631.SH,莱斯信息
垂直应用软件,688657.SH,浩辰软件
垂直应用软件,688692.SH,达梦数据
垂直应用软件,920207.BJ,众诚科技
垂直应用软件,920415.BJ,恒拓开源
垂直应用软件,920592.BJ,华信永道
垂直应用软件,920799.BJ,艾融软件
垂直应用软件,920932.BJ,科达自控
城商行Ⅲ,001227.SZ,兰州银行
城商行Ⅲ,002142.SZ,宁波银行
城商行Ⅲ,002936.SZ,郑州银行
城商行Ⅲ,002948.SZ,青岛银行
城商行Ⅲ,002966.SZ,苏州银行
城商行Ⅲ,600919.SH,江苏银行
城商行Ⅲ,600926.SH,杭州银行
城商行Ⅲ,600928.SH,西安银行
城商行Ⅲ,601009.SH,南京银行
城商行Ⅲ,601169.SH,北京银行
城商行Ⅲ,601187.SH,厦门银行
城商行Ⅲ,601229.SH,上海银行
城商行Ⅲ,601577.SH,长沙银行
城商行Ⅲ,601665.SH,齐鲁银行
城商行Ⅲ,601838.SH,成都银行
城商行Ⅲ,601963.SH,重庆银行
城商行Ⅲ,601997.SH,贵阳银行
培训教育,000526.SZ,学大教育
培训教育,002607.SZ,中公教育
培训教育,003032.SZ,传智教育
培训教育,300050.SZ,世纪鼎利
培训教育,300192.SZ,科德教育
培训教育,300338.SZ,*ST开元
培训教育,300359.SZ,全通教育
培训教育,300492.SZ,华图山鼎
培训教育,300688.SZ,创业黑马
培训教育,600661.SH,昂立教育
培训教育,600730.SH,*ST高科
培训教育,603377.SH,ST东时
培训教育,605098.SH,行动教育
基建市政工程,000498.SZ,山东路桥
基建市政工程,001396.SZ,誉帆科技
基建市政工程,002060.SZ,广东建工
基建市政工程,002061.SZ,浙江交科
基建市政工程,002062.SZ,宏润建设
基建市政工程,002307.SZ,北新路桥
基建市政工程,002586.SZ,围海股份
基建市政工程,002628.SZ,成都路桥
基建市政工程,002941.SZ,新疆交建
基建市政工程,300982.SZ,苏文电能
基建市政工程,600039.SH,四川路桥
基建市政工程,600284.SH,浦东建设
基建市政工程,600502.SH,安徽建工
基建市政工程,600512.SH,腾达建设
基建市政工程,600820.SH,隧道股份
基建市政工程,600853.SH,龙建股份
基建市政工程,601186.SH,中国铁建
基建市政工程,601390.SH,中国中铁
基建市政工程,601611.SH,中国核建
基建市政工程,601669.SH,中国电建
基建市政工程,601800.SH,中国交建
基建市政工程,601868.SH,中国能建
基建市政工程,603176.SH,汇通集团
基建市政工程,603815.SH,交建股份
基建市政工程,603843.SH,*ST正平
塑料包装,000659.SZ,珠海中富
塑料包装,002014.SZ,永新股份
塑料包装,002735.SZ,王子新材
塑料包装,003018.SZ,金富科技
塑料包装,301198.SZ,喜悦智行
塑料包装,600210.SH,紫江企业
塑料包装,920204.BJ,沪江材料
塑料包装,920274.BJ,宏裕包材
复合肥,000902.SZ,新洋丰
复合肥,002170.SZ,芭田股份
复合肥,002470.SZ,金正大
复合肥,002538.SZ,ST司特
复合肥,002539.SZ,云图控股
复合肥,002588.SZ,史丹利
复合肥,002758.SZ,浙农股份
复合肥,002999.SZ,天禾股份
复合肥,300387.SZ,富邦科技
复合肥,603395.SH,红四方
复合肥,920159.BJ,农大科技
多业态零售,000417.SZ,合百集团
多业态零售,000419.SZ,通程控股
多业态零售,002356.SZ,鹏飞绿能
多业态零售,600694.SH,大商股份
多业态零售,600697.SH,欧亚集团
多业态零售,600729.SH,重百集团
多业态零售,600778.SH,友好集团
多业态零售,600785.SH,新华百货
多业态零售,600824.SH,益民集团
多业态零售,600827.SH,百联股份
多业态零售,600838.SH,上海九百
多业态零售,600858.SH,银座股份
多业态零售,601010.SH,ST文峰
多业态零售,601366.SH,利群股份
多业态零售,603101.SH,汇嘉时代
大众出版,000719.SZ,中原传媒
大众出版,000793.SZ,ST华闻
大众出版,002181.SZ,粤传媒
大众出版,300364.SZ,中文在线
大众出版,300788.SZ,中信出版
大众出版,301025.SZ,读客文化
大众出版,301052.SZ,果麦文化
大众出版,301231.SZ,荣信文化
大众出版,600229.SH,城市传媒
大众出版,600373.SH,中文传媒
大众出版,600551.SH,时代出版
大众出版,600825.SH,新华传媒
大众出版,601801.SH,皖新传媒
大众出版,601858.SH,中国科传
大众出版,601949.SH,中国出版
大众出版,601999.SH,出版传媒
大众出版,603096.SH,新经典
大众出版,603230.SH,内蒙新华
大众出版,603999.SH,读者传媒
大宗用纸,000488.SZ,ST晨鸣
大宗用纸,002067.SZ,景兴纸业
大宗用纸,002078.SZ,太阳纸业
大宗用纸,600308.SH,华泰股份
大宗用纸,600567.SH,山鹰国际
大宗用纸,600963.SH,岳阳林纸
大宗用纸,600966.SH,博汇纸业
大宗用纸,603165.SH,荣晟环保
大宗用纸,603284.SH,林平发展
大宗用纸,603863.SH,松炀资源
大宗用纸,605500.SH,森林包装
大气治理,003027.SZ,同兴科技
大气治理,300056.SZ,中创环保
大气治理,300385.SZ,ST雪浪
大气治理,603177.SH,德创环保
大气治理,603315.SH,福鞍股份
大气治理,920263.BJ,中航泰达
大气治理,920802.BJ,保丽洁
娱乐用品,001222.SZ,源飞宠物
娱乐用品,001238.SZ,浙江正特
娱乐用品,001300.SZ,三柏硕
娱乐用品,001368.SZ,通达创智
娱乐用品,002348.SZ,高乐股份
娱乐用品,002678.SZ,珠江钢琴
娱乐用品,002862.SZ,实丰文化
娱乐用品,002899.SZ,英派斯
娱乐用品,300329.SZ,海伦钢琴
娱乐用品,300651.SZ,金陵体育
娱乐用品,301011.SZ,华立科技
娱乐用品,301287.SZ,康力源
娱乐用品,301335.SZ,天元宠物
娱乐用品,605080.SH,浙江自然
娱乐用品,605299.SH,舒华体育
学历教育,002093.SZ,国脉科技
学历教育,002659.SZ,凯文教育
安防设备,002236.SZ,大华股份
安防设备,002415.SZ,海康威视
安防设备,002528.SZ,*ST英飞
安防设备,002835.SZ,同为股份
安防设备,003004.SZ,声迅股份
安防设备,300155.SZ,安居宝
安防设备,300270.SZ,中威电子
安防设备,300275.SZ,梅安森
安防设备,300449.SZ,汉邦高科
安防设备,300588.SZ,熙菱信息
安防设备,300691.SZ,联合光电
安防设备,300790.SZ,宇瞳光学
安防设备,300884.SZ,狄耐克
安防设备,301042.SZ,安联锐视
安防设备,301117.SZ,ST佳缘
安防设备,301182.SZ,凯旺科技
安防设备,301318.SZ,维海德
安防设备,301330.SZ,熵基科技
安防设备,603508.SH,思维列控
安防设备,605118.SH,力鼎光电
安防设备,688475.SH,萤石网络
安防设备,688489.SH,三未信安
安防设备,688619.SH,罗普特
安防设备,920036.BJ,觅睿科技
安防设备,920198.BJ,微创光电
安防设备,920976.BJ,视声智能
定制家居,002572.SZ,索菲亚
定制家居,002853.SZ,皮阿诺
定制家居,300616.SZ,尚品宅配
定制家居,300749.SZ,顶固集创
定制家居,301227.SZ,森鹰窗业
定制家居,603180.SH,金牌家居
定制家居,603208.SH,江山欧派
定制家居,603216.SH,梦天家居
定制家居,603326.SH,我乐家居
定制家居,603801.SH,志邦家居
定制家居,603833.SH,欧派家居
定制家居,603898.SH,好莱客
定制家居,605268.SH,王力安防
定制家居,920445.BJ,龙竹科技
定制家居,920765.BJ,美之高
宠物食品,002891.SZ,中宠股份
宠物食品,300673.SZ,佩蒂股份
宠物食品,301498.SZ,乖宝宠物
宠物食品,920419.BJ,路斯股份
家电零部件Ⅲ,000404.SZ,长虹华意
家电零部件Ⅲ,001268.SZ,联合精密
家电零部件Ⅲ,002011.SZ,盾安环境
家电零部件Ⅲ,002050.SZ,三花智控
家电零部件Ⅲ,002290.SZ,禾盛新材
家电零部件Ⅲ,002418.SZ,康盛股份
家电零部件Ⅲ,002676.SZ,顺威股份
家电零部件Ⅲ,002860.SZ,星帅尔
家电零部件Ⅲ,003028.SZ,振邦智能
家电零部件Ⅲ,300160.SZ,秀强股份
家电零部件Ⅲ,300217.SZ,东方电热
家电零部件Ⅲ,300279.SZ,和晶科技
家电零部件Ⅲ,300342.SZ,天银机电
家电零部件Ⅲ,300403.SZ,汉宇集团
家电零部件Ⅲ,300543.SZ,朗科智能
家电零部件Ⅲ,301008.SZ,宏昌科技
家电零部件Ⅲ,301135.SZ,瑞德智能
家电零部件Ⅲ,301252.SZ,同星科技
家电零部件Ⅲ,301280.SZ,珠城科技
家电零部件Ⅲ,600619.SH,海立股份
家电零部件Ⅲ,601956.SH,东贝集团
家电零部件Ⅲ,603075.SH,热威股份
家电零部件Ⅲ,603112.SH,华翔股份
家电零部件Ⅲ,603311.SH,金海高科
家电零部件Ⅲ,603519.SH,立霸股份
家电零部件Ⅲ,603578.SH,三星新材
家电零部件Ⅲ,603657.SH,春光科技
家电零部件Ⅲ,603677.SH,奇精机械
家电零部件Ⅲ,603726.SH,朗迪集团
家电零部件Ⅲ,920108.BJ,宏海科技
家电零部件Ⅲ,920124.BJ,南特科技
家电零部件Ⅲ,920699.BJ,海达尔
家电零部件Ⅲ,920718.BJ,合肥高科
家电零部件Ⅲ,920768.BJ,拾比佰
家纺,002293.SZ,罗莱生活
家纺,002327.SZ,富安娜
家纺,002397.SZ,梦洁股份
家纺,003041.SZ,真爱美家
家纺,603365.SH,水星家纺
家纺,605003.SH,众望布艺
家纺,920262.BJ,太湖雪
工控设备,001266.SZ,宏英智能
工控设备,002184.SZ,海得控制
工控设备,002334.SZ,英威腾
工控设备,002957.SZ,科瑞技术
工控设备,002975.SZ,博杰股份
工控设备,300048.SZ,合康新能
工控设备,300083.SZ,创世纪
工控设备,300124.SZ,汇川技术
工控设备,300278.SZ,华昌达
工控设备,300484.SZ,蓝海华腾
工控设备,301320.SZ,豪江智能
工控设备,301418.SZ,协昌科技
工控设备,301510.SZ,固高科技
工控设备,301633.SZ,港迪技术
工控设备,603015.SH,弘讯科技
工控设备,603025.SH,大豪科技
工控设备,603203.SH,快克智能
工控设备,603275.SH,众辰科技
工控设备,603283.SH,赛腾股份
工控设备,603583.SH,捷昌驱动
工控设备,605288.SH,凯迪股份
工控设备,688160.SH,步科股份
工控设备,688320.SH,禾川科技
工控设备,688395.SH,正弦电气
工控设备,688570.SH,天玛智控
工控设备,688698.SH,伟创电气
工控设备,688777.SH,中控技术
工控设备,920211.BJ,新睿电子
工控设备,920405.BJ,海希通讯
工控设备,920425.BJ,乐创技术
工控设备,920885.BJ,星辰科技
工程咨询服务Ⅲ,000779.SZ,甘咨询
工程咨询服务Ⅲ,002883.SZ,*ST中设
工程咨询服务Ⅲ,002949.SZ,华阳国际
工程咨询服务Ⅲ,003013.SZ,地铁设计
工程咨询服务Ⅲ,300284.SZ,苏交科
工程咨询服务Ⅲ,300500.SZ,启迪设计
工程咨询服务Ⅲ,300564.SZ,筑博设计
工程咨询服务Ⅲ,300635.SZ,中达安
工程咨询服务Ⅲ,300668.SZ,杰恩股份
工程咨询服务Ⅲ,300675.SZ,建科院
工程咨询服务Ⅲ,300732.SZ,设研院
工程咨询服务Ⅲ,300746.SZ,汉嘉数智
工程咨询服务Ⅲ,300778.SZ,新城市
工程咨询服务Ⅲ,300826.SZ,测绘股份
工程咨询服务Ⅲ,300844.SZ,山水比德
工程咨询服务Ⅲ,300977.SZ,深圳瑞捷
工程咨询服务Ⅲ,300983.SZ,尤安设计
工程咨询服务Ⅲ,300989.SZ,蕾奥规划
工程咨询服务Ⅲ,301024.SZ,霍普股份
工程咨询服务Ⅲ,301027.SZ,华蓝集团
工程咨询服务Ⅲ,301038.SZ,深水规院
工程咨询服务Ⅲ,301058.SZ,中粮科工
工程咨询服务Ⅲ,301091.SZ,深城交
工程咨询服务Ⅲ,301136.SZ,招标股份
工程咨询服务Ⅲ,301167.SZ,建研设计
工程咨询服务Ⅲ,301365.SZ,矩阵股份
工程咨询服务Ⅲ,301390.SZ,经纬股份
工程咨询服务Ⅲ,301505.SZ,苏州规划
工程咨询服务Ⅲ,600629.SH,华建集团
工程咨询服务Ⅲ,600667.SH,太极实业
工程咨询服务Ⅲ,600720.SH,中交设计
工程咨询服务Ⅲ,600846.SH,同济科技
工程咨询服务Ⅲ,603017.SH,中衡设计
工程咨询服务Ⅲ,603018.SH,华设集团
工程咨询服务Ⅲ,603153.SH,上海建科
工程咨询服务Ⅲ,603257.SH,中国瑞林
工程咨询服务Ⅲ,603357.SH,设计总院
工程咨询服务Ⅲ,603458.SH,勘设股份
工程咨询服务Ⅲ,603860.SH,中公高科
工程咨询服务Ⅲ,603909.SH,建发合诚
工程咨询服务Ⅲ,920003.BJ,中诚咨询
工程咨询服务Ⅲ,920149.BJ,旭杰科技
工程咨询服务Ⅲ,920208.BJ,青矩技术
工程咨询服务Ⅲ,920427.BJ,华维设计
工程咨询服务Ⅲ,920873.BJ,中设咨询
工程咨询服务Ⅲ,920892.BJ,广咨国际
工程机械器件,001226.SZ,拓山重工
工程机械器件,001239.SZ,永达股份
工程机械器件,301079.SZ,邵阳液压
工程机械器件,301161.SZ,唯万密封
工程机械器件,301279.SZ,金道科技
工程机械器件,301446.SZ,福事特
工程机械器件,601100.SH,恒立液压
工程机械器件,603638.SH,艾迪精密
工程机械器件,605389.SH,长龄液压
工程机械器件,920245.BJ,威博液压
工程机械器件,920839.BJ,万通液压
工程机械器件,920942.BJ,恒立钻具
工程机械整机,000157.SZ,中联重科
工程机械整机,000425.SZ,徐工机械
工程机械整机,000528.SZ,柳工
工程机械整机,000680.SZ,山推股份
工程机械整机,002097.SZ,山河智能
工程机械整机,002685.SZ,华东重机
工程机械整机,300201.SZ,海伦哲
工程机械整机,600031.SH,三一重工
工程机械整机,600761.SH,安徽合力
工程机械整机,600815.SH,厦工股份
工程机械整机,600984.SH,建设机械
工程机械整机,603194.SH,中力股份
工程机械整机,603273.SH,天元智能
工程机械整机,603280.SH,南方路机
工程机械整机,603298.SH,杭叉集团
工程机械整机,603338.SH,浙江鼎力
工程机械整机,603611.SH,诺力股份
工程机械整机,605305.SH,中际联合
工程机械整机,688425.SH,铁建重工
工程机械整机,920101.BJ,志高机械
工程机械整机,920174.BJ,五新智能
工程机械整机,920599.BJ,同力股份
工程机械整机,920706.BJ,铁拓机械
广告媒体,000607.SZ,华媒控股
广告媒体,002027.SZ,分众传媒
广告媒体,301102.SZ,兆讯传媒
底盘与发动机系统,000030.SZ,富奥股份
底盘与发动机系统,000338.SZ,潍柴动力
底盘与发动机系统,000559.SZ,万向钱潮
底盘与发动机系统,000570.SZ,苏常柴A
底盘与发动机系统,000581.SZ,威孚高科
底盘与发动机系统,000678.SZ,襄阳轴承
底盘与发动机系统,000816.SZ,智慧农业
底盘与发动机系统,000903.SZ,ST云动
底盘与发动机系统,000981.SZ,山子高科
底盘与发动机系统,001282.SZ,三联锻造
底盘与发动机系统,001285.SZ,瑞立科密
底盘与发动机系统,001380.SZ,华纬科技
底盘与发动机系统,002126.SZ,银轮股份
底盘与发动机系统,002265.SZ,建设工业
底盘与发动机系统,002283.SZ,天润工业
底盘与发动机系统,002284.SZ,亚太股份
底盘与发动机系统,002363.SZ,隆基机械
底盘与发动机系统,002406.SZ,远东传动
底盘与发动机系统,002434.SZ,万里扬
底盘与发动机系统,002448.SZ,中原内配
底盘与发动机系统,002472.SZ,双环传动
底盘与发动机系统,002536.SZ,飞龙股份
底盘与发动机系统,002553.SZ,南方精工
底盘与发动机系统,002590.SZ,万安科技
底盘与发动机系统,002592.SZ,ST八菱
底盘与发动机系统,002703.SZ,浙江世宝
底盘与发动机系统,002708.SZ,光洋股份
底盘与发动机系统,002715.SZ,登云股份
底盘与发动机系统,002806.SZ,华锋股份
底盘与发动机系统,300176.SZ,鸿特科技
底盘与发动机系统,300258.SZ,精锻科技
底盘与发动机系统,300375.SZ,鹏翎股份
底盘与发动机系统,300507.SZ,苏奥传感
底盘与发动机系统,300547.SZ,川环科技
底盘与发动机系统,300580.SZ,贝斯特
底盘与发动机系统,300585.SZ,奥联电子
底盘与发动机系统,300611.SZ,美力科技
底盘与发动机系统,300680.SZ,隆盛科技
底盘与发动机系统,300694.SZ,蠡湖股份
底盘与发动机系统,300733.SZ,西菱动力
底盘与发动机系统,301007.SZ,德迈仕
底盘与发动机系统,301020.SZ,密封科技
底盘与发动机系统,301072.SZ,中捷精工
底盘与发动机系统,301119.SZ,正强股份
底盘与发动机系统,301170.SZ,锡南科技
底盘与发动机系统,301192.SZ,泰祥股份
底盘与发动机系统,301225.SZ,恒勃股份
底盘与发动机系统,301229.SZ,纽泰格
底盘与发动机系统,301397.SZ,溯联股份
底盘与发动机系统,301550.SZ,斯菱智驱
底盘与发动机系统,301560.SZ,众捷股份
底盘与发动机系统,301667.SZ,纳百川
底盘与发动机系统,600148.SH,长春一东
底盘与发动机系统,600151.SH,航天机电
底盘与发动机系统,600178.SH,东安动力
底盘与发动机系统,600218.SH,全柴动力
底盘与发动机系统,600698.SH,湖南天雁
底盘与发动机系统,600841.SH,动力新科
底盘与发动机系统,600933.SH,爱柯迪
底盘与发动机系统,600960.SH,渤海汽车
底盘与发动机系统,601689.SH,拓普集团
底盘与发动机系统,603007.SH,顺景科技
底盘与发动机系统,603009.SH,北特科技
底盘与发动机系统,603013.SH,亚普股份
底盘与发动机系统,603037.SH,凯众股份
底盘与发动机系统,603040.SH,新坐标
底盘与发动机系统,603089.SH,正裕工业
底盘与发动机系统,603107.SH,上海汽配
底盘与发动机系统,603121.SH,华培动力
底盘与发动机系统,603158.SH,腾龙股份
底盘与发动机系统,603161.SH,科华控股
底盘与发动机系统,603166.SH,福达股份
底盘与发动机系统,603178.SH,圣龙股份
底盘与发动机系统,603286.SH,日盈电子
底盘与发动机系统,603305.SH,旭升集团
底盘与发动机系统,603319.SH,美湖股份
底盘与发动机系统,603448.SH,天博智能
底盘与发动机系统,603586.SH,金麒麟
底盘与发动机系统,603596.SH,伯特利
底盘与发动机系统,603701.SH,德宏股份
底盘与发动机系统,603758.SH,秦安股份
底盘与发动机系统,603767.SH,中马传动
底盘与发动机系统,603788.SH,宁波高发
底盘与发动机系统,603809.SH,豪能股份
底盘与发动机系统,603926.SH,铁流股份
底盘与发动机系统,603949.SH,雪龙集团
底盘与发动机系统,603950.SH,长源东谷
底盘与发动机系统,603960.SH,克来机电
底盘与发动机系统,603982.SH,泉峰汽车
底盘与发动机系统,605088.SH,冠盛股份
底盘与发动机系统,605133.SH,嵘泰股份
底盘与发动机系统,605255.SH,天普股份
底盘与发动机系统,688280.SH,精进电动-W
底盘与发动机系统,920000.BJ,安徽凤凰
底盘与发动机系统,920022.BJ,世昌股份
底盘与发动机系统,920055.BJ,隆源股份
底盘与发动机系统,920086.BJ,科马材料
底盘与发动机系统,920106.BJ,林泰新材
底盘与发动机系统,920136.BJ,永励精密
底盘与发动机系统,920146.BJ,华阳变速
底盘与发动机系统,920195.BJ,三祥科技
底盘与发动机系统,920220.BJ,朗信电气
底盘与发动机系统,920242.BJ,建邦科技
底盘与发动机系统,920269.BJ,杰锋动力
底盘与发动机系统,920271.BJ,邦德股份
底盘与发动机系统,920378.BJ,泰德股份
底盘与发动机系统,920418.BJ,苏轴股份
底盘与发动机系统,920454.BJ,同心传动
底盘与发动机系统,920837.BJ,华原股份
底盘与发动机系统,920871.BJ,派特尔
底盘与发动机系统,920896.BJ,旺成科技
底盘与发动机系统,920978.BJ,开特股份
彩电,002429.SZ,兆驰股份
彩电,002848.SZ,高斯贝尔
彩电,600060.SH,海信视像
彩电,600839.SH,四川长虹
影视动漫制作,000802.SZ,北京文化
影视动漫制作,000892.SZ,欢瑞世纪
影视动漫制作,001330.SZ,博纳影业
影视动漫制作,002292.SZ,奥飞娱乐
影视动漫制作,002343.SZ,慈文传媒
影视动漫制作,300027.SZ,ST华谊
影视动漫制作,300133.SZ,华策影视
影视动漫制作,300182.SZ,捷成股份
影视动漫制作,300251.SZ,光线传媒
影视动漫制作,300291.SZ,百纳千成
影视动漫制作,300426.SZ,华智数媒
影视动漫制作,600088.SH,中视传媒
影视动漫制作,600977.SH,中国电影
影视动漫制作,601595.SH,上海电影
影视动漫制作,603721.SH,中广天择
快递,002120.SZ,韵达股份
快递,002352.SZ,顺丰控股
快递,002468.SZ,申通快递
快递,600233.SH,圆通速递
成品家居,001323.SZ,慕思股份
成品家居,002489.SZ,浙江永强
成品家居,301061.SZ,匠心家居
成品家居,301336.SZ,趣睡科技
成品家居,301376.SZ,致欧科技
成品家居,600337.SH,ST美克
成品家居,603008.SH,ST喜临门
成品家居,603313.SH,梦百合
成品家居,603389.SH,亚振家居
成品家居,603600.SH,永艺股份
成品家居,603610.SH,麒盛科技
成品家居,603661.SH,恒林股份
成品家居,603709.SH,中源家居
成品家居,603816.SH,顾家家居
成品家居,603818.SH,曲美家居
成品家居,603848.SH,好太太
成品家居,920132.BJ,泰鹏智能
房产租赁经纪,000560.SZ,我爱我家
房产租赁经纪,002285.SZ,世联行
房产租赁经纪,600724.SH,宁波富达
房地产综合服务,600684.SH,珠江股份
房屋建设Ⅲ,000628.SZ,高新发展
房屋建设Ⅲ,002761.SZ,浙江建投
房屋建设Ⅲ,600170.SH,上海建工
房屋建设Ⅲ,600248.SH,陕建股份
房屋建设Ⅲ,600491.SH,ST龙元
房屋建设Ⅲ,600939.SH,重庆建工
房屋建设Ⅲ,601668.SH,中国建筑
房屋建设Ⅲ,601789.SH,宁波建工
摩托车,000913.SZ,钱江摩托
摩托车,003033.SZ,征和工业
摩托车,301345.SZ,涛涛车业
摩托车,601777.SH,千里科技
摩托车,603129.SH,春风动力
摩托车,603766.SH,隆鑫通用
摩托车,603776.SH,永安行
摩托车,603787.SH,新日股份
摩托车,920058.BJ,华洋赛车
改性塑料,002324.SZ,普利特
改性塑料,002768.SZ,国恩股份
改性塑料,002838.SZ,道恩股份
改性塑料,002886.SZ,沃特股份
改性塑料,300221.SZ,银禧科技
改性塑料,300478.SZ,杭州高新
改性塑料,300538.SZ,同益股份
改性塑料,300586.SZ,美联新材
改性塑料,300644.SZ,南京聚隆
改性塑料,300834.SZ,星辉环材
改性塑料,300995.SZ,奇德新材
改性塑料,301003.SZ,江苏博云
改性塑料,301131.SZ,聚赛龙
改性塑料,301538.SZ,骏鼎达
改性塑料,600143.SH,金发科技
改性塑料,688203.SH,海正生材
改性塑料,688219.SH,会通股份
改性塑料,688669.SH,聚石化学
改性塑料,920066.BJ,科拜尔
改性塑料,920089.BJ,禾昌聚合
改性塑料,920469.BJ,富恒新材
教育出版,300148.SZ,天舟文化
教育出版,300654.SZ,世纪天鸿
教育出版,600757.SH,长江传媒
教育出版,601019.SH,山东出版
教育出版,601098.SH,中南传媒
教育出版,601811.SH,新华文轩
教育出版,601900.SH,南方传媒
教育出版,601921.SH,浙版传媒
教育出版,601928.SH,凤凰传媒
教育出版,605577.SH,龙版传媒
教育运营及其他,300010.SZ,ST豆神
教育运营及其他,600880.SH,博瑞传播
数字芯片设计,001309.SZ,德明利
数字芯片设计,002049.SZ,紫光国微
数字芯片设计,002213.SZ,大为股份
数字芯片设计,300053.SZ,航宇微
数字芯片设计,300077.SZ,国民技术
数字芯片设计,300223.SZ,君正股份
数字芯片设计,300327.SZ,中颖电子
数字芯片设计,300458.SZ,全志科技
数字芯片设计,300613.SZ,富瀚微
数字芯片设计,300672.SZ,国科微
数字芯片设计,301308.SZ,江波龙
数字芯片设计,301536.SZ,星宸科技
数字芯片设计,301666.SZ,大普微-UW
数字芯片设计,603316.SH,诚邦股份
数字芯片设计,603501.SH,豪威集团
数字芯片设计,603893.SH,瑞芯微
数字芯片设计,603986.SH,兆易创新
数字芯片设计,688008.SH,澜起科技
数字芯片设计,688018.SH,乐鑫科技
数字芯片设计,688041.SH,海光信息
数字芯片设计,688047.SH,龙芯中科
数字芯片设计,688049.SH,炬芯科技
数字芯片设计,688099.SH,晶晨股份
数字芯片设计,688107.SH,安路科技
数字芯片设计,688110.SH,东芯股份
数字芯片设计,688123.SH,聚辰股份
数字芯片设计,688213.SH,思特威-W
数字芯片设计,688252.SH,天德钰
数字芯片设计,688256.SH,寒武纪
数字芯片设计,688259.SH,创耀科技
数字芯片设计,688262.SH,国芯科技
数字芯片设计,688279.SH,峰岹科技
数字芯片设计,688332.SH,中科蓝讯
数字芯片设计,688380.SH,中微半导
数字芯片设计,688385.SH,复旦微电
数字芯片设计,688416.SH,恒烁股份
数字芯片设计,688449.SH,联芸科技
数字芯片设计,688486.SH,龙迅股份
数字芯片设计,688521.SH,芯原股份
数字芯片设计,688525.SH,佰维存储
数字芯片设计,688589.SH,力合微
数字芯片设计,688591.SH,泰凌微
数字芯片设计,688593.SH,新相微
数字芯片设计,688595.SH,芯海科技
数字芯片设计,688608.SH,恒玄科技
数字芯片设计,688620.SH,安凯微
数字芯片设计,688702.SH,盛科通信-U
数字芯片设计,688709.SH,成都华微
数字芯片设计,688728.SH,格科微
数字芯片设计,688766.SH,普冉股份
数字芯片设计,688795.SH,摩尔线程-U
数字芯片设计,688801.SH,C燧原-U
数字芯片设计,688802.SH,沐曦股份-U
数字芯片设计,688807.SH,优迅股份
数字芯片设计,688825.SH,长鑫科技
数字芯片设计,920138.BJ,杰理科技
文化用品,002103.SZ,广博股份
文化用品,002301.SZ,齐心集团
文化用品,300703.SZ,创源股份
文化用品,301101.SZ,明月镜片
文化用品,603899.SH,晨光股份
文字媒体,603533.SH,掌阅科技
旅游综合,000524.SZ,岭南控股
旅游综合,000610.SZ,*ST西旅
旅游综合,000796.SZ,凯撒旅业
旅游综合,002627.SZ,三峡旅游
旅游综合,002707.SZ,众信旅游
旅游综合,600250.SH,南京商旅
旅游综合,603402.SH,陕西旅游
旅游零售Ⅲ,600185.SH,珠免集团
旅游零售Ⅲ,601888.SH,中国中免
无机盐,003017.SZ,大洋生物
无机盐,301256.SZ,华融化学
无机盐,600328.SH,中盐化工
无机盐,600367.SH,红星发展
无机盐,600714.SH,金瑞矿业
无机盐,600784.SH,鲁银投资
无机盐,600929.SH,雪天盐业
无机盐,603067.SH,振华股份
无机盐,603299.SH,苏盐井神
无机盐,603663.SH,三祥新材
有机硅,002211.SZ,ST宏达
有机硅,002909.SZ,集泰股份
有机硅,300019.SZ,硅宝科技
有机硅,300041.SZ,回天新材
有机硅,300727.SZ,润禾材料
有机硅,300821.SZ,东岳硅材
有机硅,603155.SH,新亚强
有机硅,603260.SH,合盛硅业
有机硅,603281.SH,江瀚新材
有机硅,605399.SH,晨光新材
有机硅,920015.BJ,锦华新材
期货,001236.SZ,弘业期货
期货,002961.SZ,瑞达期货
期货,600927.SH,永安期货
期货,603093.SH,南华期货
机器人,002698.SZ,博实股份
机器人,002747.SZ,埃斯顿
机器人,002979.SZ,雷赛智能
机器人,300024.SZ,机器人
机器人,300276.SZ,三丰智能
机器人,300607.SZ,拓斯达
机器人,301112.SZ,信邦智能
机器人,301199.SZ,迈赫股份
机器人,600215.SH,派斯林
机器人,603416.SH,信捷电气
机器人,603666.SH,亿嘉和
机器人,688017.SH,绿的谐波
机器人,688090.SH,瑞松科技
机器人,688165.SH,埃夫特-U
机器人,688218.SH,江苏北人
机器人,688255.SH,凯尔达
机器人,688290.SH,景业智能
机器人,688836.SH,宇树科技-W
机器人,920578.BJ,巨能股份
机器人,920579.BJ,机科股份
机器人,920593.BJ,鼎智科技
机场,000089.SZ,深圳机场
机场,600004.SH,白云机场
机场,600009.SH,上海机场
机场,600897.SH,厦门空港
机床工具,000410.SZ,沈阳机床
机床工具,000837.SZ,秦川机床
机床工具,002122.SZ,ST汇洲
机床工具,002248.SZ,华东数控
机床工具,002520.SZ,日发精机
机床工具,002559.SZ,亚威股份
机床工具,002903.SZ,宇环数控
机床工具,002943.SZ,宇晶股份
机床工具,003025.SZ,思进智能
机床工具,300161.SZ,华中数控
机床工具,300809.SZ,华辰装备
机床工具,301603.SZ,乔锋智能
机床工具,601882.SH,海天精工
机床工具,603088.SH,宁波精达
机床工具,688305.SH,科德数控
机床工具,688558.SH,国盛智科
机床工具,688577.SH,浙海德曼
机床工具,688697.SH,纽威数控
机床工具,920870.BJ,恒进感应
板材,000709.SZ,河钢股份
板材,000761.SZ,本钢板材
板材,000898.SZ,鞍钢股份
板材,000932.SZ,华菱钢铁
板材,000959.SZ,首钢股份
板材,600010.SH,包钢股份
板材,600019.SH,宝钢股份
板材,600022.SH,山东钢铁
板材,600126.SH,杭钢股份
板材,600307.SH,酒钢宏兴
板材,600569.SH,安阳钢铁
板材,600581.SH,*ST八钢
板材,600782.SH,新钢股份
板材,600808.SH,马钢股份
板材,601003.SH,柳钢股份
板材,601005.SH,重庆钢铁
林业Ⅲ,000592.SZ,平潭发展
林业Ⅲ,000663.SZ,永安林业
林业Ⅲ,002679.SZ,福建金森
林业Ⅲ,600265.SH,*ST景谷
果蔬加工,000972.SZ,中基健康
果蔬加工,300175.SZ,朗源股份
果蔬加工,600251.SH,冠农股份
果蔬加工,600962.SH,国投中鲁
果蔬加工,605198.SH,安德利
果蔬加工,920023.BJ,*ST田野
核力发电,000958.SZ,电投产融
核力发电,003816.SZ,中国广核
核力发电,601985.SH,中国核电
检测服务,002057.SZ,中钢天源
检测服务,002967.SZ,广电计量
检测服务,003008.SZ,开普检测
检测服务,300012.SZ,华测检测
检测服务,300215.SZ,电科院
检测服务,300416.SZ,苏试试验
检测服务,300797.SZ,钢研纳克
检测服务,300887.SZ,谱尼测试
检测服务,300938.SZ,信测标准
检测服务,301115.SZ,联检科技
检测服务,301228.SZ,实朴检测
检测服务,301289.SZ,国缆检测
检测服务,301449.SZ,天溯计量
检测服务,301508.SZ,中机认检
检测服务,301632.SZ,广东建科
检测服务,603060.SH,国检集团
检测服务,603183.SH,建研院
检测服务,688334.SH,西高院
检测服务,688757.SH,胜科纳米
检测服务,920122.BJ,中纺标
检测服务,920160.BJ,北矿检测
检测服务,920753.BJ,天纺标
棉纺,000726.SZ,鲁泰A
棉纺,000850.SZ,华茂股份
棉纺,002042.SZ,华孚时尚
棉纺,002083.SZ,孚日股份
棉纺,002394.SZ,联发股份
棉纺,600493.SH,凤竹纺织
棉纺,601339.SH,百隆东方
棉纺,603558.SH,健盛集团
楼宇设备,002367.SZ,康力电梯
楼宇设备,002527.SZ,新时达
楼宇设备,002689.SZ,ST远智
楼宇设备,002774.SZ,快意电梯
楼宇设备,002960.SZ,青鸟智控
楼宇设备,300669.SZ,沪宁股份
楼宇设备,300931.SZ,通用电梯
楼宇设备,301056.SZ,森赫股份
楼宇设备,600835.SH,上海机电
楼宇设备,600894.SH,广日股份
楼宇设备,603321.SH,梅轮电梯
楼宇设备,603356.SH,华菱精工
楼宇设备,603488.SH,展鹏科技
楼宇设备,605286.SH,同力天启
楼宇设备,920395.BJ,朗鸿科技
模拟芯片设计,300661.SZ,圣邦股份
模拟芯片设计,300671.SZ,富满微
模拟芯片设计,300782.SZ,卓胜微
模拟芯片设计,600171.SH,上海贝岭
模拟芯片设计,600877.SH,电科芯片
模拟芯片设计,603068.SH,博通集成
模拟芯片设计,603160.SH,汇顶科技
模拟芯片设计,603375.SH,盛景微
模拟芯片设计,688002.SH,睿创微纳
模拟芯片设计,688045.SH,必易微
模拟芯片设计,688052.SH,纳芯微
模拟芯片设计,688061.SH,灿瑞科技
模拟芯片设计,688130.SH,晶华微
模拟芯片设计,688141.SH,杰华特
模拟芯片设计,688153.SH,唯捷创芯
模拟芯片设计,688173.SH,希荻微
模拟芯片设计,688209.SH,英集芯
模拟芯片设计,688220.SH,翱捷科技-U
模拟芯片设计,688270.SH,ST臻镭
模拟芯片设计,688286.SH,敏芯股份
模拟芯片设计,688325.SH,赛微微电
模拟芯片设计,688368.SH,晶丰明源
模拟芯片设计,688381.SH,帝奥微
模拟芯片设计,688391.SH,钜泉科技
模拟芯片设计,688458.SH,美芯晟
模拟芯片设计,688484.SH,南芯科技
模拟芯片设计,688508.SH,芯朋微
模拟芯片设计,688512.SH,慧智微-U
模拟芯片设计,688515.SH,裕太微-U
模拟芯片设计,688536.SH,思瑞浦
模拟芯片设计,688582.SH,芯动联科
模拟芯片设计,688601.SH,力芯微
模拟芯片设计,688653.SH,康希通信
模拟芯片设计,688699.SH,明微电子
模拟芯片设计,688790.SH,昂瑞微-UW
模拟芯片设计,688798.SH,艾为电子
横向通用软件,002212.SZ,天融信
横向通用软件,002230.SZ,科大讯飞
横向通用软件,002279.SZ,久其软件
横向通用软件,002439.SZ,启明星辰
横向通用软件,300036.SZ,超图软件
横向通用软件,300311.SZ,任子行
横向通用软件,300369.SZ,绿盟科技
横向通用软件,300378.SZ,鼎捷数智
横向通用软件,300454.SZ,深信服
横向通用软件,300624.SZ,万兴科技
横向通用软件,300766.SZ,每日互动
横向通用软件,300768.SZ,迪普科技
横向通用软件,301270.SZ,汉仪股份
横向通用软件,301315.SZ,威士顿
横向通用软件,600288.SH,大恒科技
横向通用软件,600588.SH,用友网络
横向通用软件,601360.SH,三六零
横向通用软件,603039.SH,泛微网络
横向通用软件,688023.SH,安恒信息
横向通用软件,688030.SH,山石网科
横向通用软件,688031.SH,星环科技-U
横向通用软件,688058.SH,宝兰德
横向通用软件,688095.SH,福昕软件
横向通用软件,688111.SH,金山办公
横向通用软件,688152.SH,麒麟信安
横向通用软件,688168.SH,安博通
横向通用软件,688201.SH,ST信安
横向通用软件,688225.SH,亚信安全
横向通用软件,688244.SH,永信至诚
横向通用软件,688369.SH,致远互联
横向通用软件,688435.SH,英方软件
横向通用软件,688561.SH,奇安信-U
横向通用软件,688651.SH,盛邦安全
横向通用软件,688695.SH,中创股份
橡胶助剂,300121.SZ,阳谷华泰
橡胶助剂,603650.SH,彤程新材
民爆制品,002037.SZ,保利联合
民爆制品,002096.SZ,易普力
民爆制品,002226.SZ,江南化工
民爆制品,002246.SZ,北化股份
民爆制品,002360.SZ,ST同德
民爆制品,002497.SZ,雅化集团
民爆制品,002683.SZ,广东宏大
民爆制品,002783.SZ,凯龙股份
民爆制品,002827.SZ,高争民爆
民爆制品,002917.SZ,金奥博
民爆制品,003002.SZ,壶化股份
民爆制品,603227.SH,雪峰科技
民爆制品,603977.SH,国泰集团
氟化工,002326.SZ,永太科技
氟化工,002407.SZ,多氟多
氟化工,002915.SZ,中欣氟材
氟化工,300343.SZ,联创股份
氟化工,600160.SH,巨化股份
氟化工,600378.SH,昊华科技
氟化工,603310.SH,巍华新材
氟化工,603379.SH,三美股份
氟化工,603505.SH,金石资源
氟化工,605020.SH,永和股份
氨纶,002064.SZ,华峰化学
氮肥,000422.SZ,湖北宜化
氮肥,000731.SZ,四川美丰
氮肥,000912.SZ,泸天化
氮肥,600227.SH,赤天化
氮肥,600426.SH,华鲁恒升
氮肥,600691.SH,潞化科技
氯碱,000510.SZ,新金路
氯碱,000635.SZ,英力特
氯碱,000818.SZ,航锦科技
氯碱,002092.SZ,中泰化学
氯碱,002386.SZ,天原股份
氯碱,002748.SZ,世龙实业
氯碱,600075.SH,新疆天业
氯碱,600319.SH,亚星化学
氯碱,600618.SH,氯碱化工
氯碱,600935.SH,华塑股份
氯碱,601216.SH,君正集团
氯碱,601568.SH,北元化工
氯碱,601678.SH,滨化股份
氯碱,603213.SH,镇洋发展
水产养殖,002069.SZ,獐子岛
水产养殖,300094.SZ,国联水产
水产养殖,600257.SH,大湖股份
水产养殖,600467.SH,好当家
水产饲料,001313.SZ,粤海饲料
水产饲料,002311.SZ,海大集团
水产饲料,002696.SZ,百洋股份
水产饲料,603668.SH,天马科技
水力发电,000601.SZ,韶能股份
水力发电,000722.SZ,湖南发展
水力发电,000791.SZ,甘肃能源
水力发电,000993.SZ,闽东电力
水力发电,002039.SZ,黔源电力
水力发电,600025.SH,华能水电
水力发电,600236.SH,桂冠电力
水力发电,600292.SH,电投水电
水力发电,600674.SH,川投能源
水力发电,600868.SH,梅雁吉祥
水力发电,600886.SH,国投电力
水力发电,600900.SH,长江电力
水务及水治理,000544.SZ,中原环保
水务及水治理,000598.SZ,兴蓉环境
水务及水治理,000605.SZ,渤海股份
水务及水治理,000685.SZ,中山公用
水务及水治理,002573.SZ,清新环境
水务及水治理,002778.SZ,中晟高科
水务及水治理,003039.SZ,顺控发展
水务及水治理,300070.SZ,碧水源
水务及水治理,300172.SZ,中电环保
水务及水治理,300266.SZ,兴源环境
水务及水治理,300334.SZ,津膜科技
水务及水治理,300388.SZ,节能国祯
水务及水治理,300422.SZ,博世科
水务及水治理,300425.SZ,中建环能
水务及水治理,300437.SZ,清水源
水务及水治理,300664.SZ,鹏鹞环保
水务及水治理,300692.SZ,中赋科技
水务及水治理,300774.SZ,倍杰特
水务及水治理,300899.SZ,上海凯鑫
水务及水治理,300929.SZ,华骐环保
水务及水治理,300961.SZ,深水海纳
水务及水治理,301127.SZ,武汉天源
水务及水治理,301148.SZ,嘉戎技术
水务及水治理,301203.SZ,国泰环保
水务及水治理,301372.SZ,科净源
水务及水治理,301519.SZ,舜禹股份
水务及水治理,600008.SH,首创环保
水务及水治理,600168.SH,武汉控股
水务及水治理,600187.SH,*ST国中
水务及水治理,600283.SH,钱江水利
水务及水治理,600461.SH,洪城环境
水务及水治理,600769.SH,祥龙电业
水务及水治理,600796.SH,钱江生化
水务及水治理,600874.SH,创业环保
水务及水治理,601158.SH,重庆水务
水务及水治理,601199.SH,江南水务
水务及水治理,601368.SH,绿城水务
水务及水治理,603200.SH,上海洗霸
水务及水治理,603291.SH,联合水务
水务及水治理,603759.SH,海天股份
水务及水治理,603797.SH,联泰环保
水务及水治理,603817.SH,海峡环保
水务及水治理,603903.SH,中持股份
水务及水治理,688057.SH,金达莱
水务及水治理,688069.SH,德林海
水务及水治理,688096.SH,京源环保
水务及水治理,688101.SH,三达膜
水务及水治理,688335.SH,复洁科技
水务及水治理,688466.SH,金科环境
水务及水治理,688565.SH,力源科技
水泥制品,002205.SZ,国统股份
水泥制品,002302.SZ,西部建设
水泥制品,002596.SZ,海南瑞泽
水泥制品,002671.SZ,龙泉股份
水泥制品,003037.SZ,三和管桩
水泥制品,603616.SH,韩建河山
水泥制品,605122.SH,四方新材
水泥制造,000401.SZ,金隅冀东
水泥制造,000672.SZ,上峰材料
水泥制造,000789.SZ,万年青
水泥制造,000877.SZ,天山股份
水泥制造,002233.SZ,塔牌集团
水泥制造,600326.SH,西藏天路
水泥制造,600425.SH,青松建化
水泥制造,600449.SH,宁夏建材
水泥制造,600585.SH,海螺水泥
水泥制造,600668.SH,尖峰集团
水泥制造,600678.SH,ST金顶
水泥制造,600801.SH,华新建材
水泥制造,600802.SH,福建水泥
水泥制造,601992.SH,金隅集团
汽车电子电气系统,000901.SZ,航天科技
汽车电子电气系统,000980.SZ,众泰汽车
汽车电子电气系统,001365.SZ,天海电子
汽车电子电气系统,002239.SZ,奥特佳
汽车电子电气系统,002454.SZ,松芝股份
汽车电子电气系统,002664.SZ,信质集团
汽车电子电气系统,002766.SZ,索菱股份
汽车电子电气系统,002813.SZ,路畅科技
汽车电子电气系统,002870.SZ,香山股份
汽车电子电气系统,002906.SZ,华阳集团
汽车电子电气系统,002937.SZ,兴瑞科技
汽车电子电气系统,300304.SZ,云意电气
汽车电子电气系统,300681.SZ,英搏尔
汽车电子电气系统,300745.SZ,欣锐科技
汽车电子电气系统,300863.SZ,卡倍亿
汽车电子电气系统,300928.SZ,华安鑫创
汽车电子电气系统,301221.SZ,光庭信息
汽车电子电气系统,301310.SZ,鑫宏业
汽车电子电气系统,301488.SZ,豪恩汽电
汽车电子电气系统,301499.SZ,维科精密
汽车电子电气系统,301581.SZ,黄山谷捷
汽车电子电气系统,301607.SZ,富特科技
汽车电子电气系统,301631.SZ,壹连科技
汽车电子电气系统,301655.SZ,绿控传动
汽车电子电气系统,301656.SZ,联合动力
汽车电子电气系统,600651.SH,飞乐音响
汽车电子电气系统,600699.SH,均胜电子
汽车电子电气系统,603023.SH,威帝股份
汽车电子电气系统,603179.SH,新泉股份
汽车电子电气系统,603202.SH,天有为
汽车电子电气系统,603293.SH,埃泰克
汽车电子电气系统,603376.SH,大明电子
汽车电子电气系统,603390.SH,通达电气
汽车电子电气系统,603786.SH,科博达
汽车电子电气系统,605005.SH,合兴股份
汽车电子电气系统,605333.SH,沪光股份
汽车电子电气系统,688533.SH,上声电子
汽车电子电气系统,688612.SH,威迈斯
汽车电子电气系统,688667.SH,菱电电控
汽车电子电气系统,920436.BJ,大地电气
汽车经销商,600335.SH,国机汽车
汽车经销商,600386.SH,北巴传媒
汽车经销商,600653.SH,申华控股
汽车经销商,600822.SH,上海物贸
汽车经销商,920030.BJ,德众汽车
汽车综合服务,000757.SZ,浩物股份
汽车综合服务,300825.SZ,阿尔特
汽车综合服务,301215.SZ,中汽股份
汽车综合服务,600676.SH,久事动娱
汽车综合服务,601965.SH,中国汽研
油品石化贸易,000096.SZ,广聚能源
油品石化贸易,000554.SZ,泰山石油
油品石化贸易,001316.SZ,润贝航科
油品石化贸易,600256.SH,广汇能源
油品石化贸易,603223.SH,恒通股份
油品石化贸易,603353.SH,和顺石油
油气及炼化工程,002554.SZ,惠博普
油气及炼化工程,300164.SZ,通源石油
油气及炼化工程,300191.SZ,潜能恒信
油气及炼化工程,600339.SH,中油工程
油气及炼化工程,600583.SH,海油工程
油气及炼化工程,603727.SH,博迈科
油气开采Ⅲ,000968.SZ,蓝焰控股
油气开采Ⅲ,600759.SH,ST洲际
油气开采Ⅲ,600777.SH,新潮能源
油气开采Ⅲ,600938.SH,中国海油
油田服务,002207.SZ,*ST准油
油田服务,002629.SZ,仁智股份
油田服务,002828.SZ,贝肯能源
油田服务,600871.SH,石化油服
油田服务,600968.SH,海油发展
油田服务,601808.SH,中海油服
油田服务,603619.SH,中曼石油
油田服务,920088.BJ,科力股份
洗护用品,001328.SZ,登康口腔
洗护用品,600249.SH,两面针
洗护用品,603059.SH,倍加洁
洗护用品,603193.SH,润本股份
海洋捕捞,000798.SZ,中水渔业
海洋捕捞,600097.SH,开创国际
涂料,603378.SH,*ST亚士
涂料,603737.SH,三棵树
涂料油墨,000565.SZ,渝三峡A
涂料油墨,001335.SZ,信凯科技
涂料油墨,002319.SZ,乐通股份
涂料油墨,300225.SZ,金力泰
涂料油墨,300522.SZ,世名科技
涂料油墨,300665.SZ,飞鹿股份
涂料油墨,300758.SZ,七彩化学
涂料油墨,301036.SZ,双乐股份
涂料油墨,301037.SZ,保立佳
涂料油墨,301209.SZ,联合化学
涂料油墨,301683.SZ,慧谷新材
涂料油墨,603062.SH,麦加芯彩
涂料油墨,603110.SH,东方材料
涂料油墨,603378.SH,*ST亚士
涂料油墨,603737.SH,三棵树
涂料油墨,603823.SH,百合花
涂料油墨,688129.SH,东来技术
涂料油墨,688157.SH,松井股份
涂料油墨,688571.SH,杭华股份
涂料油墨,920107.BJ,恒兴股份
涂料油墨,920206.BJ,彩客科技
消费电子零部件及组装,000021.SZ,深科技
消费电子零部件及组装,001314.SZ,亿道信息
消费电子零部件及组装,002055.SZ,ST得润
消费电子零部件及组装,002139.SZ,拓邦股份
消费电子零部件及组装,002241.SZ,歌尔股份
消费电子零部件及组装,002369.SZ,卓翼科技
消费电子零部件及组装,002402.SZ,和而泰
消费电子零部件及组装,002426.SZ,胜利精密
消费电子零部件及组装,002475.SZ,立讯精密
消费电子零部件及组装,002600.SZ,领益智造
消费电子零部件及组装,002635.SZ,安洁科技
消费电子零部件及组装,002655.SZ,共达电声
消费电子零部件及组装,002660.SZ,茂硕电源
消费电子零部件及组装,002681.SZ,奋达科技
消费电子零部件及组装,002855.SZ,捷荣技术
消费电子零部件及组装,002861.SZ,瀛通通讯
消费电子零部件及组装,002866.SZ,传艺科技
消费电子零部件及组装,002925.SZ,盈趣科技
消费电子零部件及组装,002947.SZ,恒铭达
消费电子零部件及组装,002981.SZ,朝阳科技
消费电子零部件及组装,002993.SZ,奥海科技
消费电子零部件及组装,300032.SZ,金龙机电
消费电子零部件及组装,300115.SZ,长盈精密
消费电子零部件及组装,300128.SZ,锦富技术
消费电子零部件及组装,300136.SZ,信维通信
消费电子零部件及组装,300256.SZ,星星科技
消费电子零部件及组装,300322.SZ,硕贝德
消费电子零部件及组装,300433.SZ,蓝思科技
消费电子零部件及组装,300602.SZ,飞荣达
消费电子零部件及组装,300647.SZ,超频三
消费电子零部件及组装,300679.SZ,电连技术
消费电子零部件及组装,300686.SZ,智动力
消费电子零部件及组装,300709.SZ,精研科技
消费电子零部件及组装,300735.SZ,光弘科技
消费电子零部件及组装,300784.SZ,利安科技
消费电子零部件及组装,300787.SZ,海能实业
消费电子零部件及组装,300793.SZ,佳禾智能
消费电子零部件及组装,300812.SZ,易天股份
消费电子零部件及组装,300822.SZ,贝仕达克
消费电子零部件及组装,300843.SZ,胜蓝股份
消费电子零部件及组装,300857.SZ,协创数据
消费电子零部件及组装,300868.SZ,杰美特
消费电子零部件及组装,300916.SZ,朗特智能
消费电子零部件及组装,300951.SZ,博硕科技
消费电子零部件及组装,300956.SZ,英力股份
消费电子零部件及组装,300968.SZ,格林精密
消费电子零部件及组装,300976.SZ,达瑞电子
消费电子零部件及组装,301051.SZ,信濠光电
消费电子零部件及组装,301067.SZ,显盈科技
消费电子零部件及组装,301086.SZ,鸿富瀚
消费电子零部件及组装,301123.SZ,奕东电子
消费电子零部件及组装,301180.SZ,万祥科技
消费电子零部件及组装,301285.SZ,鸿日达
消费电子零部件及组装,301326.SZ,捷邦科技
消费电子零部件及组装,301329.SZ,信音电子
消费电子零部件及组装,301383.SZ,天键股份
消费电子零部件及组装,301387.SZ,光大同创
消费电子零部件及组装,301389.SZ,隆扬电子
消费电子零部件及组装,301486.SZ,致尚科技
消费电子零部件及组装,301491.SZ,汉桑科技
消费电子零部件及组装,301567.SZ,贝隆精密
消费电子零部件及组装,301626.SZ,苏州天脉
消费电子零部件及组装,600130.SH,波导股份
消费电子零部件及组装,600203.SH,福日电子
消费电子零部件及组装,600363.SH,联创光电
消费电子零部件及组装,601138.SH,工业富联
消费电子零部件及组装,601231.SH,环旭电子
消费电子零部件及组装,603052.SH,可川科技
消费电子零部件及组装,603296.SH,华勤技术
消费电子零部件及组装,603327.SH,福蓉科技
消费电子零部件及组装,603341.SH,龙旗科技
消费电子零部件及组装,603380.SH,易德龙
消费电子零部件及组装,603595.SH,ST东尼
消费电子零部件及组装,603626.SH,科森科技
消费电子零部件及组装,603629.SH,利通电子
消费电子零部件及组装,603633.SH,徕木股份
消费电子零部件及组装,603890.SH,春秋电子
消费电子零部件及组装,605277.SH,新亚电子
消费电子零部件及组装,688210.SH,统联精密
消费电子零部件及组装,688260.SH,昀冢科技
消费电子零部件及组装,688678.SH,福立旺
消费电子零部件及组装,920005.BJ,鼎佳精密
消费电子零部件及组装,920212.BJ,智新电子
消费电子零部件及组装,920267.BJ,鑫汇科
消费电子零部件及组装,920346.BJ,威贸电子
消费电子零部件及组装,920357.BJ,雅葆轩
消费电子零部件及组装,920701.BJ,豪声电子
消费电子零部件及组装,920857.BJ,泓禧科技
消费电子零部件及组装,920876.BJ,慧为智能
涤纶,000936.SZ,华西股份
涤纶,002206.SZ,海利得
涤纶,002427.SZ,尤夫股份
涤纶,002998.SZ,优彩资源
涤纶,301057.SZ,汇隆新材
涤纶,600370.SH,*ST三房
涤纶,603073.SH,彩蝶实业
涤纶,603225.SH,新凤鸣
涤纶,603332.SH,苏州龙杰
涤纶,603406.SH,天富龙
清洁小家电,300272.SZ,开能健康
清洁小家电,301187.SZ,欧圣电气
清洁小家电,301332.SZ,德尔玛
清洁小家电,603219.SH,富佳股份
清洁小家电,603355.SH,莱克电气
清洁小家电,603486.SH,科沃斯
清洁小家电,605555.SH,德昌股份
清洁小家电,688169.SH,石头科技
清洁小家电,920081.BJ,欧伦电气
港口,000088.SZ,盐田港
港口,000582.SZ,北部湾港
港口,000905.SZ,厦门港务
港口,001872.SZ,招商港口
港口,002040.SZ,南京港
港口,600017.SH,日照港
港口,600018.SH,上港集团
港口,600279.SH,重庆港
港口,600717.SH,天津港
港口,601000.SH,唐山港
港口,601008.SH,连云港
港口,601018.SH,宁波港
港口,601228.SH,广州港
港口,601298.SH,青岛港
港口,601326.SH,秦港股份
港口,601880.SH,辽港股份
游戏Ⅲ,002174.SZ,游族网络
游戏Ⅲ,002425.SZ,凯撒文化
游戏Ⅲ,002517.SZ,恺英网络
游戏Ⅲ,002555.SZ,三七互娱
游戏Ⅲ,002558.SZ,巨人网络
游戏Ⅲ,002602.SZ,世纪华通
游戏Ⅲ,002605.SZ,姚记科技
游戏Ⅲ,002624.SZ,完美世界
游戏Ⅲ,002919.SZ,名臣健康
游戏Ⅲ,300002.SZ,神州泰岳
游戏Ⅲ,300031.SZ,宝通科技
游戏Ⅲ,300043.SZ,星辉娱乐
游戏Ⅲ,300052.SZ,中青宝
游戏Ⅲ,300113.SZ,顺网科技
游戏Ⅲ,300299.SZ,富春股份
游戏Ⅲ,300315.SZ,掌趣科技
游戏Ⅲ,300418.SZ,昆仑万维
游戏Ⅲ,300459.SZ,汤姆猫
游戏Ⅲ,300467.SZ,迅游科技
游戏Ⅲ,300494.SZ,盛天网络
游戏Ⅲ,300533.SZ,冰川网络
游戏Ⅲ,600633.SH,浙数文化
游戏Ⅲ,600715.SH,文投控股
游戏Ⅲ,600892.SH,大晟文化
游戏Ⅲ,603258.SH,电魂网络
游戏Ⅲ,603444.SH,吉比特
激光设备,000988.SZ,华工科技
激光设备,002008.SZ,大族激光
激光设备,300220.SZ,金运激光
激光设备,300227.SZ,光韵达
激光设备,300747.SZ,锐科激光
激光设备,301021.SZ,英诺激光
激光设备,688025.SH,杰普特
激光设备,688170.SH,德龙激光
激光设备,688518.SH,联赢激光
激光设备,688559.SH,海目星
激光设备,688646.SH,逸飞激光
激光设备,688826.SH,频准激光
火力发电,000027.SZ,深圳能源
火力发电,000037.SZ,深南电A
火力发电,000531.SZ,穗恒运A
火力发电,000539.SZ,粤电力A
火力发电,000543.SZ,皖能电力
火力发电,000600.SZ,建投能源
火力发电,000690.SZ,宝新能源
火力发电,000767.SZ,晋控电力
火力发电,000966.SZ,长源电力
火力发电,001286.SZ,陕西能源
火力发电,001896.SZ,豫能控股
火力发电,002039.SZ,黔源电力
火力发电,600011.SH,华能国际
火力发电,600021.SH,上海电力
火力发电,600023.SH,浙能电力
火力发电,600027.SH,华电国际
火力发电,600098.SH,广州发展
火力发电,600396.SH,华电辽能
火力发电,600483.SH,福能股份
火力发电,600509.SH,天富能源
火力发电,600578.SH,京能电力
火力发电,600642.SH,申能股份
火力发电,600726.SH,华电能源
火力发电,600744.SH,华银电力
火力发电,600780.SH,通宝能源
火力发电,600795.SH,国电电力
火力发电,600863.SH,华能蒙电
火力发电,600886.SH,国投电力
火力发电,601991.SH,大唐发电
火电设备,002255.SZ,海陆重工
火电设备,002534.SZ,西子洁能
火电设备,002630.SZ,*ST华西
炭黑,001207.SZ,联科科技
炭黑,002068.SZ,黑猫股份
炭黑,002442.SZ,龙星科技
炭黑,002753.SZ,永东股份
炭黑,301300.SZ,远翔新材
炭黑,605183.SH,确成股份
炼油化工,000059.SZ,华锦股份
炼油化工,000301.SZ,东方盛虹
炼油化工,000698.SZ,ST沈化
炼油化工,000703.SZ,恒逸石化
炼油化工,002493.SZ,荣盛石化
炼油化工,600028.SH,中国石化
炼油化工,600346.SH,恒力石化
炼油化工,600506.SH,统一股份
炼油化工,600688.SH,上海石化
炼油化工,601857.SH,中国石油
烘焙食品,001219.SZ,青岛食品
烘焙食品,002719.SZ,ST麦趣
烘焙食品,002820.SZ,桂发祥
烘焙食品,002956.SZ,西麦食品
烘焙食品,300973.SZ,立高食品
烘焙食品,603043.SH,广州酒家
烘焙食品,603866.SH,桃李面包
烘焙食品,603886.SH,元祖股份
烘焙食品,605339.SH,南侨食品
热力服务,000692.SZ,惠天热电
热力服务,001210.SZ,金房能源
热力服务,001376.SZ,百通能源
热力服务,002015.SZ,协鑫能科
热力服务,002479.SZ,富春环保
热力服务,002893.SZ,京能热力
热力服务,300335.SZ,迪森股份
热力服务,600052.SH,东望时代
热力服务,600149.SH,廊坊发展
热力服务,600167.SH,联美控股
热力服务,600226.SH,亨通股份
热力服务,600475.SH,华光环能
热力服务,600719.SH,大连热电
热力服务,600982.SH,宁波能源
热力服务,603071.SH,物产环能
热力服务,605011.SH,杭州热电
热力服务,605028.SH,世茂能源
热力服务,605162.SH,新中港
热力服务,605580.SH,恒盛能源
焦炭Ⅲ,000723.SZ,美锦能源
焦炭Ⅲ,600408.SH,安泰集团
焦炭Ⅲ,600725.SH,云维股份
焦炭Ⅲ,600740.SH,山西焦化
焦炭Ⅲ,600792.SH,云煤能源
焦炭Ⅲ,601011.SH,宝泰隆
焦炭Ⅲ,601015.SH,陕西黑猫
焦煤,000937.SZ,冀中能源
焦煤,000983.SZ,山西焦煤
焦煤,600123.SH,兰花科创
焦煤,600348.SH,华阳股份
焦煤,600395.SH,盘江股份
焦煤,600508.SH,上海能源
焦煤,600758.SH,辽宁能源
焦煤,600985.SH,淮北矿业
焦煤,600997.SH,开滦股份
焦煤,601666.SH,平煤股份
焦煤,601699.SH,潞安环能
煤化工,000830.SZ,鲁西化工
煤化工,000990.SZ,诚志股份
煤化工,002274.SZ,华昌化工
煤化工,600623.SH,华谊集团
煤化工,600722.SH,金牛化工
煤化工,600746.SH,江苏索普
煤化工,600844.SH,金煤科技
煤化工,600989.SH,宝丰能源
照明设备Ⅲ,000541.SZ,佛山照明
照明设备Ⅲ,001326.SZ,联域股份
照明设备Ⅲ,002076.SZ,星光股份
照明设备Ⅲ,002638.SZ,勤上股份
照明设备Ⅲ,002723.SZ,小崧股份
照明设备Ⅲ,002724.SZ,海洋王
照明设备Ⅲ,300625.SZ,三雄极光
照明设备Ⅲ,301362.SZ,民爆光电
照明设备Ⅲ,600261.SH,阳光照明
照明设备Ⅲ,603303.SH,得邦照明
照明设备Ⅲ,603515.SH,欧普照明
照明设备Ⅲ,605365.SH,立达信
照明设备Ⅲ,920339.BJ,恒太照明
照明设备Ⅲ,920641.BJ,格利尔
熟食,002695.SZ,煌上煌
熟食,603057.SH,紫燕食品
熟食,603517.SH,ST绝味
燃料电池,688339.SH,亿华通-U
燃气Ⅲ,000407.SZ,胜利股份
燃气Ⅲ,000593.SZ,德龙汇能
燃气Ⅲ,000669.SZ,ST金鸿
燃气Ⅲ,001299.SZ,美能能源
燃气Ⅲ,001331.SZ,胜通能源
燃气Ⅲ,002259.SZ,升达林业
燃气Ⅲ,002267.SZ,陕天然气
燃气Ⅲ,002700.SZ,万憬能源
燃气Ⅲ,002911.SZ,佛燃能源
燃气Ⅲ,300332.SZ,天壕能源
燃气Ⅲ,300483.SZ,首华燃气
燃气Ⅲ,600333.SH,长春燃气
燃气Ⅲ,600617.SH,国新能源
燃气Ⅲ,600635.SH,大众公用
燃气Ⅲ,600681.SH,百川能源
燃气Ⅲ,600803.SH,新奥股份
燃气Ⅲ,600903.SH,贵州燃气
燃气Ⅲ,600917.SH,重庆燃气
燃气Ⅲ,601139.SH,深圳燃气
燃气Ⅲ,603053.SH,成都燃气
燃气Ⅲ,603080.SH,新疆火炬
燃气Ⅲ,603318.SH,水发燃气
燃气Ⅲ,603393.SH,新天然气
燃气Ⅲ,603689.SH,皖天然气
燃气Ⅲ,603706.SH,东方环宇
燃气Ⅲ,605090.SH,九丰能源
燃气Ⅲ,605169.SH,洪通燃气
燃气Ⅲ,605368.SH,蓝天燃气
燃气Ⅲ,920010.BJ,凯添燃气
燃气Ⅲ,920014.BJ,特瑞斯
物业管理,000056.SZ,*ST皇庭
物业管理,001914.SZ,招商积余
物业管理,002188.SZ,中天服务
物业管理,002968.SZ,新大正
物业管理,300917.SZ,特发服务
物业管理,600136.SH,ST明诚
物业管理,600743.SH,华远控股
物业管理,603506.SH,南都物业
特种纸,002012.SZ,凯恩股份
特种纸,002235.SZ,安妮股份
特种纸,002521.SZ,齐峰新材
特种纸,301469.SZ,恒达新材
特种纸,600103.SH,青山纸业
特种纸,600235.SH,民丰特纸
特种纸,600356.SH,恒丰纸业
特种纸,600433.SH,冠豪高新
特种纸,600793.SH,宜宾纸业
特种纸,603733.SH,仙鹤股份
特种纸,605007.SH,五洲特纸
特种纸,605377.SH,华旺科技
特种纸,920288.BJ,华大海天
特种纸,920394.BJ,民士达
特钢Ⅲ,000708.SZ,中信特钢
特钢Ⅲ,000825.SZ,太钢不锈
特钢Ⅲ,002075.SZ,沙钢股份
特钢Ⅲ,002318.SZ,久立特材
特钢Ⅲ,002443.SZ,金洲管道
特钢Ⅲ,002478.SZ,常宝股份
特钢Ⅲ,300881.SZ,盛德鑫泰
特钢Ⅲ,600117.SH,西宁特钢
特钢Ⅲ,600282.SH,南钢股份
特钢Ⅲ,600399.SH,抚顺特钢
特钢Ⅲ,600507.SH,方大特钢
特钢Ⅲ,603995.SH,甬金股份
环保设备Ⅲ,000551.SZ,创元科技
环保设备Ⅲ,000820.SZ,神雾节能
环保设备Ⅲ,000890.SZ,法尔胜
环保设备Ⅲ,000967.SZ,盈峰环境
环保设备Ⅲ,001336.SZ,楚环科技
环保设备Ⅲ,002645.SZ,华宏科技
环保设备Ⅲ,002658.SZ,雪迪龙
环保设备Ⅲ,300105.SZ,龙源技术
环保设备Ⅲ,300137.SZ,先河环保
环保设备Ⅲ,300203.SZ,聚光科技
环保设备Ⅲ,300210.SZ,森远股份
环保设备Ⅲ,300631.SZ,久吾高科
环保设备Ⅲ,300786.SZ,国林科技
环保设备Ⅲ,300800.SZ,力合科技
环保设备Ⅲ,301081.SZ,严牌股份
环保设备Ⅲ,301288.SZ,清研环境
环保设备Ⅲ,600388.SH,紫金龙净
环保设备Ⅲ,600526.SH,菲达环保
环保设备Ⅲ,600817.SH,宇通重工
环保设备Ⅲ,603126.SH,中材节能
环保设备Ⅲ,603282.SH,亚光股份
环保设备Ⅲ,603324.SH,盛剑科技
环保设备Ⅲ,688309.SH,恒誉科技
环保设备Ⅲ,688376.SH,美埃科技
环保设备Ⅲ,688501.SH,青达环保
环保设备Ⅲ,688671.SH,碧兴物联
环保设备Ⅲ,920145.BJ,恒合股份
玻璃制造,000012.SZ,南玻A
玻璃制造,002613.SZ,北玻股份
玻璃制造,600293.SH,三峡新材
玻璃制造,600586.SH,金晶科技
玻璃制造,600819.SH,耀皮玻璃
玻璃制造,600876.SH,凯盛新能
玻璃制造,601636.SH,旗滨集团
玻纤制造,002080.SZ,中材科技
玻纤制造,002201.SZ,九鼎新材
玻纤制造,300196.SZ,长海股份
玻纤制造,301526.SZ,国际复材
玻纤制造,600176.SH,中国巨石
玻纤制造,601112.SH,振石股份
玻纤制造,603256.SH,宏和科技
玻纤制造,603601.SH,再升科技
玻纤制造,605006.SH,山东玻纤
瓷砖地板,000910.SZ,大亚圣象
瓷砖地板,001386.SZ,马可波罗
瓷砖地板,002162.SZ,悦心健康
瓷砖地板,002631.SZ,德尔未来
瓷砖地板,002798.SZ,帝欧水华
瓷砖地板,002918.SZ,蒙娜丽莎
瓷砖地板,003011.SZ,海象新材
瓷砖地板,003012.SZ,东鹏控股
瓷砖地板,301356.SZ,天振股份
瓷砖地板,301588.SZ,美新科技
瓷砖地板,603221.SH,爱丽家居
瓷砖地板,603226.SH,菲林格尔
瓷砖地板,603725.SH,天安新材
生活用纸,001206.SZ,依依股份
生活用纸,002511.SZ,中顺洁柔
生活用纸,003006.SZ,百亚股份
生活用纸,300658.SZ,延江股份
生活用纸,300888.SZ,稳健医疗
生活用纸,301009.SZ,可靠股份
生活用纸,301108.SZ,洁雅股份
生活用纸,605009.SH,豪悦护理
生猪养殖,000048.SZ,京基智农
生猪养殖,000735.SZ,罗牛山
生猪养殖,001201.SZ,东瑞股份
生猪养殖,002124.SZ,天邦食品
生猪养殖,002157.SZ,正邦科技
生猪养殖,002714.SZ,牧原股份
生猪养殖,300498.SZ,温氏股份
生猪养殖,600975.SH,新五丰
生猪养殖,603477.SH,巨星农牧
生猪养殖,603717.SH,天域生物
生猪养殖,605296.SH,神农集团
电信运营商,600050.SH,中国联通
电信运营商,600941.SH,中国移动
电信运营商,601728.SH,中国电信
电动乘用车,002594.SZ,比亚迪
电动乘用车,600733.SH,北汽蓝谷
电动乘用车,601127.SH,赛力斯
电商服务,002127.SZ,南极电商
电商服务,003010.SZ,若羽臣
电商服务,300518.SZ,新迅达
电商服务,300792.SZ,壹网壹创
电商服务,301001.SZ,凯淳股份
电商服务,301110.SZ,青木科技
电商服务,600539.SH,狮头股份
电商服务,605136.SH,丽人丽妆
电子化学品Ⅲ,002643.SZ,万润股份
电子化学品Ⅲ,002741.SZ,光华科技
电子化学品Ⅲ,300200.SZ,高盟新材
电子化学品Ⅲ,300236.SZ,上海新阳
电子化学品Ⅲ,300285.SZ,国瓷材料
电子化学品Ⅲ,300346.SZ,南大光电
电子化学品Ⅲ,300398.SZ,飞凯材料
电子化学品Ⅲ,300429.SZ,强力新材
电子化学品Ⅲ,300481.SZ,濮阳惠成
电子化学品Ⅲ,300537.SZ,广信材料
电子化学品Ⅲ,300576.SZ,容大感光
电子化学品Ⅲ,300655.SZ,晶瑞电材
电子化学品Ⅲ,300684.SZ,中石科技
电子化学品Ⅲ,300721.SZ,怡达股份
电子化学品Ⅲ,301319.SZ,唯特偶
电子化学品Ⅲ,603078.SH,江化微
电子化学品Ⅲ,688019.SH,安集科技
电子化学品Ⅲ,688035.SH,德邦科技
电子化学品Ⅲ,688106.SH,金宏气体
电子化学品Ⅲ,688150.SH,莱特光电
电子化学品Ⅲ,688233.SH,神工股份
电子化学品Ⅲ,688268.SH,华特气体
电子化学品Ⅲ,688269.SH,凯立新材
电子化学品Ⅲ,688300.SH,联瑞新材
电子化学品Ⅲ,688359.SH,三孚新科
电子化学品Ⅲ,688371.SH,菲沃泰
电子化学品Ⅲ,688378.SH,奥来德
电子化学品Ⅲ,688545.SH,兴福电子
电子化学品Ⅲ,688549.SH,中巨芯-U
电子化学品Ⅲ,688550.SH,瑞联新材
电子化学品Ⅲ,688596.SH,正帆科技
电子化学品Ⅲ,688603.SH,天承科技
电子化学品Ⅲ,688630.SH,芯碁微装
电子化学品Ⅲ,688683.SH,莱尔科技
电子化学品Ⅲ,688733.SH,壹石通
电子化学品Ⅲ,920526.BJ,凯华材料
电工仪器仪表,002121.SZ,科陆电子
电工仪器仪表,002546.SZ,新联电子
电工仪器仪表,002857.SZ,三晖电气
电工仪器仪表,002980.SZ,华盛昌
电工仪器仪表,300286.SZ,安科瑞
电工仪器仪表,300360.SZ,炬华科技
电工仪器仪表,300514.SZ,友讯达
电工仪器仪表,300880.SZ,迦南智能
电工仪器仪表,300882.SZ,万胜智能
电工仪器仪表,601222.SH,林洋能源
电工仪器仪表,603556.SH,海兴电力
电工仪器仪表,688597.SH,煜邦电力
电工仪器仪表,688616.SH,西力科技
电工仪器仪表,920029.BJ,开发科技
电工仪器仪表,920556.BJ,雅达股份
电机Ⅲ,000922.SZ,佳电股份
电机Ⅲ,002176.SZ,江特电机
电机Ⅲ,002196.SZ,方正电机
电机Ⅲ,002249.SZ,大洋电机
电机Ⅲ,002576.SZ,通达动力
电机Ⅲ,002801.SZ,微光股份
电机Ⅲ,002823.SZ,凯中精密
电机Ⅲ,002892.SZ,科力尔
电机Ⅲ,003021.SZ,兆威机电
电机Ⅲ,300626.SZ,华瑞股份
电机Ⅲ,300660.SZ,江苏雷利
电机Ⅲ,300907.SZ,康平科技
电机Ⅲ,301023.SZ,奕帆传动
电机Ⅲ,301226.SZ,祥明智能
电机Ⅲ,301502.SZ,华阳智能
电机Ⅲ,301696.SZ,三瑞智能
电机Ⅲ,600416.SH,湘电股份
电机Ⅲ,600580.SH,卧龙电驱
电机Ⅲ,603320.SH,迪贝电气
电机Ⅲ,603344.SH,星德胜
电机Ⅲ,603350.SH,安乃达
电机Ⅲ,603370.SH,华新精科
电机Ⅲ,603489.SH,八方股份
电机Ⅲ,603728.SH,鸣志电器
电机Ⅲ,603819.SH,神力股份
电机Ⅲ,603988.SH,中电电机
电机Ⅲ,920011.BJ,晨光电机
电机Ⅲ,920100.BJ,三协电机
电池化学品,000009.SZ,中国宝安
电池化学品,000695.SZ,滨海能源
电池化学品,001301.SZ,尚太科技
电池化学品,002058.SZ,紫竹高科
电池化学品,002125.SZ,湘潭电化
电池化学品,002340.SZ,格林美
电池化学品,002709.SZ,天赐材料
电池化学品,002759.SZ,ST天际
电池化学品,002805.SZ,丰元股份
电池化学品,002812.SZ,恩捷股份
电池化学品,300035.SZ,中科电气
电池化学品,300037.SZ,新宙邦
电池化学品,300073.SZ,当升科技
电池化学品,300340.SZ,科恒股份
电池化学品,300390.SZ,天华新能
电池化学品,300409.SZ,道氏技术
电池化学品,300432.SZ,富临精工
电池化学品,300477.SZ,ST合纵
电池化学品,300568.SZ,星源材质
电池化学品,300769.SZ,德方纳米
电池化学品,300890.SZ,翔丰华
电池化学品,300919.SZ,中伟新材
电池化学品,301152.SZ,天力锂能
电池化学品,301238.SZ,瑞泰新材
电池化学品,301292.SZ,海科新源
电池化学品,301349.SZ,信德新材
电池化学品,301358.SZ,湖南裕能
电池化学品,301487.SZ,盟固利
电池化学品,600884.SH,杉杉股份
电池化学品,603026.SH,石大胜华
电池化学品,603659.SH,璞泰来
电池化学品,603906.SH,龙蟠科技
电池化学品,688005.SH,容百科技
电池化学品,688116.SH,天奈科技
电池化学品,688148.SH,芳源股份
电池化学品,688184.SH,ST帕瓦
电池化学品,688275.SH,万润新能
电池化学品,688353.SH,华盛锂电
电池化学品,688707.SH,振华新材
电池化学品,688733.SH,壹石通
电池化学品,688778.SH,厦钨新能
电池化学品,688779.SH,五矿新能
电池化学品,920185.BJ,贝特瑞
电池化学品,920809.BJ,安达科技
电网自动化设备,000400.SZ,许继电气
电网自动化设备,002090.SZ,金智科技
电网自动化设备,002121.SZ,科陆电子
电网自动化设备,002339.SZ,积成电子
电网自动化设备,002350.SZ,北京科锐
电网自动化设备,002546.SZ,新联电子
电网自动化设备,300222.SZ,科大智能
电网自动化设备,300286.SZ,安科瑞
电网自动化设备,300356.SZ,光一科技
电网自动化设备,300407.SZ,凯发电气
电网自动化设备,300477.SZ,合纵科技
电网自动化设备,300510.SZ,金冠股份
电网自动化设备,301179.SZ,泽宇智能
电网自动化设备,301609.SZ,山大电力
电网自动化设备,600268.SH,国电南自
电网自动化设备,600406.SH,国电南瑞
电网自动化设备,600560.SH,金自天正
电网自动化设备,600885.SH,宏发股份
电网自动化设备,601126.SH,四方股份
电网自动化设备,601616.SH,广电电气
电网自动化设备,603050.SH,科林电气
电网自动化设备,688191.SH,智洋创新
电网自动化设备,688248.SH,南网科技
电网自动化设备,688330.SH,宏力达
电网自动化设备,688450.SH,光格科技
电网自动化设备,688611.SH,杭州柯林
电网自动化设备,688681.SH,科汇股份
电网自动化设备,920375.BJ,派诺科技
电网自动化设备,920508.BJ,殷图网联
电能综合服务,000631.SZ,顺发恒能
电能综合服务,000875.SZ,电投绿能
电能综合服务,000883.SZ,湖北能源
电能综合服务,003035.SZ,南网能源
电能综合服务,300040.SZ,九洲集团
电能综合服务,600101.SH,明星电力
电能综合服务,600116.SH,三峡水利
电能综合服务,600157.SH,永泰能源
电能综合服务,600310.SH,广西能源
电能综合服务,600452.SH,涪陵电力
电能综合服务,600483.SH,福能股份
电能综合服务,600505.SH,西昌电力
电能综合服务,600644.SH,乐山电力
电能综合服务,600969.SH,郴电国际
电能综合服务,600979.SH,广安爱众
电能综合服务,600995.SH,南网储能
电视广播Ⅲ,000156.SZ,华数传媒
电视广播Ⅲ,000665.SZ,湖北广电
电视广播Ⅲ,000917.SZ,电广传媒
电视广播Ⅲ,002238.SZ,天威视讯
电视广播Ⅲ,300770.SZ,新媒股份
电视广播Ⅲ,301262.SZ,海看股份
电视广播Ⅲ,301551.SZ,无线传媒
电视广播Ⅲ,600037.SH,歌华有线
电视广播Ⅲ,600637.SH,东方明珠
电视广播Ⅲ,600831.SH,广电网络
电视广播Ⅲ,600936.SH,北投科技
电视广播Ⅲ,600959.SH,江苏有线
电视广播Ⅲ,600996.SH,贵广网络
电视广播Ⅲ,601929.SH,吉视传媒
电视广播Ⅲ,920021.BJ,流金科技
畜禽饲料,000702.SZ,正虹科技
畜禽饲料,000876.SZ,新希望
畜禽饲料,001366.SZ,播恩集团
畜禽饲料,002100.SZ,天康生物
畜禽饲料,002385.SZ,大北农
畜禽饲料,002548.SZ,金新农
畜禽饲料,002567.SZ,唐人神
畜禽饲料,603151.SH,邦基科技
畜禽饲料,603363.SH,傲农生物
畜禽饲料,603609.SH,禾丰股份
畜禽饲料,688156.SH,路德科技
疫苗,002007.SZ,华兰生物
疫苗,300122.SZ,智飞生物
疫苗,300142.SZ,沃森生物
疫苗,300601.SZ,康泰生物
疫苗,300841.SZ,康华生物
疫苗,301207.SZ,华兰疫苗
疫苗,600739.SH,辽宁成大
疫苗,688185.SH,康希诺
疫苗,688276.SH,百克生物
疫苗,688319.SH,欧林生物
疫苗,688670.SH,金迪克
疫苗,688739.SH,成大生物
疫苗,920575.BJ,*ST康乐
白酒Ⅲ,000568.SZ,泸州老窖
白酒Ⅲ,000596.SZ,古井贡酒
白酒Ⅲ,000799.SZ,酒鬼酒
白酒Ⅲ,000858.SZ,五粮液
白酒Ⅲ,000860.SZ,顺鑫农业
白酒Ⅲ,000995.SZ,皇台酒业
白酒Ⅲ,002304.SZ,洋河股份
白酒Ⅲ,002646.SZ,天佑德酒
白酒Ⅲ,600197.SH,伊力特
白酒Ⅲ,600199.SH,金种子酒
白酒Ⅲ,600519.SH,贵州茅台
白酒Ⅲ,600559.SH,老白干酒
白酒Ⅲ,600702.SH,舍得酒业
白酒Ⅲ,600779.SH,水井坊
白酒Ⅲ,600809.SH,山西汾酒
白酒Ⅲ,603198.SH,迎驾贡酒
白酒Ⅲ,603369.SH,今世缘
白酒Ⅲ,603589.SH,口子窖
白酒Ⅲ,603919.SH,金徽酒
白银,002716.SZ,湖南白银
百货,000501.SZ,武商集团
百货,000564.SZ,供销大集
百货,000679.SZ,大连友谊
百货,000715.SZ,中兴商业
百货,002187.SZ,广百股份
百货,002277.SZ,友阿股份
百货,002419.SZ,天虹股份
百货,002561.SZ,徐家汇
百货,600280.SH,中央商场
百货,600327.SH,大东方
百货,600628.SH,新世界
百货,600693.SH,东百集团
百货,600712.SH,南宁百货
百货,600814.SH,杭州解百
百货,600828.SH,茂业商业
百货,600857.SH,宁波中百
百货,600859.SH,王府井
百货,600865.SH,百大集团
百货,601086.SH,国芳集团
百货,603123.SH,翠微股份
硅料硅片,002129.SZ,TCL中环
硅料硅片,300345.SZ,华民股份
硅料硅片,600438.SH,通威股份
硅料硅片,600481.SH,双良节能
硅料硅片,603185.SH,弘元绿能
硅料硅片,603398.SH,*ST沐邦
硅料硅片,688303.SH,大全能源
磁性材料,000795.SZ,英洛华
磁性材料,000970.SZ,中科三环
磁性材料,300127.SZ,银河磁体
磁性材料,300224.SZ,正海磁材
磁性材料,300748.SZ,金力永磁
磁性材料,300811.SZ,铂科新材
磁性材料,300835.SZ,龙磁科技
磁性材料,301141.SZ,中科磁业
磁性材料,301323.SZ,新莱福
磁性材料,301531.SZ,春光集团
磁性材料,301622.SZ,英思特
磁性材料,600366.SH,宁波韵升
磁性材料,603072.SH,天和磁材
磁性材料,688077.SH,大地熊
磁性材料,688786.SH,悦安新材
磨具磨料,002046.SZ,国机精工
磨具磨料,002282.SZ,博深股份
磨具磨料,002760.SZ,凤形股份
磨具磨料,300179.SZ,四方达
磨具磨料,300554.SZ,三超新材
磨具磨料,300606.SZ,金太阳
磨具磨料,300700.SZ,岱勒新材
磨具磨料,300818.SZ,耐普矿机
磨具磨料,300861.SZ,美畅股份
磨具磨料,600172.SH,黄河旋风
磨具磨料,600783.SH,鲁信创投
磨具磨料,688028.SH,沃尔德
磨具磨料,920725.BJ,惠丰钻石
磨具磨料,920807.BJ,奔朗新材
磷肥及磷化工,002312.SZ,川发龙蟒
磷肥及磷化工,002895.SZ,川恒股份
磷肥及磷化工,300505.SZ,川金诺
磷肥及磷化工,600078.SH,澄星股份
磷肥及磷化工,600096.SH,云天化
磷肥及磷化工,600141.SH,兴发集团
磷肥及磷化工,600331.SH,宏达股份
磷肥及磷化工,600470.SH,六国化工
磷肥及磷化工,603077.SH,和邦生物
种子,000713.SZ,国投丰乐
种子,000998.SZ,隆平高科
种子,002041.SZ,登海种业
种子,300087.SZ,ST荃银
种子,300189.SZ,神农种业
种子,600313.SH,农发种业
种子,600354.SH,敦煌种业
种子,600371.SH,万向德农
种子,920087.BJ,秋乐种业
种子,920403.BJ,康农种业
租赁,000415.SZ,渤海租赁
租赁,000560.SZ,我爱我家
租赁,002285.SZ,世联行
租赁,600724.SH,宁波富达
租赁,600901.SH,江苏金租
租赁,603300.SH,海南华铁
稀土,000831.SZ,中国稀土
稀土,001280.SZ,中国铀业
稀土,600111.SH,北方稀土
稀土,600259.SH,中稀有色
稀土,600392.SH,盛和资源
空调,000333.SZ,美的集团
空调,000651.SZ,格力电器
空调,000921.SZ,海信家电
空调,600854.SH,春兰股份
管材,000778.SZ,新兴铸管
管材,002372.SZ,伟星新材
管材,002457.SZ,青龙管业
管材,002641.SZ,公元股份
管材,002694.SZ,*ST顾地
管材,300198.SZ,*ST纳川
管材,300599.SZ,雄塑科技
管材,601686.SH,友发集团
管材,603856.SH,东宏股份
管材,603878.SH,武进不锈
粘胶,000420.SZ,吉林化纤
粘胶,000677.SZ,ST海龙
粘胶,000949.SZ,新乡化纤
粮油加工,000019.SZ,深粮控股
粮油加工,000505.SZ,京粮控股
粮油加工,002852.SZ,道道全
粮油加工,300999.SZ,金龙鱼
粮油加工,600127.SH,金健米业
粮油加工,603182.SH,嘉华股份
粮油加工,603231.SH,索宝蛋白
粮食种植,600598.SH,北大荒
粮食种植,601952.SH,苏垦农发
纯碱,000683.SZ,博源化工
纯碱,000707.SZ,双环科技
纯碱,000822.SZ,山东海化
纯碱,600409.SH,三友化工
纯碱,601065.SH,江盐集团
纸包装,000812.SZ,陕西金叶
纸包装,002191.SZ,劲嘉股份
纸包装,002228.SZ,合兴包装
纸包装,002303.SZ,美盈森
纸包装,002565.SZ,顺灏股份
纸包装,002799.SZ,环球印务
纸包装,002831.SZ,裕同科技
纸包装,002836.SZ,新宏泽
纸包装,300883.SZ,龙利得
纸包装,301062.SZ,上海艾录
纸包装,301223.SZ,中荣股份
纸包装,301296.SZ,新巨丰
纸包装,301355.SZ,南王科技
纸包装,601515.SH,衢州东峰
纸包装,603058.SH,永吉股份
纸包装,603091.SH,众鑫股份
纸包装,603429.SH,*ST集友
纸包装,603499.SH,翔港科技
纸包装,603687.SH,大胜达
纸包装,920075.BJ,柏星龙
纸包装,920121.BJ,江天科技
纸包装,920392.BJ,佳合科技
纺织化学制品,002054.SZ,德美化工
纺织化学制品,002440.SZ,闰土股份
纺织化学制品,300067.SZ,安诺其
纺织化学制品,300107.SZ,建新股份
纺织化学制品,300798.SZ,锦鸡股份
纺织化学制品,301585.SZ,蓝宇股份
纺织化学制品,301618.SZ,长联科技
纺织化学制品,600352.SH,浙江龙盛
纺织化学制品,603172.SH,万丰股份
纺织化学制品,603188.SH,亚邦股份
纺织化学制品,603790.SH,雅运股份
纺织化学制品,603980.SH,吉华集团
纺织化学制品,605566.SH,福莱蒽特
纺织服装设备,002021.SZ,中捷资源
纺织服装设备,002722.SZ,物产金轮
纺织服装设备,003036.SZ,泰坦股份
纺织服装设备,300307.SZ,慈星股份
纺织服装设备,301053.SZ,远信工业
纺织服装设备,600232.SH,金鹰股份
纺织服装设备,600302.SH,ST标准
纺织服装设备,600545.SH,卓郎智能
纺织服装设备,600843.SH,上工申贝
纺织服装设备,603095.SH,越剑智能
纺织服装设备,603337.SH,杰克科技
纺织服装设备,688789.SH,宏华数科
纺织服装设备,920093.BJ,信胜科技
纺织鞋类制造,300979.SZ,华利集团
线下药店,002727.SZ,一心堂
线下药店,301017.SZ,漱玉平民
线下药店,301408.SZ,华人健康
线下药店,600833.SH,第一医药
线下药店,603233.SH,大参林
线下药店,603883.SH,老百姓
线下药店,603939.SH,益丰药房
线下药店,605266.SH,健之佳
线缆部件及其他,000720.SZ,新能泰山
线缆部件及其他,001208.SZ,华菱线缆
线缆部件及其他,001382.SZ,新亚电缆
线缆部件及其他,002276.SZ,万马股份
线缆部件及其他,002300.SZ,太阳电缆
线缆部件及其他,002309.SZ,中利集团
线缆部件及其他,002451.SZ,摩恩电气
线缆部件及其他,002471.SZ,中超控股
线缆部件及其他,002498.SZ,汉缆股份
线缆部件及其他,002533.SZ,金杯电工
线缆部件及其他,002560.SZ,通达股份
线缆部件及其他,002606.SZ,大连电瓷
线缆部件及其他,002692.SZ,远程股份
线缆部件及其他,002879.SZ,长缆科技
线缆部件及其他,002882.SZ,金龙羽
线缆部件及其他,002953.SZ,日丰股份
线缆部件及其他,300069.SZ,金利华电
线缆部件及其他,300265.SZ,通光线缆
线缆部件及其他,300933.SZ,中辰股份
线缆部件及其他,301082.SZ,久盛电气
线缆部件及其他,301439.SZ,泓淋电力
线缆部件及其他,600067.SH,冠城新材
线缆部件及其他,600577.SH,精达股份
线缆部件及其他,600869.SH,远东股份
线缆部件及其他,600973.SH,宝胜股份
线缆部件及其他,601700.SH,风范股份
线缆部件及其他,603333.SH,福华尚纬
线缆部件及其他,603530.SH,神马电力
线缆部件及其他,603577.SH,汇金通
线缆部件及其他,603606.SH,东方电缆
线缆部件及其他,603618.SH,杭电股份
线缆部件及其他,603897.SH,长城科技
线缆部件及其他,605196.SH,华通线缆
线缆部件及其他,605222.SH,起帆电缆
线缆部件及其他,688226.SH,威腾电气
线缆部件及其他,920018.BJ,宏远股份
线缆部件及其他,920037.BJ,广信科技
线缆部件及其他,920118.BJ,太湖远大
线缆部件及其他,920639.BJ,晨光电缆
线缆部件及其他,920682.BJ,球冠电缆
综合Ⅲ,000025.SZ,特力A
综合Ⅲ,000068.SZ,华控赛格
综合Ⅲ,000421.SZ,南京公用
综合Ⅲ,000523.SZ,红棉股份
综合Ⅲ,000524.SZ,岭南控股
综合Ⅲ,000572.SZ,海马汽车
综合Ⅲ,000610.SZ,*ST西旅
综合Ⅲ,000625.SZ,长安汽车
综合Ⅲ,000631.SZ,顺发恒能
综合Ⅲ,000632.SZ,ST三木
综合Ⅲ,000652.SZ,泰达股份
综合Ⅲ,000711.SZ,京蓝科技
综合Ⅲ,000753.SZ,漳州发展
综合Ⅲ,000757.SZ,浩物股份
综合Ⅲ,000796.SZ,凯撒旅业
综合Ⅲ,000826.SZ,*ST启环
综合Ⅲ,000833.SZ,粤桂股份
综合Ⅲ,000875.SZ,电投绿能
综合Ⅲ,000883.SZ,湖北能源
综合Ⅲ,002024.SZ,ST易购
综合Ⅲ,002316.SZ,亚联发展
综合Ⅲ,002420.SZ,毅昌科技
综合Ⅲ,002556.SZ,辉隆股份
综合Ⅲ,002575.SZ,群兴玩具
综合Ⅲ,002627.SZ,三峡旅游
综合Ⅲ,002707.SZ,众信旅游
综合Ⅲ,002887.SZ,绿茵生态
综合Ⅲ,003003.SZ,天元股份
综合Ⅲ,003035.SZ,南网能源
综合Ⅲ,300021.SZ,大禹节水
综合Ⅲ,300040.SZ,九洲集团
综合Ⅲ,300152.SZ,*ST动力
综合Ⅲ,300187.SZ,永清环保
综合Ⅲ,300190.SZ,维尔利
综合Ⅲ,300501.SZ,海顺新材
综合Ⅲ,300825.SZ,阿尔特
综合Ⅲ,300864.SZ,南大环境
综合Ⅲ,300958.SZ,建工修复
综合Ⅲ,301215.SZ,中汽股份
综合Ⅲ,301259.SZ,艾布鲁
综合Ⅲ,600051.SH,宁波联合
综合Ⅲ,600076.SH,康欣新材
综合Ⅲ,600101.SH,明星电力
综合Ⅲ,600104.SH,上汽集团
综合Ⅲ,600116.SH,三峡水利
综合Ⅲ,600133.SH,东湖高新
综合Ⅲ,600157.SH,永泰能源
综合Ⅲ,600250.SH,南京商旅
综合Ⅲ,600310.SH,广西能源
综合Ⅲ,600365.SH,ST通葡
综合Ⅲ,600452.SH,涪陵电力
综合Ⅲ,600458.SH,时代新材
综合Ⅲ,600483.SH,福能股份
综合Ⅲ,600505.SH,西昌电力
综合Ⅲ,600620.SH,天宸股份
综合Ⅲ,600644.SH,乐山电力
综合Ⅲ,600673.SH,东阳光
综合Ⅲ,600676.SH,久事动娱
综合Ⅲ,600682.SH,南京新百
综合Ⅲ,600684.SH,珠江股份
综合Ⅲ,600689.SH,上海三毛
综合Ⅲ,600770.SH,综艺股份
综合Ⅲ,600805.SH,悦达投资
综合Ⅲ,600807.SH,济高发展
综合Ⅲ,600875.SH,东方电气
综合Ⅲ,600881.SH,亚泰集团
综合Ⅲ,600969.SH,郴电国际
综合Ⅲ,600979.SH,广安爱众
综合Ⅲ,600995.SH,南网储能
综合Ⅲ,601238.SH,广汽集团
综合Ⅲ,601633.SH,长城汽车
综合Ⅲ,601727.SH,上海电气
综合Ⅲ,601965.SH,中国汽研
综合Ⅲ,603022.SH,新通联
综合Ⅲ,603402.SH,陕西旅游
综合Ⅲ,603607.SH,京华激光
综合Ⅲ,603613.SH,国联股份
综合Ⅲ,603686.SH,福龙马
综合Ⅲ,605069.SH,正和生态
综合Ⅲ,688480.SH,赛恩斯
综合Ⅲ,688701.SH,卓锦股份
综合Ⅲ,920163.BJ,方大新材
综合Ⅲ,920964.BJ,润农节水
综合乘用车,000572.SZ,海马汽车
综合乘用车,000625.SZ,长安汽车
综合乘用车,600104.SH,上汽集团
综合乘用车,601238.SH,广汽集团
综合乘用车,601633.SH,长城汽车
综合包装,003003.SZ,天元股份
综合包装,300501.SZ,海顺新材
综合包装,600076.SH,康欣新材
综合包装,603022.SH,新通联
综合包装,603607.SH,京华激光
综合包装,920163.BJ,方大新材
综合环境治理,000068.SZ,华控赛格
综合环境治理,000711.SZ,京蓝科技
综合环境治理,000826.SZ,*ST启环
综合环境治理,002887.SZ,绿茵生态
综合环境治理,300152.SZ,*ST动力
综合环境治理,300187.SZ,永清环保
综合环境治理,300190.SZ,维尔利
综合环境治理,300864.SZ,南大环境
综合环境治理,300958.SZ,建工修复
综合环境治理,301259.SZ,艾布鲁
综合环境治理,600133.SH,东湖高新
综合环境治理,603686.SH,福龙马
综合环境治理,605069.SH,正和生态
综合环境治理,688480.SH,赛恩斯
综合环境治理,688701.SH,卓锦股份
综合电力设备商,600875.SH,东方电气
综合电力设备商,601727.SH,上海电气
综合电商,002024.SZ,ST易购
综合电商,600365.SH,ST通葡
综合电商,603613.SH,国联股份
耐火材料,002066.SZ,瑞泰科技
耐火材料,002088.SZ,鲁阳节能
耐火材料,002225.SZ,濮耐股份
耐火材料,002392.SZ,北京利尔
耐火材料,300374.SZ,中铁装配
耐火材料,688119.SH,中钢洛耐
耐火材料,920076.BJ,国亮新材
耐火材料,920191.BJ,瑞尔竞达
耐火材料,920580.BJ,科创新材
耐火材料,920792.BJ,东和新材
聚氨酯,002165.SZ,红宝丽
聚氨酯,300200.SZ,高盟新材
聚氨酯,300321.SZ,同大股份
聚氨酯,300848.SZ,美瑞新材
聚氨酯,600230.SH,沧州大化
聚氨酯,600309.SH,万华化学
聚氨酯,603041.SH,美思德
聚氨酯,603192.SH,汇得科技
聚氨酯,920261.BJ,一诺威
肉制品,000529.SZ,广弘控股
肉制品,000895.SZ,双汇发展
肉制品,002330.SZ,得利斯
肉制品,002515.SZ,金字火腿
肉制品,002726.SZ,ST龙大
肉制品,002840.SZ,华统股份
肉制品,600073.SH,光明肉业
肉鸡养殖,002234.SZ,民和股份
肉鸡养殖,002299.SZ,圣农发展
肉鸡养殖,002458.SZ,益生股份
肉鸡养殖,002746.SZ,仙坛股份
肉鸡养殖,002982.SZ,湘佳股份
肉鸡养殖,300761.SZ,立华股份
肉鸡养殖,300967.SZ,晓鸣股份
肉鸡养殖,301116.SZ,益客食品
股份制银行Ⅲ,000001.SZ,平安银行
股份制银行Ⅲ,600000.SH,浦发银行
股份制银行Ⅲ,600015.SH,华夏银行
股份制银行Ⅲ,600016.SH,民生银行
股份制银行Ⅲ,600036.SH,招商银行
股份制银行Ⅲ,601166.SH,兴业银行
股份制银行Ⅲ,601818.SH,光大银行
股份制银行Ⅲ,601916.SH,浙商银行
股份制银行Ⅲ,601998.SH,中信银行
胶黏剂及胶带,002669.SZ,康达新材
胶黏剂及胶带,301283.SZ,聚胶股份
胶黏剂及胶带,603051.SH,鹿山新材
胶黏剂及胶带,603681.SH,永冠新材
胶黏剂及胶带,603683.SH,晶华新材
能源及重型设备,000852.SZ,石化机械
能源及重型设备,001225.SZ,和泰机电
能源及重型设备,001277.SZ,速达股份
能源及重型设备,001288.SZ,运机集团
能源及重型设备,001332.SZ,锡装股份
能源及重型设备,001360.SZ,南矿集团
能源及重型设备,002204.SZ,大连重工
能源及重型设备,002278.SZ,神开股份
能源及重型设备,002353.SZ,杰瑞股份
能源及重型设备,002483.SZ,润邦股份
能源及重型设备,002490.SZ,山东墨龙
能源及重型设备,002523.SZ,天桥起重
能源及重型设备,002526.SZ,山东矿机
能源及重型设备,002535.SZ,林州重机
能源及重型设备,002564.SZ,天沃科技
能源及重型设备,002667.SZ,*ST威领
能源及重型设备,002691.SZ,*ST冀凯
能源及重型设备,002730.SZ,电光科技
能源及重型设备,300084.SZ,海默科技
能源及重型设备,300092.SZ,科新机电
能源及重型设备,300095.SZ,华伍股份
能源及重型设备,300099.SZ,尤洛卡
能源及重型设备,300435.SZ,中泰股份
能源及重型设备,300480.SZ,光力科技
能源及重型设备,300837.SZ,浙矿股份
能源及重型设备,300865.SZ,大宏立
能源及重型设备,300950.SZ,德固特
能源及重型设备,301063.SZ,海锅股份
能源及重型设备,301158.SZ,德石股份
能源及重型设备,301601.SZ,惠通科技
能源及重型设备,600169.SH,ST太重
能源及重型设备,600262.SH,北方股份
能源及重型设备,600320.SH,振华重工
能源及重型设备,600397.SH,江钨装备
能源及重型设备,600560.SH,金自天正
能源及重型设备,600582.SH,天地科技
能源及重型设备,600980.SH,北矿科技
能源及重型设备,601106.SH,中国一重
能源及重型设备,601369.SH,陕鼓动力
能源及重型设备,601399.SH,国机重装
能源及重型设备,601608.SH,中信重工
能源及重型设备,601717.SH,中创智领
能源及重型设备,601798.SH,蓝科高新
能源及重型设备,603012.SH,创力集团
能源及重型设备,603036.SH,如通股份
能源及重型设备,603135.SH,中重科技
能源及重型设备,603169.SH,兰石重装
能源及重型设备,603173.SH,福斯达
能源及重型设备,603325.SH,博隆技术
能源及重型设备,603391.SH,力聚热能
能源及重型设备,603698.SH,航天工程
能源及重型设备,603800.SH,洪田股份
能源及重型设备,603966.SH,法兰泰克
能源及重型设备,688121.SH,*ST卓然
能源及重型设备,688377.SH,迪威尔
能源及重型设备,688420.SH,美腾科技
能源及重型设备,688633.SH,星球石墨
能源及重型设备,920126.BJ,永大股份
能源及重型设备,920158.BJ,长江能科
能源及重型设备,920703.BJ,广厦环能
能源及重型设备,920781.BJ,瑞奇智造
能源及重型设备,920931.BJ,无锡鼎邦
膜材料,000859.SZ,国风新材
膜材料,000920.SZ,沃顿科技
膜材料,000973.SZ,佛塑科技
膜材料,001359.SZ,平安电工
膜材料,001378.SZ,德冠新材
膜材料,002263.SZ,大东南
膜材料,002522.SZ,浙江众成
膜材料,002585.SZ,双星新材
膜材料,002632.SZ,道明光学
膜材料,300305.SZ,裕兴股份
膜材料,300806.SZ,斯迪克
膜材料,301237.SZ,和顺科技
膜材料,301565.SZ,中仑新材
膜材料,301687.SZ,新广益
膜材料,600135.SH,乐凯胶片
膜材料,601208.SH,东材科技
膜材料,603435.SH,嘉德利
膜材料,605488.SH,福莱新材
膜材料,688323.SH,瑞华泰
膜材料,688386.SH,泛亚微透
膜材料,688718.SH,唯赛勃
自然景区,000430.SZ,张家界
自然景区,000558.SZ,天府文旅
自然景区,000888.SZ,峨眉山A
自然景区,000978.SZ,桂林旅游
自然景区,002033.SZ,丽江股份
自然景区,002159.SZ,三特索道
自然景区,300859.SZ,西域旅游
自然景区,600054.SH,黄山旅游
自然景区,600576.SH,祥源文旅
自然景区,600749.SH,西藏旅游
自然景区,603099.SH,长白山
自然景区,603136.SH,天目湖
自然景区,603199.SH,九华旅游
航天装备Ⅲ,002829.SZ,星网宇达
航天装备Ⅲ,003009.SZ,中天火箭
航天装备Ⅲ,300722.SZ,新余国科
航天装备Ⅲ,600118.SH,中国卫星
航天装备Ⅲ,600879.SH,航天电子
航天装备Ⅲ,601698.SH,中国卫通
航天装备Ⅲ,688282.SH,理工导航
航天装备Ⅲ,688523.SH,航天环宇
航天装备Ⅲ,688818.SH,电科蓝天
航海装备Ⅲ,300008.SZ,天海防务
航海装备Ⅲ,300065.SZ,海兰信
航海装备Ⅲ,300589.SZ,江龙船艇
航海装备Ⅲ,300600.SZ,国瑞科技
航海装备Ⅲ,300810.SZ,中科海讯
航海装备Ⅲ,600150.SH,中国船舶
航海装备Ⅲ,600685.SH,中船防务
航海装备Ⅲ,600764.SH,中国海防
航海装备Ⅲ,601890.SH,亚星锚链
航海装备Ⅲ,603268.SH,松发股份
航空装备Ⅲ,000561.SZ,烽火电子
航空装备Ⅲ,000697.SZ,炼石航空
航空装备Ⅲ,000738.SZ,航发控制
航空装备Ⅲ,000768.SZ,中航西飞
航空装备Ⅲ,002023.SZ,海特高新
航空装备Ⅲ,002111.SZ,威海广泰
航空装备Ⅲ,002297.SZ,博云新材
航空装备Ⅲ,002389.SZ,航天彩虹
航空装备Ⅲ,002625.SZ,光启技术
航空装备Ⅲ,002651.SZ,利君股份
航空装备Ⅲ,002933.SZ,新兴装备
航空装备Ⅲ,002985.SZ,北摩高科
航空装备Ⅲ,300034.SZ,钢研高纳
航空装备Ⅲ,300395.SZ,菲利华
航空装备Ⅲ,300424.SZ,航新科技
航空装备Ⅲ,300581.SZ,晨曦航空
航空装备Ⅲ,300696.SZ,爱乐达
航空装备Ⅲ,300699.SZ,光威复材
航空装备Ⅲ,300719.SZ,安达维尔
航空装备Ⅲ,300775.SZ,三角防务
航空装备Ⅲ,300777.SZ,中简科技
航空装备Ⅲ,300900.SZ,广联航空
航空装备Ⅲ,300965.SZ,恒宇信通
航空装备Ⅲ,301586.SZ,佳力奇
航空装备Ⅲ,302132.SZ,中航成飞
航空装备Ⅲ,600038.SH,中直股份
航空装备Ⅲ,600316.SH,洪都航空
航空装备Ⅲ,600372.SH,中航机载
航空装备Ⅲ,600391.SH,航发科技
航空装备Ⅲ,600760.SH,中航沈飞
航空装备Ⅲ,600765.SH,中航重机
航空装备Ⅲ,600862.SH,中航高科
航空装备Ⅲ,600893.SH,航发动力
航空装备Ⅲ,603261.SH,立航科技
航空装备Ⅲ,605123.SH,派克新材
航空装备Ⅲ,688070.SH,纵横股份
航空装备Ⅲ,688122.SH,西部超导
航空装备Ⅲ,688237.SH,超卓航科
航空装备Ⅲ,688239.SH,航宇科技
航空装备Ⅲ,688281.SH,华秦科技
航空装备Ⅲ,688297.SH,中无人机
航空装备Ⅲ,688510.SH,航亚科技
航空装备Ⅲ,688563.SH,航材股份
航空装备Ⅲ,688586.SH,江航装备
航空装备Ⅲ,688685.SH,迈信林
航空装备Ⅲ,688708.SH,佳驰科技
航空装备Ⅲ,920006.BJ,晟楠科技
航空装备Ⅲ,920642.BJ,通易航天
航空运输,000099.SZ,中信海直
航空运输,002928.SZ,华夏航空
航空运输,600029.SH,南方航空
航空运输,600115.SH,中国东航
航空运输,600221.SH,海航控股
航空运输,601021.SH,春秋航空
航空运输,601111.SH,中国国航
航空运输,603885.SH,吉祥航空
航运,000520.SZ,凤凰航运
航运,001205.SZ,盛航股份
航运,002320.SZ,海峡股份
航运,600026.SH,中远海能
航运,600179.SH,安通控股
航运,600428.SH,中远海特
航运,600751.SH,海航科技
航运,600798.SH,宁波海运
航运,601022.SH,宁波远洋
航运,601083.SH,锦江航运
航运,601866.SH,中远海发
航运,601872.SH,招商轮船
航运,601919.SH,中远海控
航运,601975.SH,招商南油
航运,603162.SH,海通发展
航运,603167.SH,渤海轮渡
航运,603209.SH,兴通股份
航运,603565.SH,中谷物流
航运,920571.BJ,国航远洋
营销代理,000676.SZ,智度股份
营销代理,002264.SZ,新华都
营销代理,002291.SZ,遥望科技
营销代理,002354.SZ,天娱数科
营销代理,002400.SZ,省广集团
营销代理,002712.SZ,思美传媒
营销代理,002878.SZ,元隆雅图
营销代理,002995.SZ,天地在线
营销代理,300058.SZ,蓝色光标
营销代理,300061.SZ,旗天科技
营销代理,300063.SZ,天龙集团
营销代理,300071.SZ,福石控股
营销代理,300242.SZ,佳云科技
营销代理,300612.SZ,宣亚国际
营销代理,300781.SZ,因赛集团
营销代理,300805.SZ,电声股份
营销代理,301171.SZ,易点天下
营销代理,600358.SH,国旅联合
营销代理,600556.SH,天下秀
营销代理,600986.SH,浙文互联
营销代理,603598.SH,引力传媒
营销代理,603602.SH,纵横通信
营销代理,603729.SH,ST龙韵
营销代理,603825.SH,ST华扬
营销代理,605168.SH,三人行
蓄电池及其他电池,002580.SZ,圣阳股份
蓄电池及其他电池,002733.SZ,雄韬股份
蓄电池及其他电池,300068.SZ,ST南都
蓄电池及其他电池,301222.SZ,浙江恒威
蓄电池及其他电池,600847.SH,万里股份
蓄电池及其他电池,601311.SH,骆驼股份
蓄电池及其他电池,603031.SH,安孚科技
蓄电池及其他电池,605378.SH,野马电池
蓄电池及其他电池,688819.SH,天能股份
蓄电池及其他电池,920627.BJ,力王股份
血液制品,000403.SZ,派林生物
血液制品,002252.SZ,上海莱士
血液制品,002880.SZ,卫光生物
血液制品,300294.SZ,博雅生物
血液制品,300318.SZ,博晖创新
血液制品,600161.SH,天坛生物
血液制品,688765.SH,禾元生物-U
被动元件,000636.SZ,风华高科
被动元件,002138.SZ,顺络电子
被动元件,002199.SZ,东晶电子
被动元件,002484.SZ,江海股份
被动元件,300319.SZ,麦捷科技
被动元件,300408.SZ,三环集团
被动元件,300460.SZ,ST惠伦
被动元件,300975.SZ,商络电子
被动元件,301458.SZ,钧崴电子
被动元件,301566.SZ,达利凯普
被动元件,600237.SH,铜峰电子
被动元件,600563.SH,法拉电子
被动元件,603738.SH,泰晶科技
被动元件,603989.SH,艾华集团
被动元件,688539.SH,高华科技
被动元件,920128.BJ,胜业电气
被动元件,920161.BJ,龙辰科技
被动元件,920491.BJ,奥迪威
被动元件,920981.BJ,晶赛科技
装修装饰Ⅲ,002047.SZ,宝鹰股份
装修装饰Ⅲ,002081.SZ,金螳螂
装修装饰Ⅲ,002163.SZ,海南发展
装修装饰Ⅲ,002375.SZ,亚厦股份
装修装饰Ⅲ,002482.SZ,广田集团
装修装饰Ⅲ,002620.SZ,*ST瑞和
装修装饰Ⅲ,002713.SZ,东易日盛
装修装饰Ⅲ,002789.SZ,*ST建艺
装修装饰Ⅲ,002811.SZ,郑中设计
装修装饰Ⅲ,002822.SZ,ST中装
装修装饰Ⅲ,002830.SZ,名雕股份
装修装饰Ⅲ,002856.SZ,*ST美芝
装修装饰Ⅲ,002963.SZ,豪尔赛
装修装饰Ⅲ,002989.SZ,中天精装
装修装饰Ⅲ,300506.SZ,名家汇
装修装饰Ⅲ,300621.SZ,维业股份
装修装饰Ⅲ,600234.SH,科新发展
装修装饰Ⅲ,601886.SH,江河集团
装修装饰Ⅲ,603030.SH,全筑股份
装修装饰Ⅲ,603137.SH,恒尚节能
装修装饰Ⅲ,603828.SH,*ST利达
装修装饰Ⅲ,605287.SH,德才股份
视频媒体,300413.SZ,芒果超媒
证券Ⅲ,000166.SZ,申万宏源
证券Ⅲ,000686.SZ,东北证券
证券Ⅲ,000712.SZ,锦龙股份
证券Ⅲ,000728.SZ,国元证券
证券Ⅲ,000750.SZ,国海证券
证券Ⅲ,000776.SZ,广发证券
证券Ⅲ,002500.SZ,山西证券
证券Ⅲ,002670.SZ,国盛证券
证券Ⅲ,002673.SZ,西部证券
证券Ⅲ,002736.SZ,国信证券
证券Ⅲ,002797.SZ,第一创业
证券Ⅲ,002926.SZ,华西证券
证券Ⅲ,002939.SZ,长城证券
证券Ⅲ,002945.SZ,华林证券
证券Ⅲ,300059.SZ,东方财富
证券Ⅲ,600030.SH,中信证券
证券Ⅲ,600061.SH,国投资本
证券Ⅲ,600095.SH,湘财股份
证券Ⅲ,600109.SH,国金证券
证券Ⅲ,600155.SH,华创云信
证券Ⅲ,600369.SH,西南证券
证券Ⅲ,600621.SH,华鑫股份
证券Ⅲ,600837.SH,海通证券
证券Ⅲ,600864.SH,哈投股份
证券Ⅲ,600906.SH,财达证券
证券Ⅲ,600909.SH,华安证券
证券Ⅲ,600918.SH,中泰证券
证券Ⅲ,600958.SH,东方证券
证券Ⅲ,600999.SH,招商证券
证券Ⅲ,601059.SH,信达证券
证券Ⅲ,601066.SH,中信建投
证券Ⅲ,601099.SH,太平洋
证券Ⅲ,601108.SH,财通证券
证券Ⅲ,601136.SH,首创证券
证券Ⅲ,601162.SH,天风证券
证券Ⅲ,601198.SH,东兴证券
证券Ⅲ,601211.SH,国泰君安
证券Ⅲ,601236.SH,红塔证券
证券Ⅲ,601375.SH,中原证券
证券Ⅲ,601377.SH,兴业证券
证券Ⅲ,601456.SH,国联民生
证券Ⅲ,601555.SH,东吴证券
证券Ⅲ,601688.SH,华泰证券
证券Ⅲ,601696.SH,中银证券
证券Ⅲ,601788.SH,光大证券
证券Ⅲ,601878.SH,浙商证券
证券Ⅲ,601881.SH,中国银河
证券Ⅲ,601901.SH,方正证券
证券Ⅲ,601990.SH,南京证券
证券Ⅲ,601995.SH,中金公司
诊断服务,000710.SZ,贝瑞基因
诊断服务,300244.SZ,迪安诊断
诊断服务,300676.SZ,华大基因
诊断服务,301060.SZ,兰卫医学
诊断服务,603882.SH,金域医学
调味发酵品Ⅲ,002495.SZ,佳隆股份
调味发酵品Ⅲ,002507.SZ,涪陵榨菜
调味发酵品Ⅲ,002650.SZ,ST加加
调味发酵品Ⅲ,300908.SZ,仲景食品
调味发酵品Ⅲ,600186.SH,莲花控股
调味发酵品Ⅲ,600298.SH,安琪酵母
调味发酵品Ⅲ,600305.SH,恒顺醋业
调味发酵品Ⅲ,600872.SH,中炬高新
调味发酵品Ⅲ,603027.SH,千禾味业
调味发酵品Ⅲ,603170.SH,宝立食品
调味发酵品Ⅲ,603288.SH,海天味业
调味发酵品Ⅲ,603317.SH,天味食品
调味发酵品Ⅲ,603696.SH,安记食品
调味发酵品Ⅲ,603755.SH,日辰股份
调味发酵品Ⅲ,920726.BJ,朱老六
贸易Ⅲ,000151.SZ,中成股份
贸易Ⅲ,000701.SZ,厦门信达
贸易Ⅲ,002072.SZ,凯瑞德
贸易Ⅲ,002091.SZ,江苏国泰
贸易Ⅲ,002183.SZ,怡亚通
贸易Ⅲ,600058.SH,五矿发展
贸易Ⅲ,600128.SH,苏豪弘业
贸易Ⅲ,600278.SH,东方创业
贸易Ⅲ,600287.SH,苏豪时尚
贸易Ⅲ,600710.SH,苏美达
贸易Ⅲ,600981.SH,苏豪汇鸿
贸易Ⅲ,601061.SH,中信金属
资产管理,000532.SZ,华金资本
资产管理,000567.SZ,海德股份
资产管理,000935.SZ,四川双马
资产管理,600053.SH,*ST九鼎
超市,000759.SZ,中百集团
超市,002251.SZ,步步高
超市,002697.SZ,红旗连锁
超市,300972.SZ,万辰集团
超市,601116.SH,三江购物
超市,601933.SH,永辉超市
超市,603708.SH,家家悦
超市,605188.SH,国光连锁
跨境物流,001228.SZ,永泰运
跨境物流,001391.SZ,国货航
跨境物流,002800.SZ,天顺股份
跨境物流,600119.SH,*ST长投
跨境物流,601156.SH,东航物流
跨境物流,601598.SH,中国外运
跨境物流,603117.SH,万林物流
跨境物流,603128.SH,华贸物流
跨境物流,603535.SH,嘉诚国际
跨境物流,603836.SH,海程邦达
跨境物流,603871.SH,嘉友国际
跨境物流,603967.SH,中创物流
跨境物流,920351.BJ,华光源海
跨境电商,002315.SZ,焦点科技
跨境电商,002640.SZ,跨境通
跨境电商,002803.SZ,吉宏股份
跨境电商,300464.SZ,星徽股份
跨境电商,300592.SZ,华凯易佰
跨境电商,301381.SZ,赛维时代
跨境电商,301558.SZ,三态股份
跨境电商,920065.BJ,千岸科技
车身附件及饰件,000700.SZ,模塑科技
车身附件及饰件,001260.SZ,坤泰股份
车身附件及饰件,001278.SZ,一彬科技
车身附件及饰件,001319.SZ,铭科精技
车身附件及饰件,002048.SZ,宁波华翔
车身附件及饰件,002516.SZ,旷达科技
车身附件及饰件,002537.SZ,海联金汇
车身附件及饰件,002662.SZ,峰璟股份
车身附件及饰件,300100.SZ,双林股份
车身附件及饰件,300446.SZ,航天智造
车身附件及饰件,300893.SZ,松原安全
车身附件及饰件,300978.SZ,东箭科技
车身附件及饰件,301133.SZ,金钟股份
车身附件及饰件,301173.SZ,毓恬冠佳
车身附件及饰件,301398.SZ,星源卓镁
车身附件及饰件,301529.SZ,福赛科技
车身附件及饰件,301552.SZ,科力装备
车身附件及饰件,600081.SH,东风科技
车身附件及饰件,600609.SH,金杯汽车
车身附件及饰件,600626.SH,申达股份
车身附件及饰件,600660.SH,福耀玻璃
车身附件及饰件,600741.SH,华域汽车
车身附件及饰件,600742.SH,富维股份
车身附件及饰件,601799.SH,星宇股份
车身附件及饰件,603035.SH,常熟汽饰
车身附件及饰件,603085.SH,天成自控
车身附件及饰件,603266.SH,天龙股份
车身附件及饰件,603306.SH,华懋科技
车身附件及饰件,603409.SH,汇通控股
车身附件及饰件,603418.SH,友升股份
车身附件及饰件,603730.SH,岱美股份
车身附件及饰件,603997.SH,继峰股份
车身附件及饰件,605068.SH,明新旭腾
车身附件及饰件,605128.SH,上海沿浦
车身附件及饰件,605151.SH,西上海
车身附件及饰件,605228.SH,神通科技
车身附件及饰件,920059.BJ,双英集团
车身附件及饰件,920079.BJ,乔路铭
车身附件及饰件,920168.BJ,通宝光电
车身附件及饰件,920187.BJ,通领科技
车身附件及饰件,920270.BJ,天铭科技
车身附件及饰件,920533.BJ,骏创科技
车身附件及饰件,920663.BJ,明阳科技
车身附件及饰件,920690.BJ,捷众科技
车身附件及饰件,920906.BJ,舜宇精工
轨交设备Ⅲ,000008.SZ,神州高铁
轨交设备Ⅲ,000925.SZ,众合科技
轨交设备Ⅲ,000927.SZ,中国铁物
轨交设备Ⅲ,001324.SZ,长青科技
轨交设备Ⅲ,002972.SZ,科安达
轨交设备Ⅲ,300011.SZ,鼎汉技术
轨交设备Ⅲ,300351.SZ,永贵电器
轨交设备Ⅲ,300594.SZ,ST朗进
轨交设备Ⅲ,300851.SZ,交大思诺
轨交设备Ⅲ,300923.SZ,研奥股份
轨交设备Ⅲ,300960.SZ,通业科技
轨交设备Ⅲ,301016.SZ,雷尔伟
轨交设备Ⅲ,301048.SZ,金鹰重工
轨交设备Ⅲ,600495.SH,晋西车轴
轨交设备Ⅲ,600528.SH,中铁工业
轨交设备Ⅲ,601766.SH,中国中车
轨交设备Ⅲ,603111.SH,康尼机电
轨交设备Ⅲ,603500.SH,祥和实业
轨交设备Ⅲ,603680.SH,今创集团
轨交设备Ⅲ,605001.SH,威奥股份
轨交设备Ⅲ,605298.SH,必得科技
轨交设备Ⅲ,688009.SH,中国通号
轨交设备Ⅲ,688015.SH,交控科技
轨交设备Ⅲ,688033.SH,*ST天宜
轨交设备Ⅲ,688187.SH,时代电气
轨交设备Ⅲ,688285.SH,高铁电气
轨交设备Ⅲ,688367.SH,工大高科
轨交设备Ⅲ,688459.SH,哈铁科技
轨交设备Ⅲ,688485.SH,九州一轨
轨交设备Ⅲ,688569.SH,铁科轨道
轨交设备Ⅲ,920027.BJ,交大铁发
轨交设备Ⅲ,920541.BJ,铁大科技
轮胎轮毂,000589.SZ,贵州轮胎
轮胎轮毂,000599.SZ,青岛双星
轮胎轮毂,001233.SZ,海安集团
轮胎轮毂,002085.SZ,万丰奥威
轮胎轮毂,002355.SZ,兴民智通
轮胎轮毂,002488.SZ,金固股份
轮胎轮毂,002725.SZ,跃岭股份
轮胎轮毂,002863.SZ,今飞凯达
轮胎轮毂,002984.SZ,森麒麟
轮胎轮毂,300428.SZ,立中集团
轮胎轮毂,300652.SZ,雷迪克
轮胎轮毂,300695.SZ,兆丰股份
轮胎轮毂,301539.SZ,宏鑫科技
轮胎轮毂,600182.SH,S佳通
轮胎轮毂,600469.SH,风神股份
轮胎轮毂,601058.SH,赛轮轮胎
轮胎轮毂,601163.SH,三角轮胎
轮胎轮毂,601500.SH,通用股份
轮胎轮毂,601966.SH,玲珑轮胎
轮胎轮毂,603049.SH,中策橡胶
轮胎轮毂,603335.SH,迪生力
轮胎轮毂,920020.BJ,泰凯英
软饮料,000848.SZ,承德露露
软饮料,300997.SZ,欢乐家
软饮料,600189.SH,泉阳泉
软饮料,600300.SH,维维股份
软饮料,603156.SH,养元饮品
软饮料,603711.SH,香飘飘
软饮料,605337.SH,李子园
软饮料,605499.SH,东鹏饮料
辅料,000629.SZ,钒钛股份
辅料,002003.SZ,伟星股份
辅料,002098.SZ,浔兴股份
辅料,002674.SZ,兴业科技
辅料,600295.SH,鄂尔多斯
辅料,600516.SH,方大炭素
辅料,920527.BJ,夜光明
输变电设备,000533.SZ,顺钠股份
输变电设备,001393.SZ,维通利
输变电设备,002028.SZ,思源电气
输变电设备,002112.SZ,三变科技
输变电设备,002270.SZ,华明装备
输变电设备,002358.SZ,森源电气
输变电设备,002452.SZ,长高电气
输变电设备,300001.SZ,特锐德
输变电设备,300062.SZ,中能电气
输变电设备,300423.SZ,昇辉科技
输变电设备,300444.SZ,双杰电气
输变电设备,300617.SZ,安靠智电
输变电设备,301002.SZ,崧盛股份
输变电设备,301012.SZ,扬电科技
输变电设备,301120.SZ,新特电气
输变电设备,301295.SZ,美硕科技
输变电设备,600089.SH,特变电工
输变电设备,600192.SH,长城电工
输变电设备,600312.SH,平高电气
输变电设备,600379.SH,宝光股份
输变电设备,600525.SH,长园集团
输变电设备,600550.SH,保变电气
输变电设备,601179.SH,中国西电
输变电设备,603097.SH,江苏华辰
输变电设备,603191.SH,望变电气
输变电设备,603312.SH,西典新能
输变电设备,688676.SH,金盘科技
输变电设备,920046.BJ,亿能电力
输变电设备,920062.BJ,科润智控
输变电设备,920222.BJ,益坤电气
输变电设备,920496.BJ,许昌智能
运动服装,001234.SZ,泰慕士
运动服装,002486.SZ,嘉麟杰
运动服装,002780.SZ,三夫户外
逆变器,002150.SZ,正泰电源
逆变器,300274.SZ,阳光电源
逆变器,300763.SZ,锦浪科技
逆变器,300827.SZ,上能电气
逆变器,301658.SZ,首航新能
逆变器,605117.SH,德业股份
逆变器,688032.SH,禾迈股份
逆变器,688348.SH,昱能科技
逆变器,688390.SH,固德威
逆变器,688717.SH,艾罗能源
通信工程及服务,000889.SZ,中嘉博创
通信工程及服务,002115.SZ,三维通信
通信工程及服务,002544.SZ,普天科技
通信工程及服务,002929.SZ,润建股份
通信工程及服务,300025.SZ,华星创业
通信工程及服务,300211.SZ,*ST亿通
通信工程及服务,300310.SZ,宜通世纪
通信工程及服务,300513.SZ,恒实科技
通信工程及服务,300560.SZ,中富通
通信工程及服务,300597.SZ,吉大通信
通信工程及服务,300603.SZ,立昂技术
通信工程及服务,301139.SZ,*ST元道
通信工程及服务,600289.SH,ST信通
通信工程及服务,603206.SH,嘉环科技
通信工程及服务,603220.SH,中贝通信
通信工程及服务,603322.SH,超讯科技
通信工程及服务,603559.SH,中通国脉
通信工程及服务,920924.BJ,广脉科技
通信应用增值服务,000839.SZ,国安股份
通信应用增值服务,002123.SZ,梦网科技
通信应用增值服务,002148.SZ,北纬科技
通信应用增值服务,002467.SZ,二六三
通信应用增值服务,300081.SZ,ST恒信
通信应用增值服务,300292.SZ,吴通控股
通信应用增值服务,300383.SZ,光环新网
通信应用增值服务,300442.SZ,润泽科技
通信应用增值服务,300571.SZ,平治信息
通信应用增值服务,300578.SZ,会畅科技
通信应用增值服务,300738.SZ,奥飞数据
通信应用增值服务,300921.SZ,南凌科技
通信应用增值服务,300959.SZ,线上线下
通信应用增值服务,301380.SZ,挖金客
通信应用增值服务,301382.SZ,蜂助手
通信应用增值服务,301428.SZ,世纪恒通
通信应用增值服务,603881.SH,数据港
通信线缆及配套,000070.SZ,特发信息
通信线缆及配套,000586.SZ,汇源通信
通信线缆及配套,002491.SZ,通鼎互联
通信线缆及配套,300563.SZ,神宇股份
通信线缆及配套,300913.SZ,兆龙互连
通信线缆及配套,600105.SH,永鼎股份
通信线缆及配套,600487.SH,亨通光电
通信线缆及配套,600522.SH,中天科技
通信线缆及配套,601869.SH,长飞光纤
通信线缆及配套,603042.SH,华脉科技
通信线缆及配套,688143.SH,长盈通
通信线缆及配套,688635.SH,长进光子
通信线缆及配套,920640.BJ,富士达
通信终端及配件,002017.SZ,东信和平
通信终端及配件,002104.SZ,恒宝股份
通信终端及配件,002313.SZ,日海智能
通信终端及配件,002881.SZ,美格智能
通信终端及配件,003031.SZ,中瓷电子
通信终端及配件,003040.SZ,楚天龙
通信终端及配件,300205.SZ,*ST天喻
通信终端及配件,300504.SZ,天邑股份
通信终端及配件,300555.SZ,ST路通
通信终端及配件,300590.SZ,移为通信
通信终端及配件,300615.SZ,欣天科技
通信终端及配件,300627.SZ,华测导航
通信终端及配件,300628.SZ,亿联网络
通信终端及配件,300638.SZ,广和通
通信终端及配件,300689.SZ,澄天伟业
通信终端及配件,301191.SZ,菲菱科思
通信终端及配件,600198.SH,大唐电信
通信终端及配件,600734.SH,*ST实达
通信终端及配件,600775.SH,南京熊猫
通信终端及配件,603083.SH,剑桥科技
通信终端及配件,603118.SH,共进股份
通信终端及配件,603236.SH,移远通信
通信终端及配件,603803.SH,瑞斯康达
通信终端及配件,688027.SH,国盾量子
通信终端及配件,688100.SH,威胜信息
通信终端及配件,688159.SH,有方科技
通信终端及配件,688592.SH,司南导航
通信终端及配件,920249.BJ,利尔达
通信网络设备及器件,000063.SZ,中兴通讯
通信网络设备及器件,001267.SZ,汇绿生态
通信网络设备及器件,002194.SZ,武汉凡谷
通信网络设备及器件,002281.SZ,光迅科技
通信网络设备及器件,002296.SZ,辉煌科技
通信网络设备及器件,002396.SZ,星网锐捷
通信网络设备及器件,002583.SZ,海能达
通信网络设备及器件,002792.SZ,通宇通讯
通信网络设备及器件,002796.SZ,世嘉科技
通信网络设备及器件,002897.SZ,意华股份
通信网络设备及器件,002902.SZ,铭普光磁
通信网络设备及器件,300098.SZ,高新兴
通信网络设备及器件,300134.SZ,大富科技
通信网络设备及器件,300308.SZ,中际旭创
通信网络设备及器件,300394.SZ,天孚通信
通信网络设备及器件,300502.SZ,新易盛
通信网络设备及器件,300548.SZ,长芯博创
通信网络设备及器件,300565.SZ,科信技术
通信网络设备及器件,300570.SZ,太辰光
通信网络设备及器件,300620.SZ,光库科技
通信网络设备及器件,300698.SZ,万马科技
通信网络设备及器件,300710.SZ,万隆光电
通信网络设备及器件,301165.SZ,锐捷网络
通信网络设备及器件,301205.SZ,联特科技
通信网络设备及器件,301314.SZ,科瑞思
通信网络设备及器件,301419.SZ,阿莱德
通信网络设备及器件,301577.SZ,美信科技
通信网络设备及器件,600498.SH,烽火通信
通信网络设备及器件,603421.SH,鼎信通讯
通信网络设备及器件,688182.SH,灿勤科技
通信网络设备及器件,688205.SH,德科立
通信网络设备及器件,688313.SH,仕佳光子
通信网络设备及器件,688387.SH,信科移动-U
通信网络设备及器件,688618.SH,三旺通信
通信网络设备及器件,688668.SH,鼎通科技
通信网络设备及器件,920045.BJ,蘅东光
配电设备,002168.SZ,ST惠程
配电设备,002346.SZ,柘中股份
配电设备,002350.SZ,北京科锐
配电设备,002441.SZ,众业达
配电设备,002706.SZ,良信股份
配电设备,002927.SZ,泰永长征
配电设备,300141.SZ,和顺电气
配电设备,300283.SZ,温州宏丰
配电设备,300670.SZ,大烨智能
配电设备,300932.SZ,三友联众
配电设备,301291.SZ,明阳电气
配电设备,301361.SZ,众智科技
配电设备,301386.SZ,未来电器
配电设备,301388.SZ,欣灵电气
配电设备,301668.SZ,昊创瑞通
配电设备,600468.SH,百利电气
配电设备,601567.SH,三星电气
配电设备,601616.SH,广电电气
配电设备,601877.SH,正泰电器
配电设备,603016.SH,新宏泰
配电设备,603070.SH,万控智造
配电设备,603829.SH,洛凯股份
配电设备,603861.SH,白云电器
配电设备,605066.SH,天正电气
配电设备,688517.SH,金冠电气
配电设备,920111.BJ,聚星科技
酒店,000428.SZ,华天酒店
酒店,301073.SZ,君亭酒店
酒店,600258.SH,首旅酒店
酒店,600754.SH,锦江酒店
酒店,601007.SH,金陵饭店
金属制品,000039.SZ,中集集团
金属制品,000777.SZ,中核科技
金属制品,001306.SZ,夏厦精密
金属制品,001379.SZ,腾达科技
金属制品,002026.SZ,山东威达
金属制品,002131.SZ,利欧股份
金属制品,002132.SZ,恒星科技
金属制品,002164.SZ,宁波东力
金属制品,002342.SZ,巨力索具
金属制品,002347.SZ,泰尔股份
金属制品,002438.SZ,江苏神通
金属制品,002445.SZ,中南文化
金属制品,002514.SZ,*ST宝馨
金属制品,002633.SZ,申科股份
金属制品,002795.SZ,永和智控
金属制品,002843.SZ,泰嘉股份
金属制品,002871.SZ,伟隆股份
金属制品,002877.SZ,智能自控
金属制品,002896.SZ,中大力德
金属制品,002931.SZ,锋龙股份
金属制品,300228.SZ,富瑞特装
金属制品,300260.SZ,新莱应材
金属制品,300402.SZ,宝色股份
金属制品,300421.SZ,力星股份
金属制品,300488.SZ,恒锋工具
金属制品,300718.SZ,长盛轴承
金属制品,300780.SZ,德恩精工
金属制品,300817.SZ,双飞集团
金属制品,300828.SZ,锐新科技
金属制品,300838.SZ,浙江力诺
金属制品,300885.SZ,海昌新材
金属制品,300943.SZ,春晖智控
金属制品,300946.SZ,恒而达
金属制品,300985.SZ,致远新能
金属制品,301137.SZ,哈焊华通
金属制品,301151.SZ,冠龙节能
金属制品,301160.SZ,翔楼新材
金属制品,301255.SZ,通力科技
金属制品,301261.SZ,恒工精密
金属制品,301268.SZ,铭利达
金属制品,301307.SZ,美利信
金属制品,301309.SZ,万得凯
金属制品,301368.SZ,丰立智能
金属制品,301377.SZ,鼎泰高科
金属制品,301548.SZ,崇德科技
金属制品,301559.SZ,中集环科
金属制品,301596.SZ,瑞迪智驱
金属制品,301677.SZ,欣兴工具
金属制品,600114.SH,东睦股份
金属制品,600558.SH,大西洋
金属制品,600592.SH,龙溪股份
金属制品,600860.SH,京城股份
金属制品,600889.SH,*ST京化
金属制品,600992.SH,贵绳股份
金属制品,601002.SH,晋亿实业
金属制品,601177.SH,杭齿前进
金属制品,603028.SH,赛福天
金属制品,603270.SH,金帝股份
金属制品,603278.SH,大业股份
金属制品,603308.SH,应流股份
金属制品,603400.SH,华之杰
金属制品,603667.SH,五洲新春
金属制品,603699.SH,纽威股份
金属制品,603915.SH,国茂股份
金属制品,603969.SH,银龙股份
金属制品,605100.SH,华丰股份
金属制品,688059.SH,华锐精密
金属制品,688257.SH,新锐股份
金属制品,688308.SH,欧科亿
金属制品,688355.SH,明志科技
金属制品,688379.SH,华光新材
金属制品,920002.BJ,万达轴承
金属制品,920082.BJ,方正阀门
金属制品,920169.BJ,七丰精工
金属制品,920223.BJ,荣亿精密
金属制品,920238.BJ,长鹰硬科
金属制品,920260.BJ,中寰股份
金属制品,920298.BJ,腾信精密
金属制品,920505.BJ,九菱科技
金属制品,920510.BJ,丰光精密
金属制品,920679.BJ,前进科技
金属制品,920693.BJ,阿为特
金属制品,920720.BJ,吉冈精密
金属制品,920943.BJ,优机股份
金属包装,002374.SZ,中锐股份
金属包装,002701.SZ,奥瑞金
金属包装,002752.SZ,昇兴股份
金属包装,002787.SZ,华源控股
金属包装,002846.SZ,英联股份
金属包装,002969.SZ,嘉美包装
金属包装,601968.SH,宝钢包装
金融信息服务,002647.SZ,仁东控股
金融信息服务,300773.SZ,拉卡拉
金融控股,000617.SZ,中油资本
金融控股,000987.SZ,越秀资本
金融控股,002423.SZ,中粮资本
金融控股,600120.SH,浙江东方
金融控股,600318.SH,新力金融
金融控股,600390.SH,五矿资本
金融控股,600643.SH,爱建集团
金融控股,600830.SH,香溢融通
钛白粉,000545.SZ,金浦钛业
钛白粉,002136.SZ,安纳达
钛白粉,002145.SZ,钛能化学
钛白粉,002601.SZ,龙佰集团
钛白粉,300891.SZ,惠云钛业
钛白粉,600727.SH,鲁北化工
钟表珠宝,000017.SZ,深中华A
钟表珠宝,000026.SZ,飞亚达
钟表珠宝,002345.SZ,潮宏基
钟表珠宝,002574.SZ,明牌珠宝
钟表珠宝,002721.SZ,金一文化
钟表珠宝,002731.SZ,*ST萃华
钟表珠宝,002867.SZ,周大生
钟表珠宝,300945.SZ,曼卡龙
钟表珠宝,301177.SZ,迪阿股份
钟表珠宝,600612.SH,老凤祥
钟表珠宝,600916.SH,中国黄金
钟表珠宝,603900.SH,莱绅通灵
钟表珠宝,605599.SH,菜百股份
钢结构,002135.SZ,东南网架
钢结构,002541.SZ,鸿路钢构
钢结构,002593.SZ,日上集团
钢结构,002743.SZ,ST富煌
钢结构,300517.SZ,海波重科
钢结构,600477.SH,杭萧钢构
钢结构,600496.SH,精工钢构
钢结构,601096.SH,宏盛华源
钢结构,603098.SH,森特股份
钢结构,920057.BJ,百甲科技
钢铁管材,000778.SZ,新兴铸管
钢铁管材,601686.SH,友发集团
钢铁管材,603878.SH,武进不锈
钨,000657.SZ,中钨高新
钨,002378.SZ,章源钨业
钨,002842.SZ,翔鹭钨业
钨,600549.SH,厦门钨业
钴,300618.SZ,寒锐钴业
钴,301219.SZ,腾远钴业
钴,603799.SH,华友钴业
钼,000688.SZ,国城矿业
钼,001257.SZ,盛龙股份
钼,601958.SH,金钼股份
钾肥,000408.SZ,藏格矿业
钾肥,000792.SZ,盐湖股份
钾肥,000893.SZ,亚钾国际
钾肥,002545.SZ,东方铁塔
铁矿石,000655.SZ,金岭矿业
铁矿石,000923.SZ,河钢资源
铁矿石,001203.SZ,大中矿业
铁矿石,600382.SH,广东明珠
铁矿石,601121.SH,宝地矿业
铁矿石,601123.SH,马矿股份
铁矿石,601969.SH,海南矿业
铁路运输,000557.SZ,西部创业
铁路运输,001213.SZ,中铁特货
铁路运输,001317.SZ,三羊马
铁路运输,600125.SH,铁龙物流
铁路运输,601006.SH,大秦铁路
铁路运输,601333.SH,广深铁路
铁路运输,601816.SH,京沪高铁
铅锌,000060.SZ,中金岭南
铅锌,000426.SZ,兴业银锡
铅锌,000603.SZ,盛达资源
铅锌,000751.SZ,锌业股份
铅锌,000758.SZ,中色股份
铅锌,002114.SZ,罗平锌电
铅锌,600338.SH,西藏珠峰
铅锌,600497.SH,驰宏锌锗
铅锌,600531.SH,豫光金铅
铅锌,600961.SH,株冶集团
铅锌,601020.SH,华钰矿业
铅锌,603132.SH,金徽股份
铅锌,920634.BJ,新威凌
铜,000630.SZ,铜陵有色
铜,000737.SZ,北方铜业
铜,000878.SZ,云南铜业
铜,002171.SZ,楚江新材
铜,002203.SZ,海亮股份
铜,002295.SZ,精艺股份
铜,300697.SZ,电工合金
铜,600362.SH,江西铜业
铜,600490.SH,鹏欣资源
铜,600711.SH,盛屯矿业
铜,601168.SH,西部矿业
铜,601212.SH,白银有色
铜,601609.SH,金田股份
铜,601899.SH,紫金矿业
铜,603527.SH,众源新材
铜,603979.SH,金诚信
铜,603993.SH,洛阳钼业
铝,000612.SZ,焦作万方
铝,000807.SZ,云铝股份
铝,000933.SZ,神火股份
铝,002160.SZ,常铝股份
铝,002379.SZ,宏桥控股
铝,002501.SZ,*ST利源
铝,002532.SZ,天山铝业
铝,002540.SZ,亚太科技
铝,002578.SZ,闽发铝业
铝,002824.SZ,和胜股份
铝,002988.SZ,豪美新材
铝,002996.SZ,顺博合金
铝,003038.SZ,鑫铂股份
铝,300057.SZ,万顺新材
铝,300328.SZ,宜安科技
铝,300337.SZ,银邦股份
铝,600219.SH,南山铝业
铝,600361.SH,创新新材
铝,600595.SH,中孚实业
铝,600615.SH,鑫源智造
铝,600768.SH,富邦新材
铝,600888.SH,新疆众和
铝,601388.SH,怡球资源
铝,601600.SH,中国铝业
铝,601677.SH,明泰铝业
铝,601702.SH,华峰铝业
铝,603271.SH,永杰新材
铝,603876.SH,鼎胜新材
铝,603937.SH,丽岛新材
铝,605208.SH,永茂泰
锂,000049.SZ,德赛电池
锂,000762.SZ,西藏矿业
锂,001283.SZ,豪鹏科技
锂,002074.SZ,国轩高科
锂,002192.SZ,融捷股份
锂,002240.SZ,盛新锂能
锂,002245.SZ,蔚蓝锂芯
锂,002460.SZ,赣锋锂业
锂,002466.SZ,天齐锂业
锂,002756.SZ,永兴材料
锂,002850.SZ,科达利
锂,300014.SZ,亿纬锂能
锂,300173.SZ,ST福能
锂,300207.SZ,欣旺达
锂,300410.SZ,正业科技
锂,300438.SZ,鹏辉能源
锂,300450.SZ,先导智能
锂,300457.SZ,赢合科技
锂,300490.SZ,华自科技
锂,300530.SZ,领湃科技
锂,300619.SZ,金银河
锂,300648.SZ,星云股份
锂,300750.SZ,宁德时代
锂,300953.SZ,震裕科技
锂,301121.SZ,紫建电子
锂,301150.SZ,中一科技
锂,301210.SZ,金杨精密
锂,301217.SZ,铜冠铜箔
锂,301325.SZ,曼恩斯特
锂,301327.SZ,华宝新能
锂,301511.SZ,德福科技
锂,301513.SZ,尚水智能
锂,301587.SZ,中瑞股份
锂,301599.SZ,理奇智能
锂,301662.SZ,宏工科技
锂,600110.SH,诺德股份
锂,600152.SH,维科技术
锂,600241.SH,时代万恒
锂,600478.SH,科力远
锂,603032.SH,德新科技
锂,603399.SH,永杉锂业
锂,688006.SH,杭可科技
锂,688063.SH,派能科技
锂,688155.SH,先惠技术
锂,688345.SH,博力威
锂,688388.SH,嘉元科技
锂,688392.SH,骄成超声
锂,688499.SH,利元亨
锂,688567.SH,孚能科技
锂,688573.SH,信宇人
锂,688638.SH,誉辰智能
锂,688772.SH,珠海冠宇
锂,920117.BJ,龙鑫智能
锂,920119.BJ,美德乐
锂,920152.BJ,昆工科技
锂,920237.BJ,力佳科技
锂,920239.BJ,长虹能源
锂,920252.BJ,天宏锂电
锂,920289.BJ,华汇智能
锂,920522.BJ,纳科诺尔
锂,920523.BJ,德瑞锂电
锂,920779.BJ,武汉蓝电
锂,920914.BJ,远航精密
锂电专用设备,300173.SZ,ST福能
锂电专用设备,300410.SZ,正业科技
锂电专用设备,300450.SZ,先导智能
锂电专用设备,300457.SZ,赢合科技
锂电专用设备,300490.SZ,华自科技
锂电专用设备,300619.SZ,金银河
锂电专用设备,300648.SZ,星云股份
锂电专用设备,301325.SZ,曼恩斯特
锂电专用设备,301513.SZ,尚水智能
锂电专用设备,301599.SZ,理奇智能
锂电专用设备,301662.SZ,宏工科技
锂电专用设备,603032.SH,德新科技
锂电专用设备,688006.SH,杭可科技
锂电专用设备,688155.SH,先惠技术
锂电专用设备,688392.SH,骄成超声
锂电专用设备,688499.SH,利元亨
锂电专用设备,688573.SH,信宇人
锂电专用设备,688638.SH,誉辰智能
锂电专用设备,920117.BJ,龙鑫智能
锂电专用设备,920119.BJ,美德乐
锂电专用设备,920152.BJ,昆工科技
锂电专用设备,920289.BJ,华汇智能
锂电专用设备,920522.BJ,纳科诺尔
锂电专用设备,920779.BJ,武汉蓝电
锂电池,000049.SZ,德赛电池
锂电池,001283.SZ,豪鹏科技
锂电池,002074.SZ,国轩高科
锂电池,002245.SZ,蔚蓝锂芯
锂电池,002850.SZ,科达利
锂电池,300014.SZ,亿纬锂能
锂电池,300207.SZ,欣旺达
锂电池,300438.SZ,鹏辉能源
锂电池,300530.SZ,领湃科技
锂电池,300750.SZ,宁德时代
锂电池,300953.SZ,震裕科技
锂电池,301121.SZ,紫建电子
锂电池,301150.SZ,中一科技
锂电池,301210.SZ,金杨精密
锂电池,301217.SZ,铜冠铜箔
锂电池,301327.SZ,华宝新能
锂电池,301511.SZ,德福科技
锂电池,301587.SZ,中瑞股份
锂电池,600110.SH,诺德股份
锂电池,600152.SH,维科技术
锂电池,600241.SH,时代万恒
锂电池,600478.SH,科力远
锂电池,688063.SH,派能科技
锂电池,688345.SH,博力威
锂电池,688388.SH,嘉元科技
锂电池,688567.SH,孚能科技
锂电池,688772.SH,珠海冠宇
锂电池,920237.BJ,力佳科技
锂电池,920239.BJ,长虹能源
锂电池,920252.BJ,天宏锂电
锂电池,920523.BJ,德瑞锂电
锂电池,920914.BJ,远航精密
锦纶,000782.SZ,恒申新材
锦纶,600810.SH,神马股份
锦纶,601113.SH,华鼎股份
锦纶,603382.SH,海阳科技
锦纶,605166.SH,聚合顺
镍,605376.SH,博迁新材
长材,000717.SZ,中南股份
长材,002110.SZ,三钢闽光
长材,600231.SH,凌钢股份
门户网站,002095.SZ,生意宝
门户网站,300295.SZ,*ST三六五
门户网站,300785.SZ,值得买
门户网站,300987.SZ,川网传媒
门户网站,301299.SZ,卓创资讯
门户网站,600228.SH,返利科技
门户网站,603000.SH,人民网
门户网站,603888.SH,新华网
防水材料,002271.SZ,东方雨虹
防水材料,300715.SZ,凯伦股份
防水材料,300737.SZ,科顺股份
院线,002739.SZ,儒意电影
院线,002905.SZ,金逸影视
院线,300528.SZ,幸福蓝海
院线,603103.SH,横店影视
集成电路制造,300456.SZ,赛微电子
集成电路制造,688249.SH,晶合集成
集成电路制造,688347.SH,华虹宏力
集成电路制造,688396.SH,华润微
集成电路制造,688469.SH,芯联集成-U
集成电路制造,688691.SH,灿芯股份
集成电路制造,688981.SH,中芯国际
集成电路封测,002077.SZ,大港股份
集成电路封测,002156.SZ,通富微电
集成电路封测,002185.SZ,华天科技
集成电路封测,301348.SZ,蓝箭电子
集成电路封测,600584.SH,长电科技
集成电路封测,603005.SH,晶方科技
集成电路封测,688135.SH,利扬芯片
集成电路封测,688216.SH,气派科技
集成电路封测,688352.SH,颀中科技
集成电路封测,688362.SH,甬矽电子
集成电路封测,688372.SH,伟测科技
集成电路封测,688403.SH,汇成股份
集成电路封测,688820.SH,盛合晶微
集成电路封测,920139.BJ,华岭股份
零食,000716.SZ,黑芝麻
零食,002557.SZ,洽洽食品
零食,002582.SZ,好想你
零食,002847.SZ,盐津铺子
零食,002991.SZ,甘源食品
零食,003000.SZ,劲仔食品
零食,300783.SZ,三只松鼠
零食,603697.SH,有友食品
零食,603719.SH,良品铺子
零食,603777.SH,来伊份
非运动服装,001209.SZ,洪兴股份
非运动服装,002029.SZ,七匹狼
非运动服装,002154.SZ,报喜鸟
非运动服装,002193.SZ,ST如意
非运动服装,002269.SZ,美邦服饰
非运动服装,002404.SZ,嘉欣丝绸
非运动服装,002494.SZ,华斯股份
非运动服装,002563.SZ,森马服饰
非运动服装,002569.SZ,*ST步森
非运动服装,002612.SZ,朗姿股份
非运动服装,002634.SZ,*ST棒杰
非运动服装,002656.SZ,摩登大道
非运动服装,002687.SZ,乔治白
非运动服装,002762.SZ,金发拉比
非运动服装,002763.SZ,汇洁股份
非运动服装,002832.SZ,比音勒芬
非运动服装,002875.SZ,安奈儿
非运动服装,003016.SZ,欣贺股份
非运动服装,300840.SZ,酷特智能
非运动服装,300901.SZ,中胤时尚
非运动服装,301088.SZ,戎美股份
非运动服装,301276.SZ,嘉曼服饰
非运动服装,600107.SH,*ST尔雅
非运动服装,600137.SH,浪莎股份
非运动服装,600177.SH,雅戈尔
非运动服装,600398.SH,海澜之家
非运动服装,600400.SH,红豆股份
非运动服装,600630.SH,龙头股份
非运动服装,601566.SH,九牧王
非运动服装,601718.SH,ST际华
非运动服装,603196.SH,璞源材料
非运动服装,603511.SH,爱慕股份
非运动服装,603518.SH,锦泓集团
非运动服装,603587.SH,地素时尚
非运动服装,603808.SH,歌力思
非运动服装,603839.SH,安正时尚
非运动服装,603877.SH,太平鸟
非运动服装,605138.SH,盛泰集团
非金属材料Ⅲ,001296.SZ,长江材料
非金属材料Ⅲ,301071.SZ,力量钻石
非金属材料Ⅲ,603612.SH,索通发展
非金属材料Ⅲ,603688.SH,石英股份
非金属材料Ⅲ,603826.SH,坤彩科技
非金属材料Ⅲ,605086.SH,龙高股份
非金属材料Ⅲ,688300.SH,联瑞新材
非金属材料Ⅲ,688598.SH,金博股份
非金属材料Ⅲ,920083.BJ,金戈新材
非金属材料Ⅲ,920175.BJ,东方碳素
非金属材料Ⅲ,920675.BJ,秉扬科技
非金属材料Ⅲ,920719.BJ,宁新新材
非金属材料Ⅲ,920832.BJ,齐鲁华信
非金属材料Ⅲ,920971.BJ,天马新材
面板,000020.SZ,深华发A
面板,000045.SZ,深纺织A
面板,000050.SZ,深天马A
面板,000100.SZ,TCL科技
面板,000509.SZ,华塑控股
面板,000536.SZ,华映科技
面板,000725.SZ,京东方A
面板,000727.SZ,冠捷科技
面板,001308.SZ,康冠科技
面板,001399.SZ,惠科股份
面板,002106.SZ,莱宝高科
面板,002217.SZ,ST合力泰
面板,002289.SZ,宇顺电子
面板,002387.SZ,维信诺
面板,002845.SZ,同兴达
面板,002876.SZ,三利谱
面板,002952.SZ,亚世光电
面板,002955.SZ,鸿合科技
面板,003019.SZ,宸展光电
面板,300076.SZ,*ST宁视
面板,300088.SZ,长信科技
面板,300120.SZ,经纬辉开
面板,300545.SZ,联得装备
面板,300909.SZ,汇创达
面板,300939.SZ,秋田微
面板,301045.SZ,天禄科技
面板,301106.SZ,骏成科技
面板,301321.SZ,翰博高新
面板,301379.SZ,天山电子
面板,600552.SH,凯盛科技
面板,600707.SH,彩虹股份
面板,603773.SH,沃格光电
面板,605218.SH,伟时电子
面板,688055.SH,龙腾光电
面板,688181.SH,八亿时空
面板,688299.SH,长阳科技
面板,688538.SH,和辉光电-U
面板,688781.SH,视涯科技-UW
面板,920001.BJ,纬达光电
鞋帽及其他,300577.SZ,开润股份
鞋帽及其他,300591.SZ,万里马
鞋帽及其他,300952.SZ,恒辉安防
鞋帽及其他,603001.SH,奥康国际
鞋帽及其他,603116.SH,红蜻蜓
鞋帽及其他,603307.SH,扬州金泉
鞋帽及其他,603557.SH,*ST起步
鞋帽及其他,603608.SH,天创时尚
鞋帽及其他,603665.SH,康隆达
鞋帽及其他,603908.SH,牧高笛
鞋帽及其他,603958.SH,哈森股份
预加工食品,001215.SZ,千味央厨
预加工食品,002216.SZ,三全食品
预加工食品,002661.SZ,克明食品
预加工食品,002702.SZ,海欣食品
预加工食品,603237.SH,五芳斋
预加工食品,603345.SH,安井食品
预加工食品,603536.SH,惠发食品
预加工食品,605089.SH,味知香
预加工食品,605338.SH,巴比食品
预加工食品,605567.SH,春雪食品
预加工食品,920826.BJ,盖世食品
风力发电,000155.SZ,川能动力
风力发电,000507.SZ,珠海港
风力发电,000537.SZ,绿发电力
风力发电,000595.SZ,新能股份
风力发电,000862.SZ,银星能源
风力发电,001248.SZ,华润新能源
风力发电,001258.SZ,立新能源
风力发电,001289.SZ,龙源电力
风力发电,002053.SZ,云南能投
风力发电,600163.SH,中闽能源
风力发电,600905.SH,三峡能源
风力发电,600930.SH,华电新能
风力发电,600956.SH,新天绿能
风力发电,601016.SH,节能风电
风力发电,601619.SH,嘉泽新能
风力发电,603693.SH,江苏新能
风电整机,002202.SZ,金风科技
风电整机,300772.SZ,运达股份
风电整机,601615.SH,明阳智能
风电整机,688349.SH,三一重能
风电整机,688660.SH,电气风电
风电零部件,000809.SZ,和展能源
风电零部件,002487.SZ,大金重工
风电零部件,002531.SZ,天顺风能
风电零部件,300129.SZ,泰胜风能
风电零部件,300185.SZ,通裕重工
风电零部件,300443.SZ,金雷股份
风电零部件,300569.SZ,天能重工
风电零部件,300690.SZ,双一科技
风电零部件,300850.SZ,新强联
风电零部件,300904.SZ,威力传动
风电零部件,301040.SZ,中环海陆
风电零部件,301155.SZ,海力风电
风电零部件,301163.SZ,宏德股份
风电零部件,301232.SZ,飞沃科技
风电零部件,301456.SZ,盘古智能
风电零部件,301557.SZ,常友科技
风电零部件,301699.SZ,洛轴股份
风电零部件,600072.SH,中船科技
风电零部件,601218.SH,吉鑫科技
风电零部件,603063.SH,禾望电气
风电零部件,603092.SH,德力佳
风电零部件,603218.SH,日月股份
风电零部件,603248.SH,锡华科技
风电零部件,603507.SH,振江股份
风电零部件,603985.SH,恒润股份
风电零部件,688186.SH,广大特材
风电零部件,920200.BJ,振宏股份
食品及饲料添加剂,002001.SZ,新和成
食品及饲料添加剂,002166.SZ,莱茵生物
食品及饲料添加剂,002562.SZ,兄弟科技
食品及饲料添加剂,002597.SZ,金禾实业
食品及饲料添加剂,300741.SZ,华宝股份
食品及饲料添加剂,300829.SZ,金丹科技
食品及饲料添加剂,300858.SZ,科拓生物
食品及饲料添加剂,300886.SZ,华业香料
食品及饲料添加剂,301156.SZ,美农生物
食品及饲料添加剂,301206.SZ,三元生物
食品及饲料添加剂,301220.SZ,亚香股份
食品及饲料添加剂,600299.SH,安迪苏
食品及饲料添加剂,600866.SH,星湖科技
食品及饲料添加剂,600873.SH,梅花生物
食品及饲料添加剂,603020.SH,爱普股份
食品及饲料添加剂,603079.SH,圣达生物
食品及饲料添加剂,603235.SH,天新药业
食品及饲料添加剂,603739.SH,蔚蓝生物
食品及饲料添加剂,603968.SH,醋化股份
食品及饲料添加剂,605016.SH,百龙创园
食品及饲料添加剂,605077.SH,华康股份
食品及饲料添加剂,688089.SH,ST嘉必优
食品及饲料添加剂,688639.SH,华恒生物
食品及饲料添加剂,920016.BJ,中草香料
食品及饲料添加剂,920422.BJ,润普食品
食用菌,002772.SZ,众兴菌业
食用菌,300511.SZ,雪榕生物
食用菌,300970.SZ,华绿生物
食用菌,600883.SH,博闻科技
餐饮,000721.SZ,西安饮食
餐饮,002186.SZ,全聚德
餐饮,002306.SZ,ST云网
餐饮,605108.SH,同庆楼
高速公路,000429.SZ,粤高速A
高速公路,000548.SZ,湖南投资
高速公路,000755.SZ,山西高速
高速公路,000828.SZ,东莞控股
高速公路,000886.SZ,海南高速
高速公路,000900.SZ,现代投资
高速公路,001965.SZ,招商公路
高速公路,600012.SH,皖通高速
高速公路,600020.SH,中原高速
高速公路,600033.SH,福建高速
高速公路,600035.SH,楚天高速
高速公路,600106.SH,重庆路桥
高速公路,600269.SH,赣粤高速
高速公路,600350.SH,山东高速
高速公路,600368.SH,五洲交通
高速公路,600377.SH,宁沪高速
高速公路,600548.SH,深高速
高速公路,601107.SH,四川成渝
高速公路,601188.SH,龙江交通
高速公路,601518.SH,吉林高速
黄金,000506.SZ,招金黄金
黄金,000975.SZ,山金国际
黄金,001337.SZ,四川黄金
黄金,002155.SZ,湖南黄金
黄金,002237.SZ,恒邦股份
黄金,300139.SZ,晓程科技
黄金,600489.SH,中金黄金
黄金,600547.SH,山东黄金
黄金,600988.SH,赤峰黄金
黄金,601069.SH,西部黄金
