l3_index_code,l3_industry_code,l3_name,l2_code,l2_name,l1_code,l1_name,股票代码,ts_code,股票简称,纳入时间,申万3级
850111.SI,110101,种子,110100,种植业,110000,农林牧渔,600313.SH,600313.SH,农发种业,2011-01-10,种子
850111.SI,110101,种子,110100,种植业,110000,农林牧渔,000713.SZ,000713.SZ,国投丰乐,1997-04-22,种子
850111.SI,110101,种子,110100,种植业,110000,农林牧渔,600371.SH,600371.SH,万向德农,2002-09-16,种子
850111.SI,110101,种子,110100,种植业,110000,农林牧渔,300087.SZ,300087.SZ,ST荃银,2010-01-12,种子
850111.SI,110101,种子,110100,种植业,110000,农林牧渔,000998.SZ,000998.SZ,隆平高科,2000-06-29,种子
850111.SI,110101,种子,110100,种植业,110000,农林牧渔,300189.SZ,300189.SZ,神农种业,2011-01-07,种子
850111.SI,110101,种子,110100,种植业,110000,农林牧渔,600354.SH,600354.SH,敦煌种业,2007-07-02,种子
850111.SI,110101,种子,110100,种植业,110000,农林牧渔,002041.SZ,002041.SZ,登海种业,2005-03-24,种子
850112.SI,110102,粮食种植,110100,种植业,110000,农林牧渔,600598.SH,600598.SH,北大荒,2011-01-10,粮食种植
850112.SI,110102,粮食种植,110100,种植业,110000,农林牧渔,601952.SH,601952.SH,苏垦农发,2017-05-04,粮食种植
850113.SI,110103,其他种植业,110100,种植业,110000,农林牧渔,601118.SH,601118.SH,海南橡胶,2010-01-28,其他种植业
850113.SI,110103,其他种植业,110100,种植业,110000,农林牧渔,603336.SH,603336.SH,宏辉果蔬,2016-11-07,其他种植业
850113.SI,110103,其他种植业,110100,种植业,110000,农林牧渔,002215.SZ,002215.SZ,诺普信,2025-05-09,其他种植业
850113.SI,110103,其他种植业,110100,种植业,110000,农林牧渔,600359.SH,600359.SH,新农开发,1999-04-29,其他种植业
850113.SI,110103,其他种植业,110100,种植业,110000,农林牧渔,600108.SH,600108.SH,亚盛集团,1997-08-18,其他种植业
850113.SI,110103,其他种植业,110100,种植业,110000,农林牧渔,600540.SH,600540.SH,新赛股份,2004-01-02,其他种植业
850114.SI,110104,食用菌,110100,种植业,110000,农林牧渔,300970.SZ,300970.SZ,华绿生物,2021-07-30,食用菌
850114.SI,110104,食用菌,110100,种植业,110000,农林牧渔,002772.SZ,002772.SZ,众兴菌业,2021-07-30,食用菌
850114.SI,110104,食用菌,110100,种植业,110000,农林牧渔,600883.SH,600883.SH,博闻科技,2022-07-29,食用菌
850114.SI,110104,食用菌,110100,种植业,110000,农林牧渔,300511.SZ,300511.SZ,雪榕生物,2021-07-30,食用菌
850121.SI,110201,海洋捕捞,110200,渔业,110000,农林牧渔,600097.SH,600097.SH,开创国际,1997-06-19,海洋捕捞
850121.SI,110201,海洋捕捞,110200,渔业,110000,农林牧渔,000798.SZ,000798.SZ,中水渔业,1998-02-12,海洋捕捞
850122.SI,110202,水产养殖,110200,渔业,110000,农林牧渔,300094.SZ,300094.SZ,国联水产,2010-01-29,水产养殖
850122.SI,110202,水产养殖,110200,渔业,110000,农林牧渔,002069.SZ,002069.SZ,獐子岛,2006-09-19,水产养殖
850122.SI,110202,水产养殖,110200,渔业,110000,农林牧渔,600467.SH,600467.SH,好当家,2004-04-01,水产养殖
850122.SI,110202,水产养殖,110200,渔业,110000,农林牧渔,600257.SH,600257.SH,大湖股份,2000-06-12,水产养殖
850131.SI,110301,林业Ⅲ,110300,林业Ⅱ,110000,农林牧渔,002679.SZ,002679.SZ,福建金森,2012-01-30,林业Ⅲ
850131.SI,110301,林业Ⅲ,110300,林业Ⅱ,110000,农林牧渔,000592.SZ,000592.SZ,平潭发展,2009-10-09,林业Ⅲ
850131.SI,110301,林业Ⅲ,110300,林业Ⅱ,110000,农林牧渔,000663.SZ,000663.SZ,永安林业,2022-07-29,林业Ⅲ
850131.SI,110301,林业Ⅲ,110300,林业Ⅱ,110000,农林牧渔,600265.SH,600265.SH,*ST景谷,2000-08-25,林业Ⅲ
850142.SI,110402,畜禽饲料,110400,饲料,110000,农林牧渔,603363.SH,603363.SH,傲农生物,2017-09-07,畜禽饲料
850142.SI,110402,畜禽饲料,110400,饲料,110000,农林牧渔,000702.SZ,000702.SZ,正虹科技,1997-03-18,畜禽饲料
850142.SI,110402,畜禽饲料,110400,饲料,110000,农林牧渔,002548.SZ,002548.SZ,金新农,2011-01-10,畜禽饲料
850142.SI,110402,畜禽饲料,110400,饲料,110000,农林牧渔,001366.SZ,001366.SZ,播恩集团,2023-02-24,畜禽饲料
850142.SI,110402,畜禽饲料,110400,饲料,110000,农林牧渔,000876.SZ,000876.SZ,新希望,2026-07-01,畜禽饲料
850142.SI,110402,畜禽饲料,110400,饲料,110000,农林牧渔,603609.SH,603609.SH,禾丰股份,2014-02-07,畜禽饲料
850142.SI,110402,畜禽饲料,110400,饲料,110000,农林牧渔,688156.SH,688156.SH,路德科技,2025-05-09,畜禽饲料
850142.SI,110402,畜禽饲料,110400,饲料,110000,农林牧渔,002567.SZ,002567.SZ,唐人神,2011-01-17,畜禽饲料
850142.SI,110402,畜禽饲料,110400,饲料,110000,农林牧渔,002100.SZ,002100.SZ,天康生物,2015-07-01,畜禽饲料
850142.SI,110402,畜禽饲料,110400,饲料,110000,农林牧渔,603151.SH,603151.SH,邦基科技,2022-09-23,畜禽饲料
850142.SI,110402,畜禽饲料,110400,饲料,110000,农林牧渔,002385.SZ,002385.SZ,大北农,2010-01-29,畜禽饲料
850143.SI,110403,水产饲料,110400,饲料,110000,农林牧渔,002311.SZ,002311.SZ,海大集团,2009-01-12,水产饲料
850143.SI,110403,水产饲料,110400,饲料,110000,农林牧渔,001313.SZ,001313.SZ,粤海饲料,2022-01-21,水产饲料
850143.SI,110403,水产饲料,110400,饲料,110000,农林牧渔,002696.SZ,002696.SZ,百洋股份,2022-07-29,水产饲料
850143.SI,110403,水产饲料,110400,饲料,110000,农林牧渔,603668.SH,603668.SH,天马科技,2016-12-01,水产饲料
850144.SI,110404,宠物食品,110400,饲料,110000,农林牧渔,301498.SZ,301498.SZ,乖宝宠物,2023-07-31,宠物食品
850144.SI,110404,宠物食品,110400,饲料,110000,农林牧渔,002891.SZ,002891.SZ,中宠股份,2017-08-25,宠物食品
850144.SI,110404,宠物食品,110400,饲料,110000,农林牧渔,300673.SZ,300673.SZ,佩蒂股份,2017-07-11,宠物食品
850151.SI,110501,果蔬加工,110500,农产品加工,110000,农林牧渔,605198.SH,605198.SH,安德利,2020-09-09,果蔬加工
850151.SI,110501,果蔬加工,110500,农产品加工,110000,农林牧渔,600962.SH,600962.SH,国投中鲁,2004-06-18,果蔬加工
850151.SI,110501,果蔬加工,110500,农产品加工,110000,农林牧渔,000972.SZ,000972.SZ,中基健康,2000-05-12,果蔬加工
850151.SI,110501,果蔬加工,110500,农产品加工,110000,农林牧渔,300175.SZ,300175.SZ,朗源股份,2011-01-27,果蔬加工
850151.SI,110501,果蔬加工,110500,农产品加工,110000,农林牧渔,600251.SH,600251.SH,冠农股份,2017-05-22,果蔬加工
850152.SI,110502,粮油加工,110500,农产品加工,110000,农林牧渔,000019.SZ,000019.SZ,深粮控股,2021-07-30,粮油加工
850152.SI,110502,粮油加工,110500,农产品加工,110000,农林牧渔,002852.SZ,002852.SZ,道道全,2017-02-24,粮油加工
850152.SI,110502,粮油加工,110500,农产品加工,110000,农林牧渔,300999.SZ,300999.SZ,金龙鱼,2020-09-21,粮油加工
850152.SI,110502,粮油加工,110500,农产品加工,110000,农林牧渔,600127.SH,600127.SH,金健米业,1998-05-06,粮油加工
850152.SI,110502,粮油加工,110500,农产品加工,110000,农林牧渔,000505.SZ,000505.SZ,京粮控股,2018-07-13,粮油加工
850152.SI,110502,粮油加工,110500,农产品加工,110000,农林牧渔,603231.SH,603231.SH,索宝蛋白,2023-12-01,粮油加工
850152.SI,110502,粮油加工,110500,农产品加工,110000,农林牧渔,603182.SH,603182.SH,嘉华股份,2022-08-26,粮油加工
850154.SI,110504,其他农产品加工,110500,农产品加工,110000,农林牧渔,001338.SZ,001338.SZ,永顺泰,2022-10-28,其他农产品加工
850154.SI,110504,其他农产品加工,110500,农产品加工,110000,农林牧渔,002086.SZ,002086.SZ,东方海洋,2026-07-01,其他农产品加工
850154.SI,110504,其他农产品加工,110500,农产品加工,110000,农林牧渔,003030.SZ,003030.SZ,祖名股份,2021-07-30,其他农产品加工
850154.SI,110504,其他农产品加工,110500,农产品加工,110000,农林牧渔,000911.SZ,000911.SZ,*ST广糖,1999-01-04,其他农产品加工
850154.SI,110504,其他农产品加工,110500,农产品加工,110000,农林牧渔,600737.SH,600737.SH,中粮糖业,2017-06-29,其他农产品加工
850154.SI,110504,其他农产品加工,110500,农产品加工,110000,农林牧渔,000930.SZ,000930.SZ,中粮科技,2011-01-10,其他农产品加工
850154.SI,110504,其他农产品加工,110500,农产品加工,110000,农林牧渔,002286.SZ,002286.SZ,保龄宝,2009-08-12,其他农产品加工
850154.SI,110504,其他农产品加工,110500,农产品加工,110000,农林牧渔,002481.SZ,002481.SZ,双塔食品,2021-07-30,其他农产品加工
850154.SI,110504,其他农产品加工,110500,农产品加工,110000,农林牧渔,300138.SZ,300138.SZ,晨光生物,2010-10-25,其他农产品加工
850154.SI,110504,其他农产品加工,110500,农产品加工,110000,农林牧渔,600191.SH,600191.SH,华资实业,1998-12-10,其他农产品加工
850154.SI,110504,其他农产品加工,110500,农产品加工,110000,农林牧渔,300268.SZ,300268.SZ,佳沃食品,2011-10-10,其他农产品加工
850172.SI,110702,生猪养殖,110700,养殖业,110000,农林牧渔,002157.SZ,002157.SZ,正邦科技,2007-08-16,生猪养殖
850172.SI,110702,生猪养殖,110700,养殖业,110000,农林牧渔,603717.SH,603717.SH,天域生物,2025-08-11,生猪养殖
850172.SI,110702,生猪养殖,110700,养殖业,110000,农林牧渔,600975.SH,600975.SH,新五丰,2004-06-08,生猪养殖
850172.SI,110702,生猪养殖,110700,养殖业,110000,农林牧渔,000735.SZ,000735.SZ,罗牛山,1997-06-11,生猪养殖
850172.SI,110702,生猪养殖,110700,养殖业,110000,农林牧渔,000048.SZ,000048.SZ,京基智农,2025-08-11,生猪养殖
850172.SI,110702,生猪养殖,110700,养殖业,110000,农林牧渔,002714.SZ,002714.SZ,牧原股份,2014-01-22,生猪养殖
850172.SI,110702,生猪养殖,110700,养殖业,110000,农林牧渔,603477.SH,603477.SH,巨星农牧,2022-01-21,生猪养殖
850172.SI,110702,生猪养殖,110700,养殖业,110000,农林牧渔,300498.SZ,300498.SZ,温氏股份,2015-11-02,生猪养殖
850172.SI,110702,生猪养殖,110700,养殖业,110000,农林牧渔,605296.SH,605296.SH,神农集团,2021-04-26,生猪养殖
850172.SI,110702,生猪养殖,110700,养殖业,110000,农林牧渔,001201.SZ,001201.SZ,东瑞股份,2021-04-15,生猪养殖
850172.SI,110702,生猪养殖,110700,养殖业,110000,农林牧渔,002124.SZ,002124.SZ,天邦食品,2007-04-02,生猪养殖
850173.SI,110703,肉鸡养殖,110700,养殖业,110000,农林牧渔,002299.SZ,002299.SZ,圣农发展,2009-09-22,肉鸡养殖
850173.SI,110703,肉鸡养殖,110700,养殖业,110000,农林牧渔,002982.SZ,002982.SZ,湘佳股份,2020-04-08,肉鸡养殖
850173.SI,110703,肉鸡养殖,110700,养殖业,110000,农林牧渔,300967.SZ,300967.SZ,晓鸣股份,2021-03-29,肉鸡养殖
850173.SI,110703,肉鸡养殖,110700,养殖业,110000,农林牧渔,002458.SZ,002458.SZ,益生股份,2010-07-29,肉鸡养殖
850173.SI,110703,肉鸡养殖,110700,养殖业,110000,农林牧渔,300761.SZ,300761.SZ,立华股份,2019-02-18,肉鸡养殖
850173.SI,110703,肉鸡养殖,110700,养殖业,110000,农林牧渔,301116.SZ,301116.SZ,益客食品,2021-12-31,肉鸡养殖
850173.SI,110703,肉鸡养殖,110700,养殖业,110000,农林牧渔,002234.SZ,002234.SZ,民和股份,2008-04-24,肉鸡养殖
850173.SI,110703,肉鸡养殖,110700,养殖业,110000,农林牧渔,002746.SZ,002746.SZ,仙坛股份,2015-01-15,肉鸡养殖
850174.SI,110704,其他养殖,110700,养殖业,110000,农林牧渔,300313.SZ,300313.SZ,天山生物,2012-01-17,其他养殖
850174.SI,110704,其他养殖,110700,养殖业,110000,农林牧渔,002321.SZ,002321.SZ,华英农业,2009-11-30,其他养殖
850174.SI,110704,其他养殖,110700,养殖业,110000,农林牧渔,600965.SH,600965.SH,*ST福成,2004-07-12,其他养殖
850181.SI,110801,动物保健Ⅲ,110800,动物保健Ⅱ,110000,农林牧渔,002868.SZ,002868.SZ,绿康生化,2021-12-13,动物保健Ⅲ
850181.SI,110801,动物保健Ⅲ,110800,动物保健Ⅱ,110000,农林牧渔,300119.SZ,300119.SZ,瑞普生物,2021-12-13,动物保健Ⅲ
850181.SI,110801,动物保健Ⅲ,110800,动物保健Ⅱ,110000,农林牧渔,300871.SZ,300871.SZ,回盛生物,2021-12-13,动物保健Ⅲ
850181.SI,110801,动物保健Ⅲ,110800,动物保健Ⅱ,110000,农林牧渔,600195.SH,600195.SH,中牧股份,2021-12-13,动物保健Ⅲ
850181.SI,110801,动物保健Ⅲ,110800,动物保健Ⅱ,110000,农林牧渔,600201.SH,600201.SH,生物股份,2021-12-13,动物保健Ⅲ
850181.SI,110801,动物保健Ⅲ,110800,动物保健Ⅱ,110000,农林牧渔,603566.SH,603566.SH,普莱柯,2021-12-13,动物保健Ⅲ
850181.SI,110801,动物保健Ⅲ,110800,动物保健Ⅱ,110000,农林牧渔,688098.SH,688098.SH,申联生物,2021-12-13,动物保健Ⅲ
850181.SI,110801,动物保健Ⅲ,110800,动物保健Ⅱ,110000,农林牧渔,688526.SH,688526.SH,科前生物,2021-12-13,动物保健Ⅲ
850181.SI,110801,动物保健Ⅲ,110800,动物保健Ⅱ,110000,农林牧渔,002688.SZ,002688.SZ,金河生物,2021-12-13,动物保健Ⅲ
850191.SI,110901,农业综合Ⅲ,110900,农业综合Ⅱ,110000,农林牧渔,300021.SZ,300021.SZ,大禹节水,2021-12-13,农业综合Ⅲ
850191.SI,110901,农业综合Ⅲ,110900,农业综合Ⅱ,110000,农林牧渔,002556.SZ,002556.SZ,辉隆股份,2021-12-13,农业综合Ⅲ
850321.SI,220201,纯碱,220200,化学原料,220000,基础化工,000707.SZ,000707.SZ,双环科技,2021-12-13,纯碱
850321.SI,220201,纯碱,220200,化学原料,220000,基础化工,000822.SZ,000822.SZ,山东海化,2021-12-13,纯碱
850321.SI,220201,纯碱,220200,化学原料,220000,基础化工,600409.SH,600409.SH,三友化工,2022-08-01,纯碱
850321.SI,220201,纯碱,220200,化学原料,220000,基础化工,601065.SH,601065.SH,江盐集团,2023-04-10,纯碱
850321.SI,220201,纯碱,220200,化学原料,220000,基础化工,000683.SZ,000683.SZ,博源化工,2021-12-13,纯碱
850322.SI,220202,氯碱,220200,化学原料,220000,基础化工,600935.SH,600935.SH,华塑股份,2021-11-12,氯碱
850322.SI,220202,氯碱,220200,化学原料,220000,基础化工,000510.SZ,000510.SZ,新金路,1993-05-07,氯碱
850322.SI,220202,氯碱,220200,化学原料,220000,基础化工,601678.SH,601678.SH,滨化股份,2019-07-24,氯碱
850322.SI,220202,氯碱,220200,化学原料,220000,基础化工,000635.SZ,000635.SZ,英力特,2007-07-02,氯碱
850322.SI,220202,氯碱,220200,化学原料,220000,基础化工,603213.SH,603213.SH,镇洋发展,2021-10-29,氯碱
850322.SI,220202,氯碱,220200,化学原料,220000,基础化工,002386.SZ,002386.SZ,天原股份,2010-01-22,氯碱
850322.SI,220202,氯碱,220200,化学原料,220000,基础化工,600075.SH,600075.SH,新疆天业,2008-01-02,氯碱
850322.SI,220202,氯碱,220200,化学原料,220000,基础化工,000818.SZ,000818.SZ,航锦科技,2017-06-29,氯碱
850322.SI,220202,氯碱,220200,化学原料,220000,基础化工,601216.SH,601216.SH,君正集团,2011-01-10,氯碱
850322.SI,220202,氯碱,220200,化学原料,220000,基础化工,002092.SZ,002092.SZ,中泰化学,2006-12-07,氯碱
850322.SI,220202,氯碱,220200,化学原料,220000,基础化工,600618.SH,600618.SH,氯碱化工,1992-11-13,氯碱
850322.SI,220202,氯碱,220200,化学原料,220000,基础化工,600319.SH,600319.SH,亚星化学,2019-07-24,氯碱
850322.SI,220202,氯碱,220200,化学原料,220000,基础化工,002748.SZ,002748.SZ,世龙实业,2021-07-30,氯碱
850322.SI,220202,氯碱,220200,化学原料,220000,基础化工,601568.SH,601568.SH,北元化工,2020-09-24,氯碱
850323.SI,220203,无机盐,220200,化学原料,220000,基础化工,600714.SH,600714.SH,金瑞矿业,2009-06-01,无机盐
850323.SI,220203,无机盐,220200,化学原料,220000,基础化工,600367.SH,600367.SH,红星发展,2001-03-20,无机盐
850323.SI,220203,无机盐,220200,化学原料,220000,基础化工,603067.SH,603067.SH,振华股份,2016-09-07,无机盐
850323.SI,220203,无机盐,220200,化学原料,220000,基础化工,600929.SH,600929.SH,雪天盐业,2021-07-30,无机盐
850323.SI,220203,无机盐,220200,化学原料,220000,基础化工,003017.SZ,003017.SZ,大洋生物,2020-10-16,无机盐
850323.SI,220203,无机盐,220200,化学原料,220000,基础化工,600328.SH,600328.SH,中盐化工,2000-12-22,无机盐
850323.SI,220203,无机盐,220200,化学原料,220000,基础化工,301256.SZ,301256.SZ,华融化学,2022-03-04,无机盐
850323.SI,220203,无机盐,220200,化学原料,220000,基础化工,603663.SH,603663.SH,三祥新材,2021-07-30,无机盐
850323.SI,220203,无机盐,220200,化学原料,220000,基础化工,600784.SH,600784.SH,鲁银投资,2025-08-11,无机盐
850323.SI,220203,无机盐,220200,化学原料,220000,基础化工,603299.SH,603299.SH,苏盐井神,2021-07-30,无机盐
850324.SI,220204,其他化学原料,220200,化学原料,220000,基础化工,301190.SZ,301190.SZ,善水科技,2024-07-30,其他化学原料
850324.SI,220204,其他化学原料,220200,化学原料,220000,基础化工,600423.SH,600423.SH,*ST柳化,2024-07-30,其他化学原料
850324.SI,220204,其他化学原料,220200,化学原料,220000,基础化工,603113.SH,603113.SH,金能科技,2024-05-21,其他化学原料
850324.SI,220204,其他化学原料,220200,化学原料,220000,基础化工,300082.SZ,300082.SZ,奥克股份,2021-07-30,其他化学原料
850324.SI,220204,其他化学原料,220200,化学原料,220000,基础化工,600610.SH,600610.SH,中毅达,2021-07-30,其他化学原料
850324.SI,220204,其他化学原料,220200,化学原料,220000,基础化工,301118.SZ,301118.SZ,恒光股份,2021-11-05,其他化学原料
850324.SI,220204,其他化学原料,220200,化学原料,220000,基础化工,002648.SZ,002648.SZ,卫星化学,2022-07-29,其他化学原料
850324.SI,220204,其他化学原料,220200,化学原料,220000,基础化工,603938.SH,603938.SH,三孚股份,2022-07-29,其他化学原料
850324.SI,220204,其他化学原料,220200,化学原料,220000,基础化工,002109.SZ,002109.SZ,ST兴化,2021-07-30,其他化学原料
850324.SI,220204,其他化学原料,220200,化学原料,220000,基础化工,300927.SZ,300927.SZ,江天化学,2020-12-23,其他化学原料
850324.SI,220204,其他化学原料,220200,化学原料,220000,基础化工,000691.SZ,000691.SZ,亚太实业,2022-07-29,其他化学原料
850324.SI,220204,其他化学原料,220200,化学原料,220000,基础化工,001217.SZ,001217.SZ,华尔泰,2021-09-13,其他化学原料
850324.SI,220204,其他化学原料,220200,化学原料,220000,基础化工,600955.SH,600955.SH,维远股份,2021-08-27,其他化学原料
850324.SI,220204,其他化学原料,220200,化学原料,220000,基础化工,301069.SZ,301069.SZ,凯盛新材,2021-09-13,其他化学原料
850325.SI,220205,煤化工,220200,化学原料,220000,基础化工,000990.SZ,000990.SZ,诚志股份,2021-07-30,煤化工
850325.SI,220205,煤化工,220200,化学原料,220000,基础化工,600746.SH,600746.SH,江苏索普,2021-07-30,煤化工
850325.SI,220205,煤化工,220200,化学原料,220000,基础化工,600623.SH,600623.SH,华谊集团,2021-07-30,煤化工
850325.SI,220205,煤化工,220200,化学原料,220000,基础化工,600844.SH,600844.SH,金煤科技,2021-07-30,煤化工
850325.SI,220205,煤化工,220200,化学原料,220000,基础化工,600722.SH,600722.SH,金牛化工,2022-07-29,煤化工
850325.SI,220205,煤化工,220200,化学原料,220000,基础化工,600989.SH,600989.SH,宝丰能源,2021-07-30,煤化工
850325.SI,220205,煤化工,220200,化学原料,220000,基础化工,000830.SZ,000830.SZ,鲁西化工,2021-07-30,煤化工
850325.SI,220205,煤化工,220200,化学原料,220000,基础化工,002274.SZ,002274.SZ,华昌化工,2022-07-29,煤化工
850326.SI,220206,钛白粉,220200,化学原料,220000,基础化工,000545.SZ,000545.SZ,金浦钛业,2021-07-30,钛白粉
850326.SI,220206,钛白粉,220200,化学原料,220000,基础化工,002145.SZ,002145.SZ,钛能化学,2021-07-30,钛白粉
850326.SI,220206,钛白粉,220200,化学原料,220000,基础化工,002601.SZ,002601.SZ,龙佰集团,2021-07-30,钛白粉
850326.SI,220206,钛白粉,220200,化学原料,220000,基础化工,300891.SZ,300891.SZ,惠云钛业,2021-07-30,钛白粉
850326.SI,220206,钛白粉,220200,化学原料,220000,基础化工,002136.SZ,002136.SZ,安纳达,2021-07-30,钛白粉
850326.SI,220206,钛白粉,220200,化学原料,220000,基础化工,600727.SH,600727.SH,鲁北化工,2021-07-30,钛白粉
850335.SI,220305,涂料油墨,220300,化学制品,220000,基础化工,603110.SH,603110.SH,东方材料,2017-09-25,涂料油墨
850335.SI,220305,涂料油墨,220300,化学制品,220000,基础化工,300225.SZ,300225.SZ,金力泰,2011-01-24,涂料油墨
850335.SI,220305,涂料油墨,220300,化学制品,220000,基础化工,301683.SZ,301683.SZ,慧谷新材,2026-03-23,涂料油墨
850335.SI,220305,涂料油墨,220300,化学制品,220000,基础化工,688129.SH,688129.SH,东来技术,2020-10-16,涂料油墨
850335.SI,220305,涂料油墨,220300,化学制品,220000,基础化工,301037.SZ,301037.SZ,保立佳,2021-07-30,涂料油墨
850335.SI,220305,涂料油墨,220300,化学制品,220000,基础化工,300758.SZ,300758.SZ,七彩化学,2019-01-24,涂料油墨
850335.SI,220305,涂料油墨,220300,化学制品,220000,基础化工,300665.SZ,300665.SZ,飞鹿股份,2017-06-05,涂料油墨
850335.SI,220305,涂料油墨,220300,化学制品,220000,基础化工,603823.SH,603823.SH,百合花,2016-12-12,涂料油墨
850335.SI,220305,涂料油墨,220300,化学制品,220000,基础化工,301209.SZ,301209.SZ,联合化学,2022-08-12,涂料油墨
850335.SI,220305,涂料油墨,220300,化学制品,220000,基础化工,002319.SZ,002319.SZ,乐通股份,2009-01-23,涂料油墨
850335.SI,220305,涂料油墨,220300,化学制品,220000,基础化工,688571.SH,688571.SH,杭华股份,2020-11-25,涂料油墨
850335.SI,220305,涂料油墨,220300,化学制品,220000,基础化工,001335.SZ,001335.SZ,信凯科技,2025-03-21,涂料油墨
850335.SI,220305,涂料油墨,220300,化学制品,220000,基础化工,301036.SZ,301036.SZ,双乐股份,2021-07-12,涂料油墨
850335.SI,220305,涂料油墨,220300,化学制品,220000,基础化工,000565.SZ,000565.SZ,渝三峡A,2011-01-10,涂料油墨
850335.SI,220305,涂料油墨,220300,化学制品,220000,基础化工,603062.SH,603062.SH,麦加芯彩,2023-10-27,涂料油墨
850335.SI,220305,涂料油墨,220300,化学制品,220000,基础化工,688157.SH,688157.SH,松井股份,2020-05-25,涂料油墨
850335.SI,220305,涂料油墨,220300,化学制品,220000,基础化工,300522.SZ,300522.SZ,世名科技,2018-07-13,涂料油墨
850337.SI,220307,民爆制品,220300,化学制品,220000,基础化工,002360.SZ,002360.SZ,ST同德,2010-01-04,民爆制品
850337.SI,220307,民爆制品,220300,化学制品,220000,基础化工,002683.SZ,002683.SZ,广东宏大,2012-01-30,民爆制品
850337.SI,220307,民爆制品,220300,化学制品,220000,基础化工,002226.SZ,002226.SZ,江南化工,2008-04-14,民爆制品
850337.SI,220307,民爆制品,220300,化学制品,220000,基础化工,002827.SZ,002827.SZ,高争民爆,2016-12-01,民爆制品
850337.SI,220307,民爆制品,220300,化学制品,220000,基础化工,002037.SZ,002037.SZ,保利联合,2004-09-07,民爆制品
850337.SI,220307,民爆制品,220300,化学制品,220000,基础化工,002497.SZ,002497.SZ,雅化集团,2024-07-30,民爆制品
850337.SI,220307,民爆制品,220300,化学制品,220000,基础化工,603977.SH,603977.SH,国泰集团,2018-07-13,民爆制品
850337.SI,220307,民爆制品,220300,化学制品,220000,基础化工,002096.SZ,002096.SZ,易普力,2006-12-20,民爆制品
850337.SI,220307,民爆制品,220300,化学制品,220000,基础化工,603227.SH,603227.SH,雪峰科技,2015-01-06,民爆制品
850337.SI,220307,民爆制品,220300,化学制品,220000,基础化工,002783.SZ,002783.SZ,凯龙股份,2015-12-09,民爆制品
850337.SI,220307,民爆制品,220300,化学制品,220000,基础化工,003002.SZ,003002.SZ,壶化股份,2020-09-04,民爆制品
850337.SI,220307,民爆制品,220300,化学制品,220000,基础化工,002917.SZ,002917.SZ,金奥博,2017-12-08,民爆制品
850337.SI,220307,民爆制品,220300,化学制品,220000,基础化工,002246.SZ,002246.SZ,北化股份,2017-06-29,民爆制品
850338.SI,220308,纺织化学制品,220300,化学制品,220000,基础化工,002440.SZ,002440.SZ,闰土股份,2021-12-13,纺织化学制品
850338.SI,220308,纺织化学制品,220300,化学制品,220000,基础化工,300067.SZ,300067.SZ,安诺其,2021-12-13,纺织化学制品
850338.SI,220308,纺织化学制品,220300,化学制品,220000,基础化工,300107.SZ,300107.SZ,建新股份,2021-12-13,纺织化学制品
850338.SI,220308,纺织化学制品,220300,化学制品,220000,基础化工,300798.SZ,300798.SZ,锦鸡股份,2021-12-13,纺织化学制品
850338.SI,220308,纺织化学制品,220300,化学制品,220000,基础化工,600352.SH,600352.SH,浙江龙盛,2021-12-13,纺织化学制品
850338.SI,220308,纺织化学制品,220300,化学制品,220000,基础化工,603188.SH,603188.SH,亚邦股份,2021-12-13,纺织化学制品
850338.SI,220308,纺织化学制品,220300,化学制品,220000,基础化工,603790.SH,603790.SH,雅运股份,2021-12-13,纺织化学制品
850338.SI,220308,纺织化学制品,220300,化学制品,220000,基础化工,603980.SH,603980.SH,吉华集团,2021-12-13,纺织化学制品
850338.SI,220308,纺织化学制品,220300,化学制品,220000,基础化工,605566.SH,605566.SH,福莱蒽特,2021-12-13,纺织化学制品
850338.SI,220308,纺织化学制品,220300,化学制品,220000,基础化工,603172.SH,603172.SH,万丰股份,2023-05-10,纺织化学制品
850338.SI,220308,纺织化学制品,220300,化学制品,220000,基础化工,301618.SZ,301618.SZ,长联科技,2024-09-30,纺织化学制品
850338.SI,220308,纺织化学制品,220300,化学制品,220000,基础化工,301585.SZ,301585.SZ,蓝宇股份,2024-12-20,纺织化学制品
850338.SI,220308,纺织化学制品,220300,化学制品,220000,基础化工,002054.SZ,002054.SZ,德美化工,2021-12-13,纺织化学制品
850339.SI,220309,其他化学制品,220300,化学制品,220000,基础化工,001218.SZ,001218.SZ,丽臣实业,2021-12-13,其他化学制品
850339.SI,220309,其他化学制品,220300,化学制品,220000,基础化工,002453.SZ,002453.SZ,华软科技,2021-12-13,其他化学制品
850339.SI,220309,其他化学制品,220300,化学制品,220000,基础化工,002455.SZ,002455.SZ,百川股份,2021-12-13,其他化学制品
850339.SI,220309,其他化学制品,220300,化学制品,220000,基础化工,002549.SZ,002549.SZ,凯美特气,2021-12-13,其他化学制品
850339.SI,220309,其他化学制品,220300,化学制品,220000,基础化工,002637.SZ,002637.SZ,赞宇科技,2021-12-13,其他化学制品
850339.SI,220309,其他化学制品,220300,化学制品,220000,基础化工,002666.SZ,002666.SZ,德联集团,2021-12-13,其他化学制品
850339.SI,220309,其他化学制品,220300,化学制品,220000,基础化工,002802.SZ,002802.SZ,洪汇新材,2021-12-13,其他化学制品
850339.SI,220309,其他化学制品,220300,化学制品,220000,基础化工,002809.SZ,002809.SZ,红墙股份,2021-12-13,其他化学制品
850339.SI,220309,其他化学制品,220300,化学制品,220000,基础化工,002810.SZ,002810.SZ,山东赫达,2021-12-13,其他化学制品
850339.SI,220309,其他化学制品,220300,化学制品,220000,基础化工,002971.SZ,002971.SZ,和远气体,2021-12-13,其他化学制品
850339.SI,220309,其他化学制品,220300,化学制品,220000,基础化工,300109.SZ,300109.SZ,新开源,2021-12-13,其他化学制品
850339.SI,220309,其他化学制品,220300,化学制品,220000,基础化工,300163.SZ,300163.SZ,先锋新材,2021-12-13,其他化学制品
850339.SI,220309,其他化学制品,220300,化学制品,220000,基础化工,300169.SZ,300169.SZ,天晟新材,2021-12-13,其他化学制品
850339.SI,220309,其他化学制品,220300,化学制品,220000,基础化工,300174.SZ,300174.SZ,元力股份,2021-12-13,其他化学制品
850339.SI,220309,其他化学制品,220300,化学制品,220000,基础化工,300405.SZ,300405.SZ,科隆股份,2021-12-13,其他化学制品
850339.SI,220309,其他化学制品,220300,化学制品,220000,基础化工,300535.SZ,300535.SZ,达威股份,2021-12-13,其他化学制品
850339.SI,220309,其他化学制品,220300,化学制品,220000,基础化工,300641.SZ,300641.SZ,正丹股份,2021-12-13,其他化学制品
850339.SI,220309,其他化学制品,220300,化学制品,220000,基础化工,300721.SZ,300721.SZ,怡达股份,2021-12-13,其他化学制品
850339.SI,220309,其他化学制品,220300,化学制品,220000,基础化工,300801.SZ,300801.SZ,泰和科技,2021-12-13,其他化学制品
850339.SI,220309,其他化学制品,220300,化学制品,220000,基础化工,300910.SZ,300910.SZ,瑞丰新材,2021-12-13,其他化学制品
850339.SI,220309,其他化学制品,220300,化学制品,220000,基础化工,301059.SZ,301059.SZ,金三江,2021-12-13,其他化学制品
850339.SI,220309,其他化学制品,220300,化学制品,220000,基础化工,301076.SZ,301076.SZ,新瀚新材,2021-12-13,其他化学制品
850339.SI,220309,其他化学制品,220300,化学制品,220000,基础化工,301077.SZ,301077.SZ,星华新材,2021-12-13,其他化学制品
850339.SI,220309,其他化学制品,220300,化学制品,220000,基础化工,301100.SZ,301100.SZ,风光股份,2021-12-13,其他化学制品
850339.SI,220309,其他化学制品,220300,化学制品,220000,基础化工,301149.SZ,301149.SZ,隆华新材,2021-12-13,其他化学制品
850339.SI,220309,其他化学制品,220300,化学制品,220000,基础化工,600165.SH,600165.SH,宁科生物,2021-12-13,其他化学制品
850339.SI,220309,其他化学制品,220300,化学制品,220000,基础化工,600273.SH,600273.SH,嘉化能源,2021-12-13,其他化学制品
850339.SI,220309,其他化学制品,220300,化学制品,220000,基础化工,600500.SH,600500.SH,中化国际,2021-12-13,其他化学制品
850339.SI,220309,其他化学制品,220300,化学制品,220000,基础化工,603217.SH,603217.SH,元利科技,2021-12-13,其他化学制品
850339.SI,220309,其他化学制品,220300,化学制品,220000,基础化工,603822.SH,603822.SH,ST嘉澳,2021-12-13,其他化学制品
850339.SI,220309,其他化学制品,220300,化学制品,220000,基础化工,603867.SH,603867.SH,新化股份,2021-12-13,其他化学制品
850339.SI,220309,其他化学制品,220300,化学制品,220000,基础化工,603916.SH,603916.SH,苏博特,2021-12-13,其他化学制品
850339.SI,220309,其他化学制品,220300,化学制品,220000,基础化工,603948.SH,603948.SH,建业股份,2021-12-13,其他化学制品
850339.SI,220309,其他化学制品,220300,化学制品,220000,基础化工,605366.SH,605366.SH,宏柏新材,2021-12-13,其他化学制品
850339.SI,220309,其他化学制品,220300,化学制品,220000,基础化工,688065.SH,688065.SH,凯赛生物,2021-12-13,其他化学制品
850339.SI,220309,其他化学制品,220300,化学制品,220000,基础化工,688133.SH,688133.SH,泰坦科技,2021-12-13,其他化学制品
850339.SI,220309,其他化学制品,220300,化学制品,220000,基础化工,688179.SH,688179.SH,阿拉丁,2021-12-13,其他化学制品
850339.SI,220309,其他化学制品,220300,化学制品,220000,基础化工,688196.SH,688196.SH,卓越新能,2021-12-13,其他化学制品
850339.SI,220309,其他化学制品,220300,化学制品,220000,基础化工,688199.SH,688199.SH,久日新材,2021-12-13,其他化学制品
850339.SI,220309,其他化学制品,220300,化学制品,220000,基础化工,688350.SH,688350.SH,富淼科技,2021-12-13,其他化学制品
850339.SI,220309,其他化学制品,220300,化学制品,220000,基础化工,688398.SH,688398.SH,赛特新材,2021-12-13,其他化学制品
850339.SI,220309,其他化学制品,220300,化学制品,220000,基础化工,688625.SH,688625.SH,呈和科技,2021-12-13,其他化学制品
850339.SI,220309,其他化学制品,220300,化学制品,220000,基础化工,688659.SH,688659.SH,元琛科技,2021-12-13,其他化学制品
850339.SI,220309,其他化学制品,220300,化学制品,220000,基础化工,688267.SH,688267.SH,中触媒,2022-02-16,其他化学制品
850339.SI,220309,其他化学制品,220300,化学制品,220000,基础化工,301212.SZ,301212.SZ,联盛化学,2022-04-19,其他化学制品
850339.SI,220309,其他化学制品,220300,化学制品,220000,基础化工,301286.SZ,301286.SZ,侨源股份,2022-06-14,其他化学制品
850339.SI,220309,其他化学制品,220300,化学制品,220000,基础化工,002591.SZ,002591.SZ,恒大高新,2022-08-01,其他化学制品
850339.SI,220309,其他化学制品,220300,化学制品,220000,基础化工,300214.SZ,300214.SZ,日科化学,2022-08-01,其他化学制品
850339.SI,220309,其他化学制品,220300,化学制品,220000,基础化工,300596.SZ,300596.SZ,利安隆,2022-08-01,其他化学制品
850339.SI,220309,其他化学制品,220300,化学制品,220000,基础化工,300610.SZ,300610.SZ,晨化股份,2022-08-01,其他化学制品
850339.SI,220309,其他化学制品,220300,化学制品,220000,基础化工,300637.SZ,300637.SZ,扬帆新材,2022-08-01,其他化学制品
850339.SI,220309,其他化学制品,220300,化学制品,220000,基础化工,603010.SH,603010.SH,万盛股份,2022-08-01,其他化学制品
850339.SI,220309,其他化学制品,220300,化学制品,220000,基础化工,603181.SH,603181.SH,皇马科技,2022-08-01,其他化学制品
850339.SI,220309,其他化学制品,220300,化学制品,220000,基础化工,603722.SH,603722.SH,阿科力,2022-08-01,其他化学制品
850339.SI,220309,其他化学制品,220300,化学制品,220000,基础化工,688269.SH,688269.SH,凯立新材,2022-08-01,其他化学制品
850339.SI,220309,其他化学制品,220300,化学制品,220000,基础化工,688357.SH,688357.SH,建龙微纳,2022-08-01,其他化学制品
850339.SI,220309,其他化学制品,220300,化学制品,220000,基础化工,603255.SH,603255.SH,鼎际得,2022-08-18,其他化学制品
850339.SI,220309,其他化学制品,220300,化学制品,220000,基础化工,301373.SZ,301373.SZ,凌玮科技,2023-02-08,其他化学制品
850339.SI,220309,其他化学制品,220300,化学制品,220000,基础化工,603065.SH,603065.SH,宿迁联盛,2023-03-21,其他化学制品
850339.SI,220309,其他化学制品,220300,化学制品,220000,基础化工,603125.SH,603125.SH,常青科技,2023-04-10,其他化学制品
850339.SI,220309,其他化学制品,220300,化学制品,220000,基础化工,301518.SZ,301518.SZ,长华化学,2023-08-03,其他化学制品
850339.SI,220309,其他化学制品,220300,化学制品,220000,基础化工,300072.SZ,300072.SZ,海新能科,2023-08-23,其他化学制品
850339.SI,220309,其他化学制品,220300,化学制品,220000,基础化工,603276.SH,603276.SH,恒兴新材,2023-09-22,其他化学制品
850339.SI,220309,其他化学制品,220300,化学制品,220000,基础化工,001358.SZ,001358.SZ,兴欣新材,2023-12-21,其他化学制品
850339.SI,220309,其他化学制品,220300,化学制品,220000,基础化工,603004.SH,603004.SH,鼎龙科技,2023-12-27,其他化学制品
850339.SI,220309,其他化学制品,220300,化学制品,220000,基础化工,603285.SH,603285.SH,键邦股份,2024-07-05,其他化学制品
850339.SI,220309,其他化学制品,220300,化学制品,220000,基础化工,002430.SZ,002430.SZ,杭氧股份,2024-07-31,其他化学制品
850339.SI,220309,其他化学制品,220300,化学制品,220000,基础化工,301617.SZ,301617.SZ,博苑新材,2024-12-11,其他化学制品
850339.SI,220309,其他化学制品,220300,化学制品,220000,基础化工,603120.SH,603120.SH,肯特催化,2025-04-16,其他化学制品
850339.SI,220309,其他化学制品,220300,化学制品,220000,基础化工,688602.SH,688602.SH,康鹏科技,2025-04-28,其他化学制品
850339.SI,220309,其他化学制品,220300,化学制品,220000,基础化工,603334.SH,603334.SH,丰倍生物,2025-11-05,其他化学制品
850339.SI,220309,其他化学制品,220300,化学制品,220000,基础化工,301688.SZ,301688.SZ,格林生物,2026-09-02,其他化学制品
850339.SI,220309,其他化学制品,220300,化学制品,220000,基础化工,000881.SZ,000881.SZ,中广核技,2021-12-13,其他化学制品
850382.SI,220311,氟化工,220300,化学制品,220000,基础化工,603505.SH,603505.SH,金石资源,2017-04-19,氟化工
850382.SI,220311,氟化工,220300,化学制品,220000,基础化工,600160.SH,600160.SH,巨化股份,1998-06-26,氟化工
850382.SI,220311,氟化工,220300,化学制品,220000,基础化工,605020.SH,605020.SH,永和股份,2021-06-30,氟化工
850382.SI,220311,氟化工,220300,化学制品,220000,基础化工,002407.SZ,002407.SZ,多氟多,2011-01-10,氟化工
850382.SI,220311,氟化工,220300,化学制品,220000,基础化工,002326.SZ,002326.SZ,永太科技,2009-12-04,氟化工
850382.SI,220311,氟化工,220300,化学制品,220000,基础化工,300343.SZ,300343.SZ,联创股份,2023-07-04,氟化工
850382.SI,220311,氟化工,220300,化学制品,220000,基础化工,603379.SH,603379.SH,三美股份,2019-03-18,氟化工
850382.SI,220311,氟化工,220300,化学制品,220000,基础化工,002915.SZ,002915.SZ,中欣氟材,2017-11-21,氟化工
850382.SI,220311,氟化工,220300,化学制品,220000,基础化工,600378.SH,600378.SH,昊华科技,2021-07-30,氟化工
850382.SI,220311,氟化工,220300,化学制品,220000,基础化工,603310.SH,603310.SH,巍华新材,2024-08-02,氟化工
850372.SI,220313,聚氨酯,220300,化学制品,220000,基础化工,600230.SH,600230.SH,沧州大化,2011-10-10,聚氨酯
850372.SI,220313,聚氨酯,220300,化学制品,220000,基础化工,002165.SZ,002165.SZ,红宝丽,2007-08-22,聚氨酯
850372.SI,220313,聚氨酯,220300,化学制品,220000,基础化工,600309.SH,600309.SH,万华化学,2001-01-05,聚氨酯
850372.SI,220313,聚氨酯,220300,化学制品,220000,基础化工,300200.SZ,300200.SZ,高盟新材,2011-10-10,聚氨酯
850372.SI,220313,聚氨酯,220300,化学制品,220000,基础化工,300848.SZ,300848.SZ,美瑞新材,2020-06-18,聚氨酯
850372.SI,220313,聚氨酯,220300,化学制品,220000,基础化工,603041.SH,603041.SH,美思德,2017-03-20,聚氨酯
850372.SI,220313,聚氨酯,220300,化学制品,220000,基础化工,603192.SH,603192.SH,汇得科技,2018-08-09,聚氨酯
850372.SI,220313,聚氨酯,220300,化学制品,220000,基础化工,300321.SZ,300321.SZ,同大股份,2012-01-16,聚氨酯
850135.SI,220315,食品及饲料添加剂,220300,化学制品,220000,基础化工,688639.SH,688639.SH,华恒生物,2021-07-30,食品及饲料添加剂
850135.SI,220315,食品及饲料添加剂,220300,化学制品,220000,基础化工,002166.SZ,002166.SZ,莱茵生物,2022-07-29,食品及饲料添加剂
850135.SI,220315,食品及饲料添加剂,220300,化学制品,220000,基础化工,600873.SH,600873.SH,梅花生物,2022-07-29,食品及饲料添加剂
850135.SI,220315,食品及饲料添加剂,220300,化学制品,220000,基础化工,600299.SH,600299.SH,安迪苏,2021-07-30,食品及饲料添加剂
850135.SI,220315,食品及饲料添加剂,220300,化学制品,220000,基础化工,603079.SH,603079.SH,圣达生物,2024-07-30,食品及饲料添加剂
850135.SI,220315,食品及饲料添加剂,220300,化学制品,220000,基础化工,002597.SZ,002597.SZ,金禾实业,2021-07-30,食品及饲料添加剂
850135.SI,220315,食品及饲料添加剂,220300,化学制品,220000,基础化工,300741.SZ,300741.SZ,华宝股份,2021-07-30,食品及饲料添加剂
850135.SI,220315,食品及饲料添加剂,220300,化学制品,220000,基础化工,301206.SZ,301206.SZ,三元生物,2022-01-14,食品及饲料添加剂
850135.SI,220315,食品及饲料添加剂,220300,化学制品,220000,基础化工,603020.SH,603020.SH,爱普股份,2021-07-30,食品及饲料添加剂
850135.SI,220315,食品及饲料添加剂,220300,化学制品,220000,基础化工,301220.SZ,301220.SZ,亚香股份,2022-06-02,食品及饲料添加剂
850135.SI,220315,食品及饲料添加剂,220300,化学制品,220000,基础化工,688089.SH,688089.SH,ST嘉必优,2021-07-30,食品及饲料添加剂
850135.SI,220315,食品及饲料添加剂,220300,化学制品,220000,基础化工,605016.SH,605016.SH,百龙创园,2021-07-30,食品及饲料添加剂
850135.SI,220315,食品及饲料添加剂,220300,化学制品,220000,基础化工,002562.SZ,002562.SZ,兄弟科技,2021-07-30,食品及饲料添加剂
850135.SI,220315,食品及饲料添加剂,220300,化学制品,220000,基础化工,300886.SZ,300886.SZ,华业香料,2026-07-01,食品及饲料添加剂
850135.SI,220315,食品及饲料添加剂,220300,化学制品,220000,基础化工,605077.SH,605077.SH,华康股份,2021-07-30,食品及饲料添加剂
850135.SI,220315,食品及饲料添加剂,220300,化学制品,220000,基础化工,600866.SH,600866.SH,星湖科技,2021-07-30,食品及饲料添加剂
850135.SI,220315,食品及饲料添加剂,220300,化学制品,220000,基础化工,603739.SH,603739.SH,蔚蓝生物,2022-07-29,食品及饲料添加剂
850135.SI,220315,食品及饲料添加剂,220300,化学制品,220000,基础化工,300858.SZ,300858.SZ,科拓生物,2021-07-30,食品及饲料添加剂
850135.SI,220315,食品及饲料添加剂,220300,化学制品,220000,基础化工,603235.SH,603235.SH,天新药业,2022-06-24,食品及饲料添加剂
850135.SI,220315,食品及饲料添加剂,220300,化学制品,220000,基础化工,300829.SZ,300829.SZ,金丹科技,2021-07-30,食品及饲料添加剂
850135.SI,220315,食品及饲料添加剂,220300,化学制品,220000,基础化工,301156.SZ,301156.SZ,美农生物,2022-06-10,食品及饲料添加剂
850135.SI,220315,食品及饲料添加剂,220300,化学制品,220000,基础化工,603968.SH,603968.SH,醋化股份,2021-07-30,食品及饲料添加剂
850135.SI,220315,食品及饲料添加剂,220300,化学制品,220000,基础化工,002001.SZ,002001.SZ,新和成,2024-08-07,食品及饲料添加剂
850136.SI,220316,有机硅,220300,化学制品,220000,基础化工,002211.SZ,002211.SZ,ST宏达,2021-07-30,有机硅
850136.SI,220316,有机硅,220300,化学制品,220000,基础化工,603281.SH,603281.SH,江瀚新材,2023-01-06,有机硅
850136.SI,220316,有机硅,220300,化学制品,220000,基础化工,300727.SZ,300727.SZ,润禾材料,2021-07-30,有机硅
850136.SI,220316,有机硅,220300,化学制品,220000,基础化工,603260.SH,603260.SH,合盛硅业,2022-07-29,有机硅
850136.SI,220316,有机硅,220300,化学制品,220000,基础化工,300041.SZ,300041.SZ,回天新材,2021-07-30,有机硅
850136.SI,220316,有机硅,220300,化学制品,220000,基础化工,300019.SZ,300019.SZ,硅宝科技,2021-07-30,有机硅
850136.SI,220316,有机硅,220300,化学制品,220000,基础化工,605399.SH,605399.SH,晨光新材,2021-07-30,有机硅
850136.SI,220316,有机硅,220300,化学制品,220000,基础化工,603155.SH,603155.SH,新亚强,2021-07-30,有机硅
850136.SI,220316,有机硅,220300,化学制品,220000,基础化工,002909.SZ,002909.SZ,集泰股份,2021-07-30,有机硅
850136.SI,220316,有机硅,220300,化学制品,220000,基础化工,300821.SZ,300821.SZ,东岳硅材,2021-07-30,有机硅
850137.SI,220317,胶黏剂及胶带,220300,化学制品,220000,基础化工,002669.SZ,002669.SZ,康达新材,2021-07-30,胶黏剂及胶带
850137.SI,220317,胶黏剂及胶带,220300,化学制品,220000,基础化工,603051.SH,603051.SH,鹿山新材,2022-03-11,胶黏剂及胶带
850137.SI,220317,胶黏剂及胶带,220300,化学制品,220000,基础化工,603683.SH,603683.SH,晶华新材,2021-07-30,胶黏剂及胶带
850137.SI,220317,胶黏剂及胶带,220300,化学制品,220000,基础化工,301283.SZ,301283.SZ,聚胶股份,2022-08-19,胶黏剂及胶带
850137.SI,220317,胶黏剂及胶带,220300,化学制品,220000,基础化工,603681.SH,603681.SH,永冠新材,2021-07-30,胶黏剂及胶带
850341.SI,220401,涤纶,220400,化学纤维,220000,基础化工,000936.SZ,000936.SZ,华西股份,1999-08-10,涤纶
850341.SI,220401,涤纶,220400,化学纤维,220000,基础化工,603225.SH,603225.SH,新凤鸣,2017-03-30,涤纶
850341.SI,220401,涤纶,220400,化学纤维,220000,基础化工,603332.SH,603332.SH,苏州龙杰,2019-01-04,涤纶
850341.SI,220401,涤纶,220400,化学纤维,220000,基础化工,600370.SH,600370.SH,*ST三房,2022-07-29,涤纶
850341.SI,220401,涤纶,220400,化学纤维,220000,基础化工,002206.SZ,002206.SZ,海利得,2008-01-02,涤纶
850341.SI,220401,涤纶,220400,化学纤维,220000,基础化工,002998.SZ,002998.SZ,优彩资源,2020-08-21,涤纶
850341.SI,220401,涤纶,220400,化学纤维,220000,基础化工,301057.SZ,301057.SZ,汇隆新材,2021-08-20,涤纶
850341.SI,220401,涤纶,220400,化学纤维,220000,基础化工,002427.SZ,002427.SZ,尤夫股份,2010-01-07,涤纶
850341.SI,220401,涤纶,220400,化学纤维,220000,基础化工,603073.SH,603073.SH,彩蝶实业,2023-02-13,涤纶
850341.SI,220401,涤纶,220400,化学纤维,220000,基础化工,603406.SH,603406.SH,天富龙,2025-07-18,涤纶
850343.SI,220403,粘胶,220400,化学纤维,220000,基础化工,000677.SZ,000677.SZ,ST海龙,2021-07-30,粘胶
850343.SI,220403,粘胶,220400,化学纤维,220000,基础化工,000949.SZ,000949.SZ,新乡化纤,2024-07-30,粘胶
850343.SI,220403,粘胶,220400,化学纤维,220000,基础化工,000420.SZ,000420.SZ,吉林化纤,1996-08-02,粘胶
850344.SI,220404,其他化学纤维,220400,化学纤维,220000,基础化工,600063.SH,600063.SH,皖维高新,1997-05-28,其他化学纤维
850344.SI,220404,其他化学纤维,220400,化学纤维,220000,基础化工,688722.SH,688722.SH,同益中,2021-09-24,其他化学纤维
850344.SI,220404,其他化学纤维,220400,化学纤维,220000,基础化工,300876.SZ,300876.SZ,蒙泰高新,2020-08-07,其他化学纤维
850344.SI,220404,其他化学纤维,220400,化学纤维,220000,基础化工,001369.SZ,001369.SZ,双欣材料,2025-12-12,其他化学纤维
850344.SI,220404,其他化学纤维,220400,化学纤维,220000,基础化工,002254.SZ,002254.SZ,泰和新材,2023-07-04,其他化学纤维
850344.SI,220404,其他化学纤维,220400,化学纤维,220000,基础化工,300905.SZ,300905.SZ,宝丽迪,2024-07-30,其他化学纤维
850344.SI,220404,其他化学纤维,220400,化学纤维,220000,基础化工,688295.SH,688295.SH,中复神鹰,2022-03-18,其他化学纤维
850345.SI,220405,氨纶,220400,化学纤维,220000,基础化工,002064.SZ,002064.SZ,华峰化学,2021-12-13,氨纶
850346.SI,220406,锦纶,220400,化学纤维,220000,基础化工,601113.SH,601113.SH,华鼎股份,2025-08-11,锦纶
850346.SI,220406,锦纶,220400,化学纤维,220000,基础化工,603382.SH,603382.SH,海阳科技,2025-05-23,锦纶
850346.SI,220406,锦纶,220400,化学纤维,220000,基础化工,600810.SH,600810.SH,神马股份,2021-07-30,锦纶
850346.SI,220406,锦纶,220400,化学纤维,220000,基础化工,000782.SZ,000782.SZ,恒申新材,2021-07-30,锦纶
850346.SI,220406,锦纶,220400,化学纤维,220000,基础化工,605166.SH,605166.SH,聚合顺,2021-07-30,锦纶
850351.SI,220501,其他塑料制品,220500,塑料,220000,基础化工,002825.SZ,002825.SZ,纳尔股份,2016-11-29,其他塑料制品
850351.SI,220501,其他塑料制品,220500,塑料,220000,基础化工,301019.SZ,301019.SZ,宁波色母,2021-06-22,其他塑料制品
850351.SI,220501,其他塑料制品,220500,塑料,220000,基础化工,300920.SZ,300920.SZ,润阳科技,2020-12-14,其他塑料制品
850351.SI,220501,其他塑料制品,220500,塑料,220000,基础化工,300717.SZ,300717.SZ,华信新材,2017-11-06,其他塑料制品
850351.SI,220501,其他塑料制品,220500,塑料,220000,基础化工,300243.SZ,300243.SZ,瑞丰高材,2021-07-30,其他塑料制品
850351.SI,220501,其他塑料制品,220500,塑料,220000,基础化工,605008.SH,605008.SH,长鸿高科,2020-08-07,其他塑料制品
850351.SI,220501,其他塑料制品,220500,塑料,220000,基础化工,300980.SZ,300980.SZ,祥源新材,2021-04-06,其他塑料制品
850351.SI,220501,其他塑料制品,220500,塑料,220000,基础化工,301591.SZ,301591.SZ,肯特股份,2024-02-02,其他塑料制品
850351.SI,220501,其他塑料制品,220500,塑料,220000,基础化工,603580.SH,603580.SH,艾艾精工,2017-05-22,其他塑料制品
850351.SI,220501,其他塑料制品,220500,塑料,220000,基础化工,002108.SZ,002108.SZ,沧州明珠,2007-01-24,其他塑料制品
850351.SI,220501,其他塑料制品,220500,塑料,220000,基础化工,300539.SZ,300539.SZ,横河精密,2017-06-29,其他塑料制品
850351.SI,220501,其他塑料制品,220500,塑料,220000,基础化工,603150.SH,603150.SH,万朗磁塑,2022-01-07,其他塑料制品
850351.SI,220501,其他塑料制品,220500,塑料,220000,基础化工,301216.SZ,301216.SZ,万凯新材,2022-07-29,其他塑料制品
850351.SI,220501,其他塑料制品,220500,塑料,220000,基础化工,603330.SH,603330.SH,天洋新材,2021-07-30,其他塑料制品
850351.SI,220501,其他塑料制品,220500,塑料,220000,基础化工,300230.SZ,300230.SZ,永利股份,2011-01-07,其他塑料制品
850351.SI,220501,其他塑料制品,220500,塑料,220000,基础化工,300218.SZ,300218.SZ,安利股份,2011-10-10,其他塑料制品
850351.SI,220501,其他塑料制品,220500,塑料,220000,基础化工,301090.SZ,301090.SZ,华润材料,2022-07-29,其他塑料制品
850351.SI,220501,其他塑料制品,220500,塑料,220000,基础化工,300180.SZ,300180.SZ,华峰超纤,2011-10-10,其他塑料制品
850351.SI,220501,其他塑料制品,220500,塑料,220000,基础化工,301196.SZ,301196.SZ,唯科科技,2021-12-17,其他塑料制品
850353.SI,220503,改性塑料,220500,塑料,220000,基础化工,301003.SZ,301003.SZ,江苏博云,2021-05-21,改性塑料
850353.SI,220503,改性塑料,220500,塑料,220000,基础化工,688669.SH,688669.SH,聚石化学,2021-01-08,改性塑料
850353.SI,220503,改性塑料,220500,塑料,220000,基础化工,301538.SZ,301538.SZ,骏鼎达,2024-03-01,改性塑料
850353.SI,220503,改性塑料,220500,塑料,220000,基础化工,301686.SZ,301686.SZ,,2026-09-12,改性塑料
850353.SI,220503,改性塑料,220500,塑料,220000,基础化工,600143.SH,600143.SH,金发科技,2011-01-10,改性塑料
850353.SI,220503,改性塑料,220500,塑料,220000,基础化工,300586.SZ,300586.SZ,美联新材,2021-07-30,改性塑料
850353.SI,220503,改性塑料,220500,塑料,220000,基础化工,300538.SZ,300538.SZ,同益股份,2016-08-23,改性塑料
850353.SI,220503,改性塑料,220500,塑料,220000,基础化工,300478.SZ,300478.SZ,杭州高新,2021-07-30,改性塑料
850353.SI,220503,改性塑料,220500,塑料,220000,基础化工,300644.SZ,300644.SZ,南京聚隆,2018-01-29,改性塑料
850353.SI,220503,改性塑料,220500,塑料,220000,基础化工,688219.SH,688219.SH,会通股份,2020-10-29,改性塑料
850353.SI,220503,改性塑料,220500,塑料,220000,基础化工,002886.SZ,002886.SZ,沃特股份,2017-06-20,改性塑料
850353.SI,220503,改性塑料,220500,塑料,220000,基础化工,300834.SZ,300834.SZ,星辉环材,2022-07-29,改性塑料
850353.SI,220503,改性塑料,220500,塑料,220000,基础化工,301131.SZ,301131.SZ,聚赛龙,2022-03-04,改性塑料
850353.SI,220503,改性塑料,220500,塑料,220000,基础化工,002324.SZ,002324.SZ,普利特,2011-01-10,改性塑料
850353.SI,220503,改性塑料,220500,塑料,220000,基础化工,300995.SZ,300995.SZ,奇德新材,2021-05-12,改性塑料
850353.SI,220503,改性塑料,220500,塑料,220000,基础化工,002838.SZ,002838.SZ,道恩股份,2016-12-19,改性塑料
850353.SI,220503,改性塑料,220500,塑料,220000,基础化工,300221.SZ,300221.SZ,银禧科技,2011-10-10,改性塑料
850353.SI,220503,改性塑料,220500,塑料,220000,基础化工,688203.SH,688203.SH,海正生材,2022-08-05,改性塑料
850353.SI,220503,改性塑料,220500,塑料,220000,基础化工,002768.SZ,002768.SZ,国恩股份,2015-01-19,改性塑料
850354.SI,220504,合成树脂,220500,塑料,220000,基础化工,001255.SZ,001255.SZ,博菲电气,2022-08-26,合成树脂
850354.SI,220504,合成树脂,220500,塑料,220000,基础化工,002361.SZ,002361.SZ,神剑股份,2021-07-30,合成树脂
850354.SI,220504,合成树脂,220500,塑料,220000,基础化工,300487.SZ,300487.SZ,蓝晓科技,2021-07-30,合成树脂
850354.SI,220504,合成树脂,220500,塑料,220000,基础化工,688716.SH,688716.SH,中研股份,2023-09-08,合成树脂
850354.SI,220504,合成树脂,220500,塑料,220000,基础化工,688585.SH,688585.SH,上纬新材,2021-07-30,合成树脂
850354.SI,220504,合成树脂,220500,塑料,220000,基础化工,301092.SZ,301092.SZ,争光股份,2021-10-15,合成树脂
850354.SI,220504,合成树脂,220500,塑料,220000,基础化工,603879.SH,603879.SH,永悦科技,2021-07-30,合成树脂
850354.SI,220504,合成树脂,220500,塑料,220000,基础化工,301555.SZ,301555.SZ,惠柏新材,2023-10-13,合成树脂
850354.SI,220504,合成树脂,220500,塑料,220000,基础化工,301395.SZ,301395.SZ,仁信新材,2023-06-09,合成树脂
850354.SI,220504,合成树脂,220500,塑料,220000,基础化工,603928.SH,603928.SH,兴业股份,2021-07-30,合成树脂
850354.SI,220504,合成树脂,220500,塑料,220000,基础化工,605589.SH,605589.SH,圣泉集团,2021-08-10,合成树脂
850354.SI,220504,合成树脂,220500,塑料,220000,基础化工,601026.SH,601026.SH,道生天合,2025-09-26,合成树脂
850354.SI,220504,合成树脂,220500,塑料,220000,基础化工,002395.SZ,002395.SZ,双象股份,2021-07-30,合成树脂
850354.SI,220504,合成树脂,220500,塑料,220000,基础化工,001333.SZ,001333.SZ,光华股份,2022-10-28,合成树脂
850355.SI,220505,膜材料,220500,塑料,220000,基础化工,002632.SZ,002632.SZ,道明光学,2021-07-30,膜材料
850355.SI,220505,膜材料,220500,塑料,220000,基础化工,000859.SZ,000859.SZ,国风新材,2021-07-30,膜材料
850355.SI,220505,膜材料,220500,塑料,220000,基础化工,001359.SZ,001359.SZ,平安电工,2024-03-18,膜材料
850355.SI,220505,膜材料,220500,塑料,220000,基础化工,688323.SH,688323.SH,瑞华泰,2021-07-30,膜材料
850355.SI,220505,膜材料,220500,塑料,220000,基础化工,601208.SH,601208.SH,东材科技,2021-07-30,膜材料
850355.SI,220505,膜材料,220500,塑料,220000,基础化工,000973.SZ,000973.SZ,佛塑科技,2021-07-30,膜材料
850355.SI,220505,膜材料,220500,塑料,220000,基础化工,688386.SH,688386.SH,泛亚微透,2020-09-24,膜材料
850355.SI,220505,膜材料,220500,塑料,220000,基础化工,688718.SH,688718.SH,唯赛勃,2021-07-30,膜材料
850355.SI,220505,膜材料,220500,塑料,220000,基础化工,603435.SH,603435.SH,嘉德利,2026-04-30,膜材料
850355.SI,220505,膜材料,220500,塑料,220000,基础化工,600135.SH,600135.SH,乐凯胶片,1998-01-22,膜材料
850355.SI,220505,膜材料,220500,塑料,220000,基础化工,001378.SZ,001378.SZ,德冠新材,2023-10-13,膜材料
850355.SI,220505,膜材料,220500,塑料,220000,基础化工,301687.SZ,301687.SZ,新广益,2025-12-12,膜材料
850355.SI,220505,膜材料,220500,塑料,220000,基础化工,301237.SZ,301237.SZ,和顺科技,2022-03-04,膜材料
850355.SI,220505,膜材料,220500,塑料,220000,基础化工,002585.SZ,002585.SZ,双星新材,2011-01-25,膜材料
850355.SI,220505,膜材料,220500,塑料,220000,基础化工,605488.SH,605488.SH,福莱新材,2022-07-29,膜材料
850355.SI,220505,膜材料,220500,塑料,220000,基础化工,300806.SZ,300806.SZ,斯迪克,2021-07-30,膜材料
850355.SI,220505,膜材料,220500,塑料,220000,基础化工,300305.SZ,300305.SZ,裕兴股份,2021-07-30,膜材料
850355.SI,220505,膜材料,220500,塑料,220000,基础化工,301565.SZ,301565.SZ,中仑新材,2024-05-31,膜材料
850355.SI,220505,膜材料,220500,塑料,220000,基础化工,000920.SZ,000920.SZ,沃顿科技,2022-07-29,膜材料
850355.SI,220505,膜材料,220500,塑料,220000,基础化工,002263.SZ,002263.SZ,大东南,2021-07-30,膜材料
850355.SI,220505,膜材料,220500,塑料,220000,基础化工,002522.SZ,002522.SZ,浙江众成,2010-01-04,膜材料
850362.SI,220602,其他橡胶制品,220600,橡胶,220000,基础化工,300767.SZ,300767.SZ,震安科技,2019-03-18,其他橡胶制品
850362.SI,220602,其他橡胶制品,220600,橡胶,220000,基础化工,002381.SZ,002381.SZ,双箭股份,2010-01-18,其他橡胶制品
850362.SI,220602,其他橡胶制品,220600,橡胶,220000,基础化工,002224.SZ,002224.SZ,三力士,2008-04-07,其他橡胶制品
850362.SI,220602,其他橡胶制品,220600,橡胶,220000,基础化工,001325.SZ,001325.SZ,元创股份,2025-12-12,其他橡胶制品
850362.SI,220602,其他橡胶制品,220600,橡胶,220000,基础化工,300587.SZ,300587.SZ,天铁科技,2016-12-19,其他橡胶制品
850362.SI,220602,其他橡胶制品,220600,橡胶,220000,基础化工,300320.SZ,300320.SZ,海达股份,2012-01-30,其他橡胶制品
850362.SI,220602,其他橡胶制品,220600,橡胶,220000,基础化工,300731.SZ,300731.SZ,科创新源,2019-07-24,其他橡胶制品
850362.SI,220602,其他橡胶制品,220600,橡胶,220000,基础化工,603033.SH,603033.SH,三维股份,2016-12-01,其他橡胶制品
850362.SI,220602,其他橡胶制品,220600,橡胶,220000,基础化工,301459.SZ,301459.SZ,丰茂股份,2023-12-01,其他橡胶制品
850363.SI,220603,炭黑,220600,橡胶,220000,基础化工,002068.SZ,002068.SZ,黑猫股份,2021-12-13,炭黑
850363.SI,220603,炭黑,220600,橡胶,220000,基础化工,002442.SZ,002442.SZ,龙星科技,2021-12-13,炭黑
850363.SI,220603,炭黑,220600,橡胶,220000,基础化工,002753.SZ,002753.SZ,永东股份,2021-12-13,炭黑
850363.SI,220603,炭黑,220600,橡胶,220000,基础化工,605183.SH,605183.SH,确成股份,2021-12-13,炭黑
850363.SI,220603,炭黑,220600,橡胶,220000,基础化工,301300.SZ,301300.SZ,远翔新材,2022-08-19,炭黑
850363.SI,220603,炭黑,220600,橡胶,220000,基础化工,001207.SZ,001207.SZ,联科科技,2021-12-13,炭黑
850364.SI,220604,橡胶助剂,220600,橡胶,220000,基础化工,300121.SZ,300121.SZ,阳谷华泰,2021-07-30,橡胶助剂
850364.SI,220604,橡胶助剂,220600,橡胶,220000,基础化工,603650.SH,603650.SH,彤程新材,2021-07-30,橡胶助剂
850331.SI,220801,氮肥,220800,农化制品,220000,基础化工,000912.SZ,000912.SZ,泸天化,2021-12-13,氮肥
850331.SI,220801,氮肥,220800,农化制品,220000,基础化工,600691.SH,600691.SH,潞化科技,2021-12-13,氮肥
850331.SI,220801,氮肥,220800,农化制品,220000,基础化工,000422.SZ,000422.SZ,湖北宜化,2022-08-01,氮肥
850331.SI,220801,氮肥,220800,农化制品,220000,基础化工,600227.SH,600227.SH,赤天化,2022-08-01,氮肥
850331.SI,220801,氮肥,220800,农化制品,220000,基础化工,600426.SH,600426.SH,华鲁恒升,2022-08-01,氮肥
850331.SI,220801,氮肥,220800,农化制品,220000,基础化工,000731.SZ,000731.SZ,四川美丰,2021-12-13,氮肥
850332.SI,220802,磷肥及磷化工,220800,农化制品,220000,基础化工,002895.SZ,002895.SZ,川恒股份,2021-12-13,磷肥及磷化工
850332.SI,220802,磷肥及磷化工,220800,农化制品,220000,基础化工,300505.SZ,300505.SZ,川金诺,2021-12-13,磷肥及磷化工
850332.SI,220802,磷肥及磷化工,220800,农化制品,220000,基础化工,600078.SH,600078.SH,澄星股份,2021-12-13,磷肥及磷化工
850332.SI,220802,磷肥及磷化工,220800,农化制品,220000,基础化工,600096.SH,600096.SH,云天化,2021-12-13,磷肥及磷化工
850332.SI,220802,磷肥及磷化工,220800,农化制品,220000,基础化工,600141.SH,600141.SH,兴发集团,2021-12-13,磷肥及磷化工
850332.SI,220802,磷肥及磷化工,220800,农化制品,220000,基础化工,600470.SH,600470.SH,六国化工,2021-12-13,磷肥及磷化工
850332.SI,220802,磷肥及磷化工,220800,农化制品,220000,基础化工,600331.SH,600331.SH,宏达股份,2022-08-01,磷肥及磷化工
850332.SI,220802,磷肥及磷化工,220800,农化制品,220000,基础化工,603077.SH,603077.SH,和邦生物,2022-08-01,磷肥及磷化工
850332.SI,220802,磷肥及磷化工,220800,农化制品,220000,基础化工,002312.SZ,002312.SZ,川发龙蟒,2021-12-13,磷肥及磷化工
850333.SI,220803,农药,220800,农化制品,220000,基础化工,000553.SZ,000553.SZ,安道麦A,2021-12-13,农药
850333.SI,220803,农药,220800,农化制品,220000,基础化工,002250.SZ,002250.SZ,联化科技,2021-12-13,农药
850333.SI,220803,农药,220800,农化制品,220000,基础化工,002258.SZ,002258.SZ,利尔化学,2021-12-13,农药
850333.SI,220803,农药,220800,农化制品,220000,基础化工,002391.SZ,002391.SZ,长青股份,2021-12-13,农药
850333.SI,220803,农药,220800,农化制品,220000,基础化工,002496.SZ,002496.SZ,辉丰股份,2021-12-13,农药
850333.SI,220803,农药,220800,农化制品,220000,基础化工,002513.SZ,002513.SZ,蓝丰生化,2021-12-13,农药
850333.SI,220803,农药,220800,农化制品,220000,基础化工,002734.SZ,002734.SZ,利民股份,2021-12-13,农药
850333.SI,220803,农药,220800,农化制品,220000,基础化工,002749.SZ,002749.SZ,国光股份,2021-12-13,农药
850333.SI,220803,农药,220800,农化制品,220000,基础化工,002942.SZ,002942.SZ,新农股份,2021-12-13,农药
850333.SI,220803,农药,220800,农化制品,220000,基础化工,003042.SZ,003042.SZ,中农联合,2021-12-13,农药
850333.SI,220803,农药,220800,农化制品,220000,基础化工,300261.SZ,300261.SZ,雅本化学,2021-12-13,农药
850333.SI,220803,农药,220800,农化制品,220000,基础化工,300575.SZ,300575.SZ,中旗股份,2021-12-13,农药
850333.SI,220803,农药,220800,农化制品,220000,基础化工,300796.SZ,300796.SZ,贝斯美,2021-12-13,农药
850333.SI,220803,农药,220800,农化制品,220000,基础化工,301035.SZ,301035.SZ,润丰股份,2021-12-13,农药
850333.SI,220803,农药,220800,农化制品,220000,基础化工,600389.SH,600389.SH,江山股份,2021-12-13,农药
850333.SI,220803,农药,220800,农化制品,220000,基础化工,600486.SH,600486.SH,扬农化工,2021-12-13,农药
850333.SI,220803,农药,220800,农化制品,220000,基础化工,600731.SH,600731.SH,湖南海利,2021-12-13,农药
850333.SI,220803,农药,220800,农化制品,220000,基础化工,603086.SH,603086.SH,先达股份,2021-12-13,农药
850333.SI,220803,农药,220800,农化制品,220000,基础化工,603360.SH,603360.SH,百傲化学,2021-12-13,农药
850333.SI,220803,农药,220800,农化制品,220000,基础化工,603585.SH,603585.SH,苏利股份,2021-12-13,农药
850333.SI,220803,农药,220800,农化制品,220000,基础化工,603599.SH,603599.SH,广信股份,2021-12-13,农药
850333.SI,220803,农药,220800,农化制品,220000,基础化工,603639.SH,603639.SH,海利尔,2021-12-13,农药
850333.SI,220803,农药,220800,农化制品,220000,基础化工,603810.SH,603810.SH,丰山集团,2021-12-13,农药
850333.SI,220803,农药,220800,农化制品,220000,基础化工,603970.SH,603970.SH,中农立华,2021-12-13,农药
850333.SI,220803,农药,220800,农化制品,220000,基础化工,605033.SH,605033.SH,美邦股份,2021-12-13,农药
850333.SI,220803,农药,220800,农化制品,220000,基础化工,001231.SZ,001231.SZ,农心科技,2022-08-19,农药
850333.SI,220803,农药,220800,农化制品,220000,基础化工,300804.SZ,300804.SZ,广康生化,2023-06-27,农药
850333.SI,220803,农药,220800,农化制品,220000,基础化工,600596.SH,600596.SH,新安股份,2023-07-06,农药
850333.SI,220803,农药,220800,农化制品,220000,基础化工,301665.SZ,301665.SZ,泰禾股份,2025-04-11,农药
850333.SI,220803,农药,220800,农化制品,220000,基础化工,000525.SZ,000525.SZ,红太阳,2021-12-13,农药
850336.SI,220804,钾肥,220800,农化制品,220000,基础化工,000893.SZ,000893.SZ,亚钾国际,2021-12-13,钾肥
850336.SI,220804,钾肥,220800,农化制品,220000,基础化工,002545.SZ,002545.SZ,东方铁塔,2022-08-01,钾肥
850336.SI,220804,钾肥,220800,农化制品,220000,基础化工,000408.SZ,000408.SZ,藏格矿业,2026-07-02,钾肥
850336.SI,220804,钾肥,220800,农化制品,220000,基础化工,000792.SZ,000792.SZ,盐湖股份,2021-12-13,钾肥
850381.SI,220805,复合肥,220800,农化制品,220000,基础化工,002170.SZ,002170.SZ,芭田股份,2021-12-13,复合肥
850381.SI,220805,复合肥,220800,农化制品,220000,基础化工,002470.SZ,002470.SZ,金正大,2021-12-13,复合肥
850381.SI,220805,复合肥,220800,农化制品,220000,基础化工,002538.SZ,002538.SZ,ST司特,2021-12-13,复合肥
850381.SI,220805,复合肥,220800,农化制品,220000,基础化工,002539.SZ,002539.SZ,云图控股,2021-12-13,复合肥
850381.SI,220805,复合肥,220800,农化制品,220000,基础化工,002588.SZ,002588.SZ,史丹利,2021-12-13,复合肥
850381.SI,220805,复合肥,220800,农化制品,220000,基础化工,002999.SZ,002999.SZ,天禾股份,2021-12-13,复合肥
850381.SI,220805,复合肥,220800,农化制品,220000,基础化工,300387.SZ,300387.SZ,富邦科技,2021-12-13,复合肥
850381.SI,220805,复合肥,220800,农化制品,220000,基础化工,603395.SH,603395.SH,红四方,2024-11-26,复合肥
850381.SI,220805,复合肥,220800,农化制品,220000,基础化工,002758.SZ,002758.SZ,浙农股份,2025-12-03,复合肥
850381.SI,220805,复合肥,220800,农化制品,220000,基础化工,000902.SZ,000902.SZ,新洋丰,2021-12-13,复合肥
850523.SI,220901,非金属材料Ⅲ,220900,非金属材料Ⅱ,220000,基础化工,603612.SH,603612.SH,索通发展,2021-12-13,非金属材料Ⅲ
850523.SI,220901,非金属材料Ⅲ,220900,非金属材料Ⅱ,220000,基础化工,603688.SH,603688.SH,石英股份,2021-12-13,非金属材料Ⅲ
850523.SI,220901,非金属材料Ⅲ,220900,非金属材料Ⅱ,220000,基础化工,603826.SH,603826.SH,坤彩科技,2021-12-13,非金属材料Ⅲ
850523.SI,220901,非金属材料Ⅲ,220900,非金属材料Ⅱ,220000,基础化工,605086.SH,605086.SH,龙高股份,2021-12-13,非金属材料Ⅲ
850523.SI,220901,非金属材料Ⅲ,220900,非金属材料Ⅱ,220000,基础化工,688300.SH,688300.SH,联瑞新材,2021-12-13,非金属材料Ⅲ
850523.SI,220901,非金属材料Ⅲ,220900,非金属材料Ⅱ,220000,基础化工,001296.SZ,001296.SZ,长江材料,2021-12-24,非金属材料Ⅲ
850523.SI,220901,非金属材料Ⅲ,220900,非金属材料Ⅱ,220000,基础化工,688598.SH,688598.SH,金博股份,2026-07-02,非金属材料Ⅲ
850523.SI,220901,非金属材料Ⅲ,220900,非金属材料Ⅱ,220000,基础化工,301071.SZ,301071.SZ,力量钻石,2021-12-13,非金属材料Ⅲ
850431.SI,230301,铁矿石,230300,冶钢原料,230000,钢铁,000923.SZ,000923.SZ,河钢资源,2021-12-13,铁矿石
850431.SI,230301,铁矿石,230300,冶钢原料,230000,钢铁,001203.SZ,001203.SZ,大中矿业,2021-12-13,铁矿石
850431.SI,230301,铁矿石,230300,冶钢原料,230000,钢铁,601969.SH,601969.SH,海南矿业,2021-12-13,铁矿石
850431.SI,230301,铁矿石,230300,冶钢原料,230000,钢铁,600382.SH,600382.SH,广东明珠,2022-08-01,铁矿石
850431.SI,230301,铁矿石,230300,冶钢原料,230000,钢铁,601121.SH,601121.SH,宝地矿业,2023-03-10,铁矿石
850431.SI,230301,铁矿石,230300,冶钢原料,230000,钢铁,601123.SH,601123.SH,马矿股份,2026-09-01,铁矿石
850431.SI,230301,铁矿石,230300,冶钢原料,230000,钢铁,000655.SZ,000655.SZ,金岭矿业,2021-12-13,铁矿石
850432.SI,230302,冶钢辅料,230300,冶钢原料,230000,钢铁,600295.SH,600295.SH,鄂尔多斯,2021-12-13,冶钢辅料
850432.SI,230302,冶钢辅料,230300,冶钢原料,230000,钢铁,600516.SH,600516.SH,方大炭素,2021-12-13,冶钢辅料
850432.SI,230302,冶钢辅料,230300,冶钢原料,230000,钢铁,000629.SZ,000629.SZ,钒钛股份,2021-12-13,冶钢辅料
850441.SI,230401,长材,230400,普钢,230000,钢铁,002110.SZ,002110.SZ,三钢闽光,2021-12-13,长材
850441.SI,230401,长材,230400,普钢,230000,钢铁,600231.SH,600231.SH,凌钢股份,2021-12-13,长材
850441.SI,230401,长材,230400,普钢,230000,钢铁,000717.SZ,000717.SZ,中南股份,2021-12-13,长材
850442.SI,230402,板材,230400,普钢,230000,钢铁,600581.SH,600581.SH,*ST八钢,2002-08-16,板材
850442.SI,230402,板材,230400,普钢,230000,钢铁,600307.SH,600307.SH,酒钢宏兴,2000-12-20,板材
850442.SI,230402,板材,230400,普钢,230000,钢铁,600019.SH,600019.SH,宝钢股份,2000-12-12,板材
850442.SI,230402,板材,230400,普钢,230000,钢铁,000959.SZ,000959.SZ,首钢股份,1999-12-16,板材
850442.SI,230402,板材,230400,普钢,230000,钢铁,000898.SZ,000898.SZ,鞍钢股份,1997-12-25,板材
850442.SI,230402,板材,230400,普钢,230000,钢铁,600126.SH,600126.SH,杭钢股份,1998-03-11,板材
850442.SI,230402,板材,230400,普钢,230000,钢铁,600010.SH,600010.SH,包钢股份,2001-02-22,板材
850442.SI,230402,板材,230400,普钢,230000,钢铁,000932.SZ,000932.SZ,华菱钢铁,1999-08-03,板材
850442.SI,230402,板材,230400,普钢,230000,钢铁,000761.SZ,000761.SZ,本钢板材,1998-01-15,板材
850442.SI,230402,板材,230400,普钢,230000,钢铁,600782.SH,600782.SH,新钢股份,1996-12-25,板材
850442.SI,230402,板材,230400,普钢,230000,钢铁,000709.SZ,000709.SZ,河钢股份,1997-04-16,板材
850442.SI,230402,板材,230400,普钢,230000,钢铁,600569.SH,600569.SH,安阳钢铁,2001-08-01,板材
850442.SI,230402,板材,230400,普钢,230000,钢铁,600808.SH,600808.SH,马钢股份,1994-01-06,板材
850442.SI,230402,板材,230400,普钢,230000,钢铁,601003.SH,601003.SH,柳钢股份,2007-02-27,板材
850442.SI,230402,板材,230400,普钢,230000,钢铁,600022.SH,600022.SH,山东钢铁,2004-06-28,板材
850442.SI,230402,板材,230400,普钢,230000,钢铁,601005.SH,601005.SH,重庆钢铁,2018-07-13,板材
850443.SI,230403,钢铁管材,230400,普钢,230000,钢铁,603878.SH,603878.SH,武进不锈,2016-12-01,钢铁管材
850443.SI,230403,钢铁管材,230400,普钢,230000,钢铁,000778.SZ,000778.SZ,新兴铸管,1997-06-06,钢铁管材
850443.SI,230403,钢铁管材,230400,普钢,230000,钢铁,601686.SH,601686.SH,友发集团,2021-07-30,钢铁管材
850521.SI,240201,其他金属新材料,240200,金属新材料,240000,有色金属,301522.SZ,301522.SZ,上大股份,2024-09-20,其他金属新材料
850521.SI,240201,其他金属新材料,240200,金属新材料,240000,有色金属,688102.SH,688102.SH,斯瑞新材,2022-07-29,其他金属新材料
850521.SI,240201,其他金属新材料,240200,金属新材料,240000,有色金属,688811.SH,688811.SH,有研复材,2026-03-23,其他金属新材料
850521.SI,240201,其他金属新材料,240200,金属新材料,240000,有色金属,300963.SZ,300963.SZ,中洲特材,2021-03-25,其他金属新材料
850521.SI,240201,其他金属新材料,240200,金属新材料,240000,有色金属,603045.SH,603045.SH,福达合金,2018-05-07,其他金属新材料
850521.SI,240201,其他金属新材料,240200,金属新材料,240000,有色金属,603978.SH,603978.SH,深圳新星,2017-08-07,其他金属新材料
850521.SI,240201,其他金属新材料,240200,金属新材料,240000,有色金属,688456.SH,688456.SH,有研粉材,2023-07-04,其他金属新材料
850521.SI,240201,其他金属新材料,240200,金属新材料,240000,有色金属,600255.SH,600255.SH,鑫科材料,2021-07-30,其他金属新材料
850521.SI,240201,其他金属新材料,240200,金属新材料,240000,有色金属,688190.SH,688190.SH,云路股份,2021-11-12,其他金属新材料
850521.SI,240201,其他金属新材料,240200,金属新材料,240000,有色金属,603124.SH,603124.SH,江南新材,2025-02-28,其他金属新材料
850521.SI,240201,其他金属新材料,240200,金属新材料,240000,有色金属,000969.SZ,000969.SZ,安泰科技,2011-01-10,其他金属新材料
850521.SI,240201,其他金属新材料,240200,金属新材料,240000,有色金属,300930.SZ,300930.SZ,屹通新材,2021-01-11,其他金属新材料
850521.SI,240201,其他金属新材料,240200,金属新材料,240000,有色金属,605158.SH,605158.SH,华达新材,2023-07-04,其他金属新材料
850521.SI,240201,其他金属新材料,240200,金属新材料,240000,有色金属,300855.SZ,300855.SZ,图南股份,2020-07-06,其他金属新材料
850521.SI,240201,其他金属新材料,240200,金属新材料,240000,有色金属,000633.SZ,000633.SZ,合金投资,2018-06-19,其他金属新材料
850521.SI,240201,其他金属新材料,240200,金属新材料,240000,有色金属,688231.SH,688231.SH,隆达股份,2022-07-01,其他金属新材料
850521.SI,240201,其他金属新材料,240200,金属新材料,240000,有色金属,601137.SH,601137.SH,博威合金,2021-07-30,其他金属新材料
850522.SI,240202,磁性材料,240200,金属新材料,240000,有色金属,300224.SZ,300224.SZ,正海磁材,2011-01-24,磁性材料
850522.SI,240202,磁性材料,240200,金属新材料,240000,有色金属,301141.SZ,301141.SZ,中科磁业,2023-03-17,磁性材料
850522.SI,240202,磁性材料,240200,金属新材料,240000,有色金属,000970.SZ,000970.SZ,中科三环,2010-01-04,磁性材料
850522.SI,240202,磁性材料,240200,金属新材料,240000,有色金属,600366.SH,600366.SH,宁波韵升,2010-01-04,磁性材料
850522.SI,240202,磁性材料,240200,金属新材料,240000,有色金属,300811.SZ,300811.SZ,铂科新材,2019-12-23,磁性材料
850522.SI,240202,磁性材料,240200,金属新材料,240000,有色金属,300127.SZ,300127.SZ,银河磁体,2010-02-01,磁性材料
850522.SI,240202,磁性材料,240200,金属新材料,240000,有色金属,300835.SZ,300835.SZ,龙磁科技,2020-05-18,磁性材料
850522.SI,240202,磁性材料,240200,金属新材料,240000,有色金属,688786.SH,688786.SH,悦安新材,2022-07-29,磁性材料
850522.SI,240202,磁性材料,240200,金属新材料,240000,有色金属,301531.SZ,301531.SZ,春光集团,2026-04-17,磁性材料
850522.SI,240202,磁性材料,240200,金属新材料,240000,有色金属,300748.SZ,300748.SZ,金力永磁,2018-09-18,磁性材料
850522.SI,240202,磁性材料,240200,金属新材料,240000,有色金属,301622.SZ,301622.SZ,英思特,2024-11-15,磁性材料
850522.SI,240202,磁性材料,240200,金属新材料,240000,有色金属,000795.SZ,000795.SZ,英洛华,2008-01-02,磁性材料
850522.SI,240202,磁性材料,240200,金属新材料,240000,有色金属,603072.SH,603072.SH,天和磁材,2024-12-20,磁性材料
850522.SI,240202,磁性材料,240200,金属新材料,240000,有色金属,688077.SH,688077.SH,大地熊,2020-07-06,磁性材料
850522.SI,240202,磁性材料,240200,金属新材料,240000,有色金属,301323.SZ,301323.SZ,新莱福,2023-05-26,磁性材料
850551.SI,240301,铝,240300,工业金属,240000,有色金属,300057.SZ,300057.SZ,万顺新材,2010-01-08,铝
850551.SI,240301,铝,240300,工业金属,240000,有色金属,603271.SH,603271.SH,永杰新材,2025-02-21,铝
850551.SI,240301,铝,240300,工业金属,240000,有色金属,601388.SH,601388.SH,怡球资源,2012-04-09,铝
850551.SI,240301,铝,240300,工业金属,240000,有色金属,300328.SZ,300328.SZ,宜安科技,2022-07-29,铝
850551.SI,240301,铝,240300,工业金属,240000,有色金属,002160.SZ,002160.SZ,常铝股份,2007-08-20,铝
850551.SI,240301,铝,240300,工业金属,240000,有色金属,603937.SH,603937.SH,丽岛新材,2021-07-30,铝
850551.SI,240301,铝,240300,工业金属,240000,有色金属,600888.SH,600888.SH,新疆众和,1996-02-15,铝
850551.SI,240301,铝,240300,工业金属,240000,有色金属,002988.SZ,002988.SZ,豪美新材,2020-05-06,铝
850551.SI,240301,铝,240300,工业金属,240000,有色金属,601677.SH,601677.SH,明泰铝业,2011-09-06,铝
850551.SI,240301,铝,240300,工业金属,240000,有色金属,600615.SH,600615.SH,鑫源智造,2022-07-29,铝
850551.SI,240301,铝,240300,工业金属,240000,有色金属,601600.SH,601600.SH,中国铝业,2007-04-30,铝
850551.SI,240301,铝,240300,工业金属,240000,有色金属,002540.SZ,002540.SZ,亚太科技,2011-01-06,铝
850551.SI,240301,铝,240300,工业金属,240000,有色金属,002824.SZ,002824.SZ,和胜股份,2016-12-26,铝
850551.SI,240301,铝,240300,工业金属,240000,有色金属,600768.SH,600768.SH,富邦新材,1996-11-11,铝
850551.SI,240301,铝,240300,工业金属,240000,有色金属,002501.SZ,002501.SZ,*ST利源,2010-11-03,铝
850551.SI,240301,铝,240300,工业金属,240000,有色金属,600361.SH,600361.SH,创新新材,2023-07-04,铝
850551.SI,240301,铝,240300,工业金属,240000,有色金属,000807.SZ,000807.SZ,云铝股份,1998-04-08,铝
850551.SI,240301,铝,240300,工业金属,240000,有色金属,300337.SZ,300337.SZ,银邦股份,2012-07-10,铝
850551.SI,240301,铝,240300,工业金属,240000,有色金属,605208.SH,605208.SH,永茂泰,2021-02-19,铝
850551.SI,240301,铝,240300,工业金属,240000,有色金属,002578.SZ,002578.SZ,闽发铝业,2011-04-20,铝
850551.SI,240301,铝,240300,工业金属,240000,有色金属,002532.SZ,002532.SZ,天山铝业,2021-07-30,铝
850551.SI,240301,铝,240300,工业金属,240000,有色金属,000612.SZ,000612.SZ,焦作万方,1996-09-26,铝
850551.SI,240301,铝,240300,工业金属,240000,有色金属,600219.SH,600219.SH,南山铝业,1999-12-23,铝
850551.SI,240301,铝,240300,工业金属,240000,有色金属,601702.SH,601702.SH,华峰铝业,2020-08-21,铝
850551.SI,240301,铝,240300,工业金属,240000,有色金属,000933.SZ,000933.SZ,神火股份,2018-06-19,铝
850551.SI,240301,铝,240300,工业金属,240000,有色金属,003038.SZ,003038.SZ,鑫铂股份,2021-01-29,铝
850551.SI,240301,铝,240300,工业金属,240000,有色金属,603876.SH,603876.SH,鼎胜新材,2018-04-03,铝
850551.SI,240301,铝,240300,工业金属,240000,有色金属,002996.SZ,002996.SZ,顺博合金,2020-08-14,铝
850551.SI,240301,铝,240300,工业金属,240000,有色金属,600595.SH,600595.SH,中孚实业,2002-06-26,铝
850551.SI,240301,铝,240300,工业金属,240000,有色金属,002379.SZ,002379.SZ,宏桥控股,2010-03-12,铝
850552.SI,240302,铜,240300,工业金属,240000,有色金属,600362.SH,600362.SH,江西铜业,2002-01-11,铜
850552.SI,240302,铜,240300,工业金属,240000,有色金属,600490.SH,600490.SH,鹏欣资源,2011-10-10,铜
850552.SI,240302,铜,240300,工业金属,240000,有色金属,601609.SH,601609.SH,金田股份,2020-04-08,铜
850552.SI,240302,铜,240300,工业金属,240000,有色金属,603993.SH,603993.SH,洛阳钼业,2024-11-15,铜
850552.SI,240302,铜,240300,工业金属,240000,有色金属,601168.SH,601168.SH,西部矿业,2021-07-30,铜
850552.SI,240302,铜,240300,工业金属,240000,有色金属,000630.SZ,000630.SZ,铜陵有色,1996-11-20,铜
850552.SI,240302,铜,240300,工业金属,240000,有色金属,603527.SH,603527.SH,众源新材,2017-08-28,铜
850552.SI,240302,铜,240300,工业金属,240000,有色金属,601212.SH,601212.SH,白银有色,2023-07-04,铜
850552.SI,240302,铜,240300,工业金属,240000,有色金属,300697.SZ,300697.SZ,电工合金,2017-08-28,铜
850552.SI,240302,铜,240300,工业金属,240000,有色金属,002171.SZ,002171.SZ,楚江新材,2007-09-20,铜
850552.SI,240302,铜,240300,工业金属,240000,有色金属,002203.SZ,002203.SZ,海亮股份,2008-01-16,铜
850552.SI,240302,铜,240300,工业金属,240000,有色金属,601899.SH,601899.SH,紫金矿业,2021-07-30,铜
850552.SI,240302,铜,240300,工业金属,240000,有色金属,000878.SZ,000878.SZ,云南铜业,1998-06-02,铜
850552.SI,240302,铜,240300,工业金属,240000,有色金属,603979.SH,603979.SH,金诚信,2023-10-13,铜
850552.SI,240302,铜,240300,工业金属,240000,有色金属,002295.SZ,002295.SZ,精艺股份,2009-09-08,铜
850552.SI,240302,铜,240300,工业金属,240000,有色金属,000737.SZ,000737.SZ,北方铜业,2022-07-29,铜
850552.SI,240302,铜,240300,工业金属,240000,有色金属,600711.SH,600711.SH,盛屯矿业,2026-07-01,铜
850553.SI,240303,铅锌,240300,工业金属,240000,有色金属,000426.SZ,000426.SZ,兴业银锡,2021-12-13,铅锌
850553.SI,240303,铅锌,240300,工业金属,240000,有色金属,000603.SZ,000603.SZ,盛达资源,2021-12-13,铅锌
850553.SI,240303,铅锌,240300,工业金属,240000,有色金属,000751.SZ,000751.SZ,锌业股份,2021-12-13,铅锌
850553.SI,240303,铅锌,240300,工业金属,240000,有色金属,000758.SZ,000758.SZ,中色股份,2021-12-13,铅锌
850553.SI,240303,铅锌,240300,工业金属,240000,有色金属,002114.SZ,002114.SZ,罗平锌电,2021-12-13,铅锌
850553.SI,240303,铅锌,240300,工业金属,240000,有色金属,600338.SH,600338.SH,西藏珠峰,2021-12-13,铅锌
850553.SI,240303,铅锌,240300,工业金属,240000,有色金属,600497.SH,600497.SH,驰宏锌锗,2021-12-13,铅锌
850553.SI,240303,铅锌,240300,工业金属,240000,有色金属,600531.SH,600531.SH,豫光金铅,2021-12-13,铅锌
850553.SI,240303,铅锌,240300,工业金属,240000,有色金属,600961.SH,600961.SH,株冶集团,2021-12-13,铅锌
850553.SI,240303,铅锌,240300,工业金属,240000,有色金属,603132.SH,603132.SH,金徽股份,2022-02-22,铅锌
850553.SI,240303,铅锌,240300,工业金属,240000,有色金属,601020.SH,601020.SH,华钰矿业,2022-08-01,铅锌
850553.SI,240303,铅锌,240300,工业金属,240000,有色金属,000060.SZ,000060.SZ,中金岭南,2021-12-13,铅锌
850531.SI,240401,黄金,240400,贵金属,240000,有色金属,002155.SZ,002155.SZ,湖南黄金,2021-12-13,黄金
850531.SI,240401,黄金,240400,贵金属,240000,有色金属,002237.SZ,002237.SZ,恒邦股份,2021-12-13,黄金
850531.SI,240401,黄金,240400,贵金属,240000,有色金属,600489.SH,600489.SH,中金黄金,2021-12-13,黄金
850531.SI,240401,黄金,240400,贵金属,240000,有色金属,600547.SH,600547.SH,山东黄金,2021-12-13,黄金
850531.SI,240401,黄金,240400,贵金属,240000,有色金属,600988.SH,600988.SH,赤峰黄金,2021-12-13,黄金
850531.SI,240401,黄金,240400,贵金属,240000,有色金属,601069.SH,601069.SH,西部黄金,2021-12-13,黄金
850531.SI,240401,黄金,240400,贵金属,240000,有色金属,000506.SZ,000506.SZ,招金黄金,2022-08-01,黄金
850531.SI,240401,黄金,240400,贵金属,240000,有色金属,300139.SZ,300139.SZ,晓程科技,2022-08-01,黄金
850531.SI,240401,黄金,240400,贵金属,240000,有色金属,001337.SZ,001337.SZ,四川黄金,2023-03-03,黄金
850531.SI,240401,黄金,240400,贵金属,240000,有色金属,000975.SZ,000975.SZ,山金国际,2021-12-13,黄金
850532.SI,240402,白银,240400,贵金属,240000,有色金属,002716.SZ,002716.SZ,湖南白银,2021-12-13,白银
850541.SI,240501,稀土,240500,小金属,240000,有色金属,600111.SH,600111.SH,北方稀土,2021-12-13,稀土
850541.SI,240501,稀土,240500,小金属,240000,有色金属,600259.SH,600259.SH,中稀有色,2021-12-13,稀土
850541.SI,240501,稀土,240500,小金属,240000,有色金属,600392.SH,600392.SH,盛和资源,2021-12-13,稀土
850541.SI,240501,稀土,240500,小金属,240000,有色金属,001280.SZ,001280.SZ,中国铀业,2025-12-03,稀土
850541.SI,240501,稀土,240500,小金属,240000,有色金属,000831.SZ,000831.SZ,中国稀土,2021-12-13,稀土
850542.SI,240502,钨,240500,小金属,240000,有色金属,002378.SZ,002378.SZ,章源钨业,2021-12-13,钨
850542.SI,240502,钨,240500,小金属,240000,有色金属,002842.SZ,002842.SZ,翔鹭钨业,2021-12-13,钨
850542.SI,240502,钨,240500,小金属,240000,有色金属,600549.SH,600549.SH,厦门钨业,2021-12-13,钨
850542.SI,240502,钨,240500,小金属,240000,有色金属,000657.SZ,000657.SZ,中钨高新,2021-12-13,钨
850544.SI,240504,其他小金属,240500,小金属,240000,有色金属,000962.SZ,000962.SZ,东方钽业,2021-12-13,其他小金属
850544.SI,240504,其他小金属,240500,小金属,240000,有色金属,002149.SZ,002149.SZ,西部材料,2021-12-13,其他小金属
850544.SI,240504,其他小金属,240500,小金属,240000,有色金属,002167.SZ,002167.SZ,东方锆业,2021-12-13,其他小金属
850544.SI,240504,其他小金属,240500,小金属,240000,有色金属,002182.SZ,002182.SZ,宝武镁业,2021-12-13,其他小金属
850544.SI,240504,其他小金属,240500,小金属,240000,有色金属,002428.SZ,002428.SZ,云南锗业,2021-12-13,其他小金属
850544.SI,240504,其他小金属,240500,小金属,240000,有色金属,002738.SZ,002738.SZ,中矿资源,2021-12-13,其他小金属
850544.SI,240504,其他小金属,240500,小金属,240000,有色金属,002978.SZ,002978.SZ,安宁股份,2021-12-13,其他小金属
850544.SI,240504,其他小金属,240500,小金属,240000,有色金属,301026.SZ,301026.SZ,浩通科技,2021-12-13,其他小金属
850544.SI,240504,其他小金属,240500,小金属,240000,有色金属,600281.SH,600281.SH,华阳新材,2021-12-13,其他小金属
850544.SI,240504,其他小金属,240500,小金属,240000,有色金属,600456.SH,600456.SH,宝钛股份,2021-12-13,其他小金属
850544.SI,240504,其他小金属,240500,小金属,240000,有色金属,600459.SH,600459.SH,贵研铂业,2021-12-13,其他小金属
850544.SI,240504,其他小金属,240500,小金属,240000,有色金属,600301.SH,600301.SH,华锡有色,2024-07-31,其他小金属
850544.SI,240504,其他小金属,240500,小金属,240000,有色金属,688750.SH,688750.SH,金天钛业,2024-11-20,其他小金属
850544.SI,240504,其他小金属,240500,小金属,240000,有色金属,603407.SH,603407.SH,长裕集团,2026-05-11,其他小金属
850544.SI,240504,其他小金属,240500,小金属,240000,有色金属,000960.SZ,000960.SZ,锡业股份,2021-12-13,其他小金属
850545.SI,240505,钼,240500,小金属,240000,有色金属,001257.SZ,001257.SZ,盛龙股份,2026-03-31,钼
850545.SI,240505,钼,240500,小金属,240000,有色金属,000688.SZ,000688.SZ,国城矿业,2026-07-02,钼
850545.SI,240505,钼,240500,小金属,240000,有色金属,601958.SH,601958.SH,金钼股份,2021-12-13,钼
850561.SI,240601,钴,240600,能源金属,240000,有色金属,603799.SH,603799.SH,华友钴业,2021-12-13,钴
850561.SI,240601,钴,240600,能源金属,240000,有色金属,301219.SZ,301219.SZ,腾远钴业,2022-03-17,钴
850561.SI,240601,钴,240600,能源金属,240000,有色金属,300618.SZ,300618.SZ,寒锐钴业,2021-12-13,钴
850562.SI,240602,镍,240600,能源金属,240000,有色金属,605376.SH,605376.SH,博迁新材,2023-07-06,镍
850543.SI,240603,锂,240600,能源金属,240000,有色金属,002240.SZ,002240.SZ,盛新锂能,2021-12-13,锂
850543.SI,240603,锂,240600,能源金属,240000,有色金属,002460.SZ,002460.SZ,赣锋锂业,2021-12-13,锂
850543.SI,240603,锂,240600,能源金属,240000,有色金属,002466.SZ,002466.SZ,天齐锂业,2021-12-13,锂
850543.SI,240603,锂,240600,能源金属,240000,有色金属,002192.SZ,002192.SZ,融捷股份,2022-04-07,锂
850543.SI,240603,锂,240600,能源金属,240000,有色金属,002756.SZ,002756.SZ,永兴材料,2022-08-01,锂
850543.SI,240603,锂,240600,能源金属,240000,有色金属,603399.SH,603399.SH,永杉锂业,2023-07-06,锂
850543.SI,240603,锂,240600,能源金属,240000,有色金属,000762.SZ,000762.SZ,西藏矿业,2021-12-13,锂
850812.SI,270102,分立器件,270100,半导体,270000,电子,300373.SZ,300373.SZ,扬杰科技,2021-12-13,分立器件
850812.SI,270102,分立器件,270100,半导体,270000,电子,300623.SZ,300623.SZ,捷捷微电,2021-12-13,分立器件
850812.SI,270102,分立器件,270100,半导体,270000,电子,300831.SZ,300831.SZ,ST派瑞,2021-12-13,分立器件
850812.SI,270102,分立器件,270100,半导体,270000,电子,600360.SH,600360.SH,华微电子,2021-12-13,分立器件
850812.SI,270102,分立器件,270100,半导体,270000,电子,600460.SH,600460.SH,士兰微,2021-12-13,分立器件
850812.SI,270102,分立器件,270100,半导体,270000,电子,603290.SH,603290.SH,斯达半导,2021-12-13,分立器件
850812.SI,270102,分立器件,270100,半导体,270000,电子,605111.SH,605111.SH,新洁能,2021-12-13,分立器件
850812.SI,270102,分立器件,270100,半导体,270000,电子,688230.SH,688230.SH,芯导科技,2021-12-13,分立器件
850812.SI,270102,分立器件,270100,半导体,270000,电子,688689.SH,688689.SH,银河微电,2021-12-13,分立器件
850812.SI,270102,分立器件,270100,半导体,270000,电子,688711.SH,688711.SH,宏微科技,2021-12-13,分立器件
850812.SI,270102,分立器件,270100,半导体,270000,电子,688261.SH,688261.SH,东微半导,2022-02-10,分立器件
850812.SI,270102,分立器件,270100,半导体,270000,电子,688048.SH,688048.SH,长光华芯,2022-04-01,分立器件
850812.SI,270102,分立器件,270100,半导体,270000,电子,688167.SH,688167.SH,炬光科技,2022-05-17,分立器件
850812.SI,270102,分立器件,270100,半导体,270000,电子,600745.SH,600745.SH,*ST闻泰,2022-08-01,分立器件
850812.SI,270102,分立器件,270100,半导体,270000,电子,688172.SH,688172.SH,燕东微,2022-12-16,分立器件
850812.SI,270102,分立器件,270100,半导体,270000,电子,688498.SH,688498.SH,源杰科技,2022-12-21,分立器件
850812.SI,270102,分立器件,270100,半导体,270000,电子,688693.SH,688693.SH,锴威特,2023-08-18,分立器件
850812.SI,270102,分立器件,270100,半导体,270000,电子,300046.SZ,300046.SZ,台基股份,2021-12-13,分立器件
850813.SI,270103,半导体材料,270100,半导体,270000,电子,002409.SZ,002409.SZ,雅克科技,2021-12-13,半导体材料
850813.SI,270103,半导体材料,270100,半导体,270000,电子,003026.SZ,003026.SZ,中晶科技,2021-12-13,半导体材料
850813.SI,270103,半导体材料,270100,半导体,270000,电子,300666.SZ,300666.SZ,江丰电子,2021-12-13,半导体材料
850813.SI,270103,半导体材料,270100,半导体,270000,电子,300706.SZ,300706.SZ,阿石创,2021-12-13,半导体材料
850813.SI,270103,半导体材料,270100,半导体,270000,电子,600206.SH,600206.SH,有研新材,2021-12-13,半导体材料
850813.SI,270103,半导体材料,270100,半导体,270000,电子,605358.SH,605358.SH,立昂微,2021-12-13,半导体材料
850813.SI,270103,半导体材料,270100,半导体,270000,电子,688126.SH,688126.SH,沪硅产业,2021-12-13,半导体材料
850813.SI,270103,半导体材料,270100,半导体,270000,电子,688138.SH,688138.SH,清溢光电,2021-12-13,半导体材料
850813.SI,270103,半导体材料,270100,半导体,270000,电子,688233.SH,688233.SH,神工股份,2021-12-13,半导体材料
850813.SI,270103,半导体材料,270100,半导体,270000,电子,688234.SH,688234.SH,天岳先进,2022-01-12,半导体材料
850813.SI,270103,半导体材料,270100,半导体,270000,电子,688661.SH,688661.SH,和林微纳,2022-08-05,半导体材料
850813.SI,270103,半导体材料,270100,半导体,270000,电子,688401.SH,688401.SH,路维光电,2022-08-17,半导体材料
850813.SI,270103,半导体材料,270100,半导体,270000,电子,688432.SH,688432.SH,有研硅,2022-11-10,半导体材料
850813.SI,270103,半导体材料,270100,半导体,270000,电子,688535.SH,688535.SH,华海诚科,2023-04-04,半导体材料
850813.SI,270103,半导体材料,270100,半导体,270000,电子,688146.SH,688146.SH,中船特气,2023-04-21,半导体材料
850813.SI,270103,半导体材料,270100,半导体,270000,电子,688720.SH,688720.SH,艾森股份,2023-12-06,半导体材料
850813.SI,270103,半导体材料,270100,半导体,270000,电子,688584.SH,688584.SH,上海合晶,2024-02-08,半导体材料
850813.SI,270103,半导体材料,270100,半导体,270000,电子,688530.SH,688530.SH,欧莱新材,2024-05-10,半导体材料
850813.SI,270103,半导体材料,270100,半导体,270000,电子,688721.SH,688721.SH,龙图光罩,2024-08-06,半导体材料
850813.SI,270103,半导体材料,270100,半导体,270000,电子,301611.SZ,301611.SZ,珂玛科技,2024-08-16,半导体材料
850813.SI,270103,半导体材料,270100,半导体,270000,电子,301678.SZ,301678.SZ,新恒汇,2025-06-20,半导体材料
850813.SI,270103,半导体材料,270100,半导体,270000,电子,688783.SH,688783.SH,西安奕材,2025-10-28,半导体材料
850813.SI,270103,半导体材料,270100,半导体,270000,电子,688727.SH,688727.SH,恒坤新材,2025-11-18,半导体材料
850813.SI,270103,半导体材料,270100,半导体,270000,电子,688797.SH,688797.SH,臻宝科技,2026-06-24,半导体材料
850813.SI,270103,半导体材料,270100,半导体,270000,电子,600641.SH,600641.SH,先导基电,2026-07-02,半导体材料
850813.SI,270103,半导体材料,270100,半导体,270000,电子,002119.SZ,002119.SZ,康强电子,2021-12-13,半导体材料
850814.SI,270104,数字芯片设计,270100,半导体,270000,电子,300077.SZ,300077.SZ,国民技术,2021-12-13,数字芯片设计
850814.SI,270104,数字芯片设计,270100,半导体,270000,电子,300223.SZ,300223.SZ,君正股份,2021-12-13,数字芯片设计
850814.SI,270104,数字芯片设计,270100,半导体,270000,电子,300327.SZ,300327.SZ,中颖电子,2021-12-13,数字芯片设计
850814.SI,270104,数字芯片设计,270100,半导体,270000,电子,300458.SZ,300458.SZ,全志科技,2021-12-13,数字芯片设计
850814.SI,270104,数字芯片设计,270100,半导体,270000,电子,300613.SZ,300613.SZ,富瀚微,2021-12-13,数字芯片设计
850814.SI,270104,数字芯片设计,270100,半导体,270000,电子,300672.SZ,300672.SZ,国科微,2021-12-13,数字芯片设计
850814.SI,270104,数字芯片设计,270100,半导体,270000,电子,603501.SH,603501.SH,豪威集团,2021-12-13,数字芯片设计
850814.SI,270104,数字芯片设计,270100,半导体,270000,电子,603893.SH,603893.SH,瑞芯微,2021-12-13,数字芯片设计
850814.SI,270104,数字芯片设计,270100,半导体,270000,电子,603986.SH,603986.SH,兆易创新,2021-12-13,数字芯片设计
850814.SI,270104,数字芯片设计,270100,半导体,270000,电子,688008.SH,688008.SH,澜起科技,2021-12-13,数字芯片设计
850814.SI,270104,数字芯片设计,270100,半导体,270000,电子,688018.SH,688018.SH,乐鑫科技,2021-12-13,数字芯片设计
850814.SI,270104,数字芯片设计,270100,半导体,270000,电子,688049.SH,688049.SH,炬芯科技,2021-12-13,数字芯片设计
850814.SI,270104,数字芯片设计,270100,半导体,270000,电子,688099.SH,688099.SH,晶晨股份,2021-12-13,数字芯片设计
850814.SI,270104,数字芯片设计,270100,半导体,270000,电子,688107.SH,688107.SH,安路科技,2021-12-13,数字芯片设计
850814.SI,270104,数字芯片设计,270100,半导体,270000,电子,688110.SH,688110.SH,东芯股份,2021-12-13,数字芯片设计
850814.SI,270104,数字芯片设计,270100,半导体,270000,电子,688123.SH,688123.SH,聚辰股份,2021-12-13,数字芯片设计
850814.SI,270104,数字芯片设计,270100,半导体,270000,电子,688256.SH,688256.SH,寒武纪,2021-12-13,数字芯片设计
850814.SI,270104,数字芯片设计,270100,半导体,270000,电子,688385.SH,688385.SH,复旦微电,2021-12-13,数字芯片设计
850814.SI,270104,数字芯片设计,270100,半导体,270000,电子,688521.SH,688521.SH,芯原股份,2021-12-13,数字芯片设计
850814.SI,270104,数字芯片设计,270100,半导体,270000,电子,688589.SH,688589.SH,力合微,2021-12-13,数字芯片设计
850814.SI,270104,数字芯片设计,270100,半导体,270000,电子,688608.SH,688608.SH,恒玄科技,2021-12-13,数字芯片设计
850814.SI,270104,数字芯片设计,270100,半导体,270000,电子,688728.SH,688728.SH,格科微,2021-12-13,数字芯片设计
850814.SI,270104,数字芯片设计,270100,半导体,270000,电子,688766.SH,688766.SH,普冉股份,2021-12-13,数字芯片设计
850814.SI,270104,数字芯片设计,270100,半导体,270000,电子,688262.SH,688262.SH,国芯科技,2022-01-06,数字芯片设计
850814.SI,270104,数字芯片设计,270100,半导体,270000,电子,688259.SH,688259.SH,创耀科技,2022-01-12,数字芯片设计
850814.SI,270104,数字芯片设计,270100,半导体,270000,电子,688279.SH,688279.SH,峰岹科技,2022-04-20,数字芯片设计
850814.SI,270104,数字芯片设计,270100,半导体,270000,电子,688213.SH,688213.SH,思特威-W,2022-05-20,数字芯片设计
850814.SI,270104,数字芯片设计,270100,半导体,270000,电子,688047.SH,688047.SH,龙芯中科,2022-06-24,数字芯片设计
850814.SI,270104,数字芯片设计,270100,半导体,270000,电子,688332.SH,688332.SH,中科蓝讯,2022-07-15,数字芯片设计
850814.SI,270104,数字芯片设计,270100,半导体,270000,电子,688595.SH,688595.SH,芯海科技,2022-08-01,数字芯片设计
850814.SI,270104,数字芯片设计,270100,半导体,270000,电子,301308.SZ,301308.SZ,江波龙,2022-08-05,数字芯片设计
850814.SI,270104,数字芯片设计,270100,半导体,270000,电子,688380.SH,688380.SH,中微半导,2022-08-05,数字芯片设计
850814.SI,270104,数字芯片设计,270100,半导体,270000,电子,688041.SH,688041.SH,海光信息,2022-08-12,数字芯片设计
850814.SI,270104,数字芯片设计,270100,半导体,270000,电子,688416.SH,688416.SH,恒烁股份,2022-08-29,数字芯片设计
850814.SI,270104,数字芯片设计,270100,半导体,270000,电子,688252.SH,688252.SH,天德钰,2022-09-27,数字芯片设计
850814.SI,270104,数字芯片设计,270100,半导体,270000,电子,688525.SH,688525.SH,佰维存储,2022-12-30,数字芯片设计
850814.SI,270104,数字芯片设计,270100,半导体,270000,电子,688486.SH,688486.SH,龙迅股份,2023-02-21,数字芯片设计
850814.SI,270104,数字芯片设计,270100,半导体,270000,电子,688593.SH,688593.SH,新相微,2023-06-01,数字芯片设计
850814.SI,270104,数字芯片设计,270100,半导体,270000,电子,688620.SH,688620.SH,安凯微,2023-06-27,数字芯片设计
850814.SI,270104,数字芯片设计,270100,半导体,270000,电子,002213.SZ,002213.SZ,大为股份,2023-07-06,数字芯片设计
850814.SI,270104,数字芯片设计,270100,半导体,270000,电子,688591.SH,688591.SH,泰凌微,2023-08-25,数字芯片设计
850814.SI,270104,数字芯片设计,270100,半导体,270000,电子,688702.SH,688702.SH,盛科通信,2023-09-14,数字芯片设计
850814.SI,270104,数字芯片设计,270100,半导体,270000,电子,688709.SH,688709.SH,成都华微,2024-02-07,数字芯片设计
850814.SI,270104,数字芯片设计,270100,半导体,270000,电子,301536.SZ,301536.SZ,星宸科技,2024-03-28,数字芯片设计
850814.SI,270104,数字芯片设计,270100,半导体,270000,电子,001309.SZ,001309.SZ,德明利,2024-07-31,数字芯片设计
850814.SI,270104,数字芯片设计,270100,半导体,270000,电子,300053.SZ,300053.SZ,航宇微,2024-07-31,数字芯片设计
850814.SI,270104,数字芯片设计,270100,半导体,270000,电子,688449.SH,688449.SH,联芸科技,2024-11-29,数字芯片设计
850814.SI,270104,数字芯片设计,270100,半导体,270000,电子,688795.SH,688795.SH,摩尔线程,2025-12-05,数字芯片设计
850814.SI,270104,数字芯片设计,270100,半导体,270000,电子,688802.SH,688802.SH,沐曦股份,2025-12-17,数字芯片设计
850814.SI,270104,数字芯片设计,270100,半导体,270000,电子,688807.SH,688807.SH,优迅股份,2025-12-19,数字芯片设计
850814.SI,270104,数字芯片设计,270100,半导体,270000,电子,301666.SZ,301666.SZ,大普微-U,2026-04-16,数字芯片设计
850814.SI,270104,数字芯片设计,270100,半导体,270000,电子,603316.SH,603316.SH,诚邦股份,2026-07-02,数字芯片设计
850814.SI,270104,数字芯片设计,270100,半导体,270000,电子,688825.SH,688825.SH,长鑫科技,2026-07-27,数字芯片设计
850814.SI,270104,数字芯片设计,270100,半导体,270000,电子,002049.SZ,002049.SZ,紫光国微,2021-12-13,数字芯片设计
850815.SI,270105,模拟芯片设计,270100,半导体,270000,电子,300671.SZ,300671.SZ,富满微,2021-12-13,模拟芯片设计
850815.SI,270105,模拟芯片设计,270100,半导体,270000,电子,300782.SZ,300782.SZ,卓胜微,2021-12-13,模拟芯片设计
850815.SI,270105,模拟芯片设计,270100,半导体,270000,电子,600171.SH,600171.SH,上海贝岭,2021-12-13,模拟芯片设计
850815.SI,270105,模拟芯片设计,270100,半导体,270000,电子,603068.SH,603068.SH,博通集成,2021-12-13,模拟芯片设计
850815.SI,270105,模拟芯片设计,270100,半导体,270000,电子,603160.SH,603160.SH,汇顶科技,2021-12-13,模拟芯片设计
850815.SI,270105,模拟芯片设计,270100,半导体,270000,电子,688286.SH,688286.SH,敏芯股份,2021-12-13,模拟芯片设计
850815.SI,270105,模拟芯片设计,270100,半导体,270000,电子,688368.SH,688368.SH,晶丰明源,2021-12-13,模拟芯片设计
850815.SI,270105,模拟芯片设计,270100,半导体,270000,电子,688508.SH,688508.SH,芯朋微,2021-12-13,模拟芯片设计
850815.SI,270105,模拟芯片设计,270100,半导体,270000,电子,688536.SH,688536.SH,思瑞浦,2021-12-13,模拟芯片设计
850815.SI,270105,模拟芯片设计,270100,半导体,270000,电子,688601.SH,688601.SH,力芯微,2021-12-13,模拟芯片设计
850815.SI,270105,模拟芯片设计,270100,半导体,270000,电子,688699.SH,688699.SH,明微电子,2021-12-13,模拟芯片设计
850815.SI,270105,模拟芯片设计,270100,半导体,270000,电子,688798.SH,688798.SH,艾为电子,2021-12-13,模拟芯片设计
850815.SI,270105,模拟芯片设计,270100,半导体,270000,电子,688220.SH,688220.SH,翱捷科技,2022-01-14,模拟芯片设计
850815.SI,270105,模拟芯片设计,270100,半导体,270000,电子,688173.SH,688173.SH,希荻微,2022-01-21,模拟芯片设计
850815.SI,270105,模拟芯片设计,270100,半导体,270000,电子,688270.SH,688270.SH,ST臻镭,2022-01-27,模拟芯片设计
850815.SI,270105,模拟芯片设计,270100,半导体,270000,电子,688153.SH,688153.SH,唯捷创芯,2022-04-12,模拟芯片设计
850815.SI,270105,模拟芯片设计,270100,半导体,270000,电子,688209.SH,688209.SH,英集芯,2022-04-19,模拟芯片设计
850815.SI,270105,模拟芯片设计,270100,半导体,270000,电子,688052.SH,688052.SH,纳芯微,2022-04-22,模拟芯片设计
850815.SI,270105,模拟芯片设计,270100,半导体,270000,电子,688325.SH,688325.SH,赛微微电,2022-04-22,模拟芯片设计
850815.SI,270105,模拟芯片设计,270100,半导体,270000,电子,688045.SH,688045.SH,必易微,2022-05-26,模拟芯片设计
850815.SI,270105,模拟芯片设计,270100,半导体,270000,电子,688130.SH,688130.SH,晶华微,2022-07-29,模拟芯片设计
850815.SI,270105,模拟芯片设计,270100,半导体,270000,电子,600877.SH,600877.SH,电科芯片,2022-08-01,模拟芯片设计
850815.SI,270105,模拟芯片设计,270100,半导体,270000,电子,688381.SH,688381.SH,帝奥微,2022-08-23,模拟芯片设计
850815.SI,270105,模拟芯片设计,270100,半导体,270000,电子,688391.SH,688391.SH,钜泉科技,2022-09-13,模拟芯片设计
850815.SI,270105,模拟芯片设计,270100,半导体,270000,电子,688061.SH,688061.SH,灿瑞科技,2022-10-18,模拟芯片设计
850815.SI,270105,模拟芯片设计,270100,半导体,270000,电子,688141.SH,688141.SH,杰华特,2022-12-23,模拟芯片设计
850815.SI,270105,模拟芯片设计,270100,半导体,270000,电子,688515.SH,688515.SH,裕太微-U,2023-02-10,模拟芯片设计
850815.SI,270105,模拟芯片设计,270100,半导体,270000,电子,688484.SH,688484.SH,南芯科技,2023-04-07,模拟芯片设计
850815.SI,270105,模拟芯片设计,270100,半导体,270000,电子,688512.SH,688512.SH,慧智微-U,2023-05-16,模拟芯片设计
850815.SI,270105,模拟芯片设计,270100,半导体,270000,电子,688458.SH,688458.SH,美芯晟,2023-05-22,模拟芯片设计
850815.SI,270105,模拟芯片设计,270100,半导体,270000,电子,688582.SH,688582.SH,芯动联科,2023-06-30,模拟芯片设计
850815.SI,270105,模拟芯片设计,270100,半导体,270000,电子,688653.SH,688653.SH,康希通信,2023-11-21,模拟芯片设计
850815.SI,270105,模拟芯片设计,270100,半导体,270000,电子,603375.SH,603375.SH,盛景微,2024-01-24,模拟芯片设计
850815.SI,270105,模拟芯片设计,270100,半导体,270000,电子,688790.SH,688790.SH,昂瑞微-U,2025-12-16,模拟芯片设计
850815.SI,270105,模拟芯片设计,270100,半导体,270000,电子,688002.SH,688002.SH,睿创微纳,2026-08-25,模拟芯片设计
850815.SI,270105,模拟芯片设计,270100,半导体,270000,电子,300661.SZ,300661.SZ,圣邦股份,2021-12-13,模拟芯片设计
850816.SI,270106,集成电路制造,270100,半导体,270000,电子,688396.SH,688396.SH,华润微,2021-12-13,集成电路制造
850816.SI,270106,集成电路制造,270100,半导体,270000,电子,688981.SH,688981.SH,中芯国际,2021-12-13,集成电路制造
850816.SI,270106,集成电路制造,270100,半导体,270000,电子,688249.SH,688249.SH,晶合集成,2023-05-05,集成电路制造
850816.SI,270106,集成电路制造,270100,半导体,270000,电子,688469.SH,688469.SH,芯联集成,2023-05-10,集成电路制造
850816.SI,270106,集成电路制造,270100,半导体,270000,电子,688347.SH,688347.SH,华虹宏力,2023-08-07,集成电路制造
850816.SI,270106,集成电路制造,270100,半导体,270000,电子,688691.SH,688691.SH,灿芯股份,2024-04-11,集成电路制造
850816.SI,270106,集成电路制造,270100,半导体,270000,电子,300456.SZ,300456.SZ,赛微电子,2021-12-13,集成电路制造
850817.SI,270107,集成电路封测,270100,半导体,270000,电子,002156.SZ,002156.SZ,通富微电,2021-12-13,集成电路封测
850817.SI,270107,集成电路封测,270100,半导体,270000,电子,002185.SZ,002185.SZ,华天科技,2021-12-13,集成电路封测
850817.SI,270107,集成电路封测,270100,半导体,270000,电子,600584.SH,600584.SH,长电科技,2021-12-13,集成电路封测
850817.SI,270107,集成电路封测,270100,半导体,270000,电子,603005.SH,603005.SH,晶方科技,2021-12-13,集成电路封测
850817.SI,270107,集成电路封测,270100,半导体,270000,电子,688135.SH,688135.SH,利扬芯片,2021-12-13,集成电路封测
850817.SI,270107,集成电路封测,270100,半导体,270000,电子,688216.SH,688216.SH,气派科技,2021-12-13,集成电路封测
850817.SI,270107,集成电路封测,270100,半导体,270000,电子,688403.SH,688403.SH,汇成股份,2022-08-18,集成电路封测
850817.SI,270107,集成电路封测,270100,半导体,270000,电子,688372.SH,688372.SH,伟测科技,2022-10-26,集成电路封测
850817.SI,270107,集成电路封测,270100,半导体,270000,电子,688362.SH,688362.SH,甬矽电子,2022-11-16,集成电路封测
850817.SI,270107,集成电路封测,270100,半导体,270000,电子,688352.SH,688352.SH,颀中科技,2023-04-20,集成电路封测
850817.SI,270107,集成电路封测,270100,半导体,270000,电子,301348.SZ,301348.SZ,蓝箭电子,2023-08-10,集成电路封测
850817.SI,270107,集成电路封测,270100,半导体,270000,电子,688820.SH,688820.SH,盛合晶微,2026-04-21,集成电路封测
850817.SI,270107,集成电路封测,270100,半导体,270000,电子,002077.SZ,002077.SZ,大港股份,2021-12-13,集成电路封测
850818.SI,270108,半导体设备,270100,半导体,270000,电子,003043.SZ,003043.SZ,华亚智能,2021-12-13,半导体设备
850818.SI,270108,半导体设备,270100,半导体,270000,电子,300604.SZ,300604.SZ,长川科技,2021-12-13,半导体设备
850818.SI,270108,半导体设备,270100,半导体,270000,电子,603690.SH,603690.SH,至纯科技,2021-12-13,半导体设备
850818.SI,270108,半导体设备,270100,半导体,270000,电子,688012.SH,688012.SH,中微公司,2021-12-13,半导体设备
850818.SI,270108,半导体设备,270100,半导体,270000,电子,688037.SH,688037.SH,芯源微,2021-12-13,半导体设备
850818.SI,270108,半导体设备,270100,半导体,270000,电子,688082.SH,688082.SH,盛美上海,2021-12-13,半导体设备
850818.SI,270108,半导体设备,270100,半导体,270000,电子,688200.SH,688200.SH,华峰测控,2021-12-13,半导体设备
850818.SI,270108,半导体设备,270100,半导体,270000,电子,688072.SH,688072.SH,拓荆科技,2022-04-20,半导体设备
850818.SI,270108,半导体设备,270100,半导体,270000,电子,688120.SH,688120.SH,华海清科,2022-06-08,半导体设备
850818.SI,270108,半导体设备,270100,半导体,270000,电子,301369.SZ,301369.SZ,联动科技,2022-09-22,半导体设备
850818.SI,270108,半导体设备,270100,半导体,270000,电子,688409.SH,688409.SH,富创精密,2022-10-10,半导体设备
850818.SI,270108,半导体设备,270100,半导体,270000,电子,688419.SH,688419.SH,耐科装备,2022-11-07,半导体设备
850818.SI,270108,半导体设备,270100,半导体,270000,电子,301297.SZ,301297.SZ,富乐德,2022-12-30,半导体设备
850818.SI,270108,半导体设备,270100,半导体,270000,电子,603061.SH,603061.SH,金海通,2023-03-03,半导体设备
850818.SI,270108,半导体设备,270100,半导体,270000,电子,688478.SH,688478.SH,晶升股份,2023-04-24,半导体设备
850818.SI,270108,半导体设备,270100,半导体,270000,电子,688361.SH,688361.SH,中科飞测,2023-05-19,半导体设备
850818.SI,270108,半导体设备,270100,半导体,270000,电子,688652.SH,688652.SH,京仪装备,2023-11-29,半导体设备
850818.SI,270108,半导体设备,270100,半导体,270000,电子,688605.SH,688605.SH,先锋精科,2024-12-12,半导体设备
850818.SI,270108,半导体设备,270100,半导体,270000,电子,301629.SZ,301629.SZ,矽电股份,2025-03-24,半导体设备
850818.SI,270108,半导体设备,270100,半导体,270000,电子,688729.SH,688729.SH,屹唐股份,2025-07-08,半导体设备
850818.SI,270108,半导体设备,270100,半导体,270000,电子,603991.SH,603991.SH,领先股份,2025-08-13,半导体设备
850818.SI,270108,半导体设备,270100,半导体,270000,电子,688809.SH,688809.SH,强一股份,2025-12-30,半导体设备
850818.SI,270108,半导体设备,270100,半导体,270000,电子,688785.SH,688785.SH,恒运昌,2026-01-28,半导体设备
850818.SI,270108,半导体设备,270100,半导体,270000,电子,301583.SZ,301583.SZ,托伦斯,2026-07-10,半导体设备
850818.SI,270108,半导体设备,270100,半导体,270000,电子,301717.SZ,301717.SZ,超纯应材,2026-08-11,半导体设备
850818.SI,270108,半导体设备,270100,半导体,270000,电子,002371.SZ,002371.SZ,北方华创,2021-12-13,半导体设备
850822.SI,270202,印制电路板,270200,元件,270000,电子,002134.SZ,002134.SZ,天津普林,2021-12-13,印制电路板
850822.SI,270202,印制电路板,270200,元件,270000,电子,002384.SZ,002384.SZ,东山精密,2021-12-13,印制电路板
850822.SI,270202,印制电路板,270200,元件,270000,电子,002436.SZ,002436.SZ,兴森科技,2021-12-13,印制电路板
850822.SI,270202,印制电路板,270200,元件,270000,电子,002463.SZ,002463.SZ,沪电股份,2021-12-13,印制电路板
850822.SI,270202,印制电路板,270200,元件,270000,电子,002579.SZ,002579.SZ,中京电子,2021-12-13,印制电路板
850822.SI,270202,印制电路板,270200,元件,270000,电子,002636.SZ,002636.SZ,金安国纪,2021-12-13,印制电路板
850822.SI,270202,印制电路板,270200,元件,270000,电子,002815.SZ,002815.SZ,崇达技术,2021-12-13,印制电路板
850822.SI,270202,印制电路板,270200,元件,270000,电子,002913.SZ,002913.SZ,奥士康,2021-12-13,印制电路板
850822.SI,270202,印制电路板,270200,元件,270000,电子,002916.SZ,002916.SZ,深南电路,2021-12-13,印制电路板
850822.SI,270202,印制电路板,270200,元件,270000,电子,002938.SZ,002938.SZ,鹏鼎控股,2021-12-13,印制电路板
850822.SI,270202,印制电路板,270200,元件,270000,电子,300476.SZ,300476.SZ,胜宏科技,2021-12-13,印制电路板
850822.SI,270202,印制电路板,270200,元件,270000,电子,300657.SZ,300657.SZ,弘信电子,2021-12-13,印制电路板
850822.SI,270202,印制电路板,270200,元件,270000,电子,300739.SZ,300739.SZ,明阳电路,2021-12-13,印制电路板
850822.SI,270202,印制电路板,270200,元件,270000,电子,300814.SZ,300814.SZ,中富电路,2021-12-13,印制电路板
850822.SI,270202,印制电路板,270200,元件,270000,电子,300852.SZ,300852.SZ,四会富仕,2021-12-13,印制电路板
850822.SI,270202,印制电路板,270200,元件,270000,电子,300903.SZ,300903.SZ,科翔股份,2021-12-13,印制电路板
850822.SI,270202,印制电路板,270200,元件,270000,电子,300936.SZ,300936.SZ,中英科技,2021-12-13,印制电路板
850822.SI,270202,印制电路板,270200,元件,270000,电子,300964.SZ,300964.SZ,本川智能,2021-12-13,印制电路板
850822.SI,270202,印制电路板,270200,元件,270000,电子,301041.SZ,301041.SZ,金百泽,2021-12-13,印制电路板
850822.SI,270202,印制电路板,270200,元件,270000,电子,600183.SH,600183.SH,生益科技,2021-12-13,印制电路板
850822.SI,270202,印制电路板,270200,元件,270000,电子,600601.SH,600601.SH,方正科技,2021-12-13,印制电路板
850822.SI,270202,印制电路板,270200,元件,270000,电子,603186.SH,603186.SH,华正新材,2021-12-13,印制电路板
850822.SI,270202,印制电路板,270200,元件,270000,电子,603228.SH,603228.SH,景旺电子,2021-12-13,印制电路板
850822.SI,270202,印制电路板,270200,元件,270000,电子,603328.SH,603328.SH,依顿电子,2021-12-13,印制电路板
850822.SI,270202,印制电路板,270200,元件,270000,电子,603386.SH,603386.SH,骏亚科技,2021-12-13,印制电路板
850822.SI,270202,印制电路板,270200,元件,270000,电子,603920.SH,603920.SH,世运电路,2021-12-13,印制电路板
850822.SI,270202,印制电路板,270200,元件,270000,电子,603936.SH,603936.SH,博敏电子,2021-12-13,印制电路板
850822.SI,270202,印制电路板,270200,元件,270000,电子,605058.SH,605058.SH,澳弘电子,2021-12-13,印制电路板
850822.SI,270202,印制电路板,270200,元件,270000,电子,605258.SH,605258.SH,协和电子,2021-12-13,印制电路板
850822.SI,270202,印制电路板,270200,元件,270000,电子,688020.SH,688020.SH,方邦股份,2021-12-13,印制电路板
850822.SI,270202,印制电路板,270200,元件,270000,电子,688183.SH,688183.SH,生益电子,2021-12-13,印制电路板
850822.SI,270202,印制电路板,270200,元件,270000,电子,688519.SH,688519.SH,南亚新材,2021-12-13,印制电路板
850822.SI,270202,印制电路板,270200,元件,270000,电子,688655.SH,688655.SH,迅捷兴,2021-12-13,印制电路板
850822.SI,270202,印制电路板,270200,元件,270000,电子,301132.SZ,301132.SZ,满坤科技,2022-08-10,印制电路板
850822.SI,270202,印制电路板,270200,元件,270000,电子,301282.SZ,301282.SZ,金禄电子,2022-08-26,印制电路板
850822.SI,270202,印制电路板,270200,元件,270000,电子,301366.SZ,301366.SZ,一博科技,2022-09-26,印制电路板
850822.SI,270202,印制电路板,270200,元件,270000,电子,301176.SZ,301176.SZ,逸豪新材,2022-09-28,印制电路板
850822.SI,270202,印制电路板,270200,元件,270000,电子,301251.SZ,301251.SZ,威尔高,2023-09-06,印制电路板
850822.SI,270202,印制电路板,270200,元件,270000,电子,001389.SZ,001389.SZ,广合科技,2024-04-02,印制电路板
850822.SI,270202,印制电路板,270200,元件,270000,电子,301628.SZ,301628.SZ,强达电路,2024-10-31,印制电路板
850822.SI,270202,印制电路板,270200,元件,270000,电子,603175.SH,603175.SH,超颖电子,2025-10-24,印制电路板
850822.SI,270202,印制电路板,270200,元件,270000,电子,603459.SH,603459.SH,红板科技,2026-04-08,印制电路板
850822.SI,270202,印制电路板,270200,元件,270000,电子,002141.SZ,002141.SZ,贤丰控股,2026-07-02,印制电路板
850822.SI,270202,印制电路板,270200,元件,270000,电子,002552.SZ,002552.SZ,宝鼎科技,2026-07-02,印制电路板
850822.SI,270202,印制电路板,270200,元件,270000,电子,001232.SZ,001232.SZ,嘉立创,2026-08-04,印制电路板
850822.SI,270202,印制电路板,270200,元件,270000,电子,000823.SZ,000823.SZ,超声电子,2021-12-13,印制电路板
850823.SI,270203,被动元件,270200,元件,270000,电子,002138.SZ,002138.SZ,顺络电子,2021-12-13,被动元件
850823.SI,270203,被动元件,270200,元件,270000,电子,002199.SZ,002199.SZ,东晶电子,2021-12-13,被动元件
850823.SI,270203,被动元件,270200,元件,270000,电子,002484.SZ,002484.SZ,江海股份,2021-12-13,被动元件
850823.SI,270203,被动元件,270200,元件,270000,电子,300319.SZ,300319.SZ,麦捷科技,2021-12-13,被动元件
850823.SI,270203,被动元件,270200,元件,270000,电子,300408.SZ,300408.SZ,三环集团,2021-12-13,被动元件
850823.SI,270203,被动元件,270200,元件,270000,电子,300460.SZ,300460.SZ,ST惠伦,2021-12-13,被动元件
850823.SI,270203,被动元件,270200,元件,270000,电子,600237.SH,600237.SH,铜峰电子,2021-12-13,被动元件
850823.SI,270203,被动元件,270200,元件,270000,电子,600563.SH,600563.SH,法拉电子,2021-12-13,被动元件
850823.SI,270203,被动元件,270200,元件,270000,电子,603738.SH,603738.SH,泰晶科技,2021-12-13,被动元件
850823.SI,270203,被动元件,270200,元件,270000,电子,603989.SH,603989.SH,艾华集团,2021-12-13,被动元件
850823.SI,270203,被动元件,270200,元件,270000,电子,300975.SZ,300975.SZ,商络电子,2022-08-01,被动元件
850823.SI,270203,被动元件,270200,元件,270000,电子,688539.SH,688539.SH,高华科技,2023-04-18,被动元件
850823.SI,270203,被动元件,270200,元件,270000,电子,301566.SZ,301566.SZ,达利凯普,2023-12-29,被动元件
850823.SI,270203,被动元件,270200,元件,270000,电子,301458.SZ,301458.SZ,钧崴电子,2025-01-10,被动元件
850823.SI,270203,被动元件,270200,元件,270000,电子,000636.SZ,000636.SZ,风华高科,2021-12-13,被动元件
850831.SI,270301,面板,270300,光学光电子,270000,电子,000045.SZ,000045.SZ,深纺织A,2021-12-13,面板
850831.SI,270301,面板,270300,光学光电子,270000,电子,000050.SZ,000050.SZ,深天马A,2021-12-13,面板
850831.SI,270301,面板,270300,光学光电子,270000,电子,000100.SZ,000100.SZ,TCL科技,2021-12-13,面板
850831.SI,270301,面板,270300,光学光电子,270000,电子,000536.SZ,000536.SZ,华映科技,2021-12-13,面板
850831.SI,270301,面板,270300,光学光电子,270000,电子,000725.SZ,000725.SZ,京东方A,2021-12-13,面板
850831.SI,270301,面板,270300,光学光电子,270000,电子,000727.SZ,000727.SZ,冠捷科技,2021-12-13,面板
850831.SI,270301,面板,270300,光学光电子,270000,电子,002106.SZ,002106.SZ,莱宝高科,2021-12-13,面板
850831.SI,270301,面板,270300,光学光电子,270000,电子,002217.SZ,002217.SZ,ST合力泰,2021-12-13,面板
850831.SI,270301,面板,270300,光学光电子,270000,电子,002289.SZ,002289.SZ,宇顺电子,2021-12-13,面板
850831.SI,270301,面板,270300,光学光电子,270000,电子,002387.SZ,002387.SZ,维信诺,2021-12-13,面板
850831.SI,270301,面板,270300,光学光电子,270000,电子,002845.SZ,002845.SZ,同兴达,2021-12-13,面板
850831.SI,270301,面板,270300,光学光电子,270000,电子,002876.SZ,002876.SZ,三利谱,2021-12-13,面板
850831.SI,270301,面板,270300,光学光电子,270000,电子,002952.SZ,002952.SZ,亚世光电,2021-12-13,面板
850831.SI,270301,面板,270300,光学光电子,270000,电子,002955.SZ,002955.SZ,鸿合科技,2021-12-13,面板
850831.SI,270301,面板,270300,光学光电子,270000,电子,003019.SZ,003019.SZ,宸展光电,2021-12-13,面板
850831.SI,270301,面板,270300,光学光电子,270000,电子,300076.SZ,300076.SZ,*ST宁视,2021-12-13,面板
850831.SI,270301,面板,270300,光学光电子,270000,电子,300088.SZ,300088.SZ,长信科技,2021-12-13,面板
850831.SI,270301,面板,270300,光学光电子,270000,电子,300120.SZ,300120.SZ,经纬辉开,2021-12-13,面板
850831.SI,270301,面板,270300,光学光电子,270000,电子,300545.SZ,300545.SZ,联得装备,2021-12-13,面板
850831.SI,270301,面板,270300,光学光电子,270000,电子,300909.SZ,300909.SZ,汇创达,2021-12-13,面板
850831.SI,270301,面板,270300,光学光电子,270000,电子,300939.SZ,300939.SZ,秋田微,2021-12-13,面板
850831.SI,270301,面板,270300,光学光电子,270000,电子,600552.SH,600552.SH,凯盛科技,2021-12-13,面板
850831.SI,270301,面板,270300,光学光电子,270000,电子,600707.SH,600707.SH,彩虹股份,2021-12-13,面板
850831.SI,270301,面板,270300,光学光电子,270000,电子,603773.SH,603773.SH,沃格光电,2021-12-13,面板
850831.SI,270301,面板,270300,光学光电子,270000,电子,605218.SH,605218.SH,伟时电子,2021-12-13,面板
850831.SI,270301,面板,270300,光学光电子,270000,电子,688055.SH,688055.SH,龙腾光电,2021-12-13,面板
850831.SI,270301,面板,270300,光学光电子,270000,电子,688181.SH,688181.SH,八亿时空,2021-12-13,面板
850831.SI,270301,面板,270300,光学光电子,270000,电子,688299.SH,688299.SH,长阳科技,2021-12-13,面板
850831.SI,270301,面板,270300,光学光电子,270000,电子,688538.SH,688538.SH,和辉光电,2021-12-13,面板
850831.SI,270301,面板,270300,光学光电子,270000,电子,301106.SZ,301106.SZ,骏成科技,2022-01-28,面板
850831.SI,270301,面板,270300,光学光电子,270000,电子,001308.SZ,001308.SZ,康冠科技,2022-03-18,面板
850831.SI,270301,面板,270300,光学光电子,270000,电子,000509.SZ,000509.SZ,华塑控股,2022-08-01,面板
850831.SI,270301,面板,270300,光学光电子,270000,电子,301045.SZ,301045.SZ,天禄科技,2022-08-01,面板
850831.SI,270301,面板,270300,光学光电子,270000,电子,301321.SZ,301321.SZ,翰博高新,2022-08-18,面板
850831.SI,270301,面板,270300,光学光电子,270000,电子,301379.SZ,301379.SZ,天山电子,2022-11-01,面板
850831.SI,270301,面板,270300,光学光电子,270000,电子,688781.SH,688781.SH,视涯科技,2026-03-25,面板
850831.SI,270301,面板,270300,光学光电子,270000,电子,001399.SZ,001399.SZ,惠科股份,2026-06-26,面板
850831.SI,270301,面板,270300,光学光电子,270000,电子,000020.SZ,000020.SZ,深华发A,2021-12-13,面板
850832.SI,270302,LED,270300,光学光电子,270000,电子,002587.SZ,002587.SZ,奥拓电子,2021-12-13,LED
850832.SI,270302,LED,270300,光学光电子,270000,电子,002654.SZ,002654.SZ,万润科技,2021-12-13,LED
850832.SI,270302,LED,270300,光学光电子,270000,电子,002745.SZ,002745.SZ,木林森,2021-12-13,LED
850832.SI,270302,LED,270300,光学光电子,270000,电子,002983.SZ,002983.SZ,芯瑞达,2021-12-13,LED
850832.SI,270302,LED,270300,光学光电子,270000,电子,300102.SZ,300102.SZ,乾照光电,2021-12-13,LED
850832.SI,270302,LED,270300,光学光电子,270000,电子,300162.SZ,300162.SZ,雷曼光电,2021-12-13,LED
850832.SI,270302,LED,270300,光学光电子,270000,电子,300219.SZ,300219.SZ,鸿利智汇,2021-12-13,LED
850832.SI,270302,LED,270300,光学光电子,270000,电子,300232.SZ,300232.SZ,洲明科技,2021-12-13,LED
850832.SI,270302,LED,270300,光学光电子,270000,电子,300241.SZ,300241.SZ,瑞丰光电,2021-12-13,LED
850832.SI,270302,LED,270300,光学光电子,270000,电子,300296.SZ,300296.SZ,利亚德,2021-12-13,LED
850832.SI,270302,LED,270300,光学光电子,270000,电子,300301.SZ,300301.SZ,ST长方,2021-12-13,LED
850832.SI,270302,LED,270300,光学光电子,270000,电子,300303.SZ,300303.SZ,聚飞光电,2021-12-13,LED
850832.SI,270302,LED,270300,光学光电子,270000,电子,300323.SZ,300323.SZ,华灿光电,2021-12-13,LED
850832.SI,270302,LED,270300,光学光电子,270000,电子,300389.SZ,300389.SZ,艾比森,2021-12-13,LED
850832.SI,270302,LED,270300,光学光电子,270000,电子,300582.SZ,300582.SZ,英飞特,2021-12-13,LED
850832.SI,270302,LED,270300,光学光电子,270000,电子,300632.SZ,300632.SZ,光莆股份,2021-12-13,LED
850832.SI,270302,LED,270300,光学光电子,270000,电子,300708.SZ,300708.SZ,聚灿光电,2021-12-13,LED
850832.SI,270302,LED,270300,光学光电子,270000,电子,300752.SZ,300752.SZ,隆利科技,2021-12-13,LED
850832.SI,270302,LED,270300,光学光电子,270000,电子,300808.SZ,300808.SZ,久量股份,2021-12-13,LED
850832.SI,270302,LED,270300,光学光电子,270000,电子,300889.SZ,300889.SZ,爱克股份,2021-12-13,LED
850832.SI,270302,LED,270300,光学光电子,270000,电子,300940.SZ,300940.SZ,南极光,2021-12-13,LED
850832.SI,270302,LED,270300,光学光电子,270000,电子,600703.SH,600703.SH,三安光电,2021-12-13,LED
850832.SI,270302,LED,270300,光学光电子,270000,电子,603679.SH,603679.SH,华体科技,2021-12-13,LED
850832.SI,270302,LED,270300,光学光电子,270000,电子,603685.SH,603685.SH,晨丰科技,2021-12-13,LED
850832.SI,270302,LED,270300,光学光电子,270000,电子,603703.SH,603703.SH,盛洋科技,2021-12-13,LED
850832.SI,270302,LED,270300,光学光电子,270000,电子,002137.SZ,002137.SZ,实益达,2022-08-01,LED
850832.SI,270302,LED,270300,光学光电子,270000,电子,002992.SZ,002992.SZ,宝明科技,2022-08-01,LED
850832.SI,270302,LED,270300,光学光电子,270000,电子,300269.SZ,300269.SZ,联建光电,2022-08-01,LED
850832.SI,270302,LED,270300,光学光电子,270000,电子,688496.SH,688496.SH,*ST清越,2024-07-31,LED
850832.SI,270302,LED,270300,光学光电子,270000,电子,002449.SZ,002449.SZ,国星光电,2021-12-13,LED
850833.SI,270303,光学元件,270300,光学光电子,270000,电子,002222.SZ,002222.SZ,福晶科技,2021-12-13,光学元件
850833.SI,270303,光学元件,270300,光学光电子,270000,电子,002273.SZ,002273.SZ,水晶光电,2021-12-13,光学元件
850833.SI,270303,光学元件,270300,光学光电子,270000,电子,002456.SZ,002456.SZ,欧菲光,2021-12-13,光学元件
850833.SI,270303,光学元件,270300,光学光电子,270000,电子,002962.SZ,002962.SZ,五方光电,2021-12-13,光学元件
850833.SI,270303,光学元件,270300,光学光电子,270000,电子,003015.SZ,003015.SZ,日久光电,2021-12-13,光学元件
850833.SI,270303,光学元件,270300,光学光电子,270000,电子,300566.SZ,300566.SZ,激智科技,2021-12-13,光学元件
850833.SI,270303,光学元件,270300,光学光电子,270000,电子,300701.SZ,300701.SZ,森霸传感,2021-12-13,光学元件
850833.SI,270303,光学元件,270300,光学光电子,270000,电子,600071.SH,600071.SH,凤凰光学,2021-12-13,光学元件
850833.SI,270303,光学元件,270300,光学光电子,270000,电子,603297.SH,603297.SH,永新光学,2021-12-13,光学元件
850833.SI,270303,光学元件,270300,光学光电子,270000,电子,605588.SH,605588.SH,冠石科技,2021-12-13,光学元件
850833.SI,270303,光学元件,270300,光学光电子,270000,电子,688010.SH,688010.SH,福光股份,2021-12-13,光学元件
850833.SI,270303,光学元件,270300,光学光电子,270000,电子,688079.SH,688079.SH,美迪凯,2021-12-13,光学元件
850833.SI,270303,光学元件,270300,光学光电子,270000,电子,688127.SH,688127.SH,蓝特光学,2021-12-13,光学元件
850833.SI,270303,光学元件,270300,光学光电子,270000,电子,688195.SH,688195.SH,腾景科技,2021-12-13,光学元件
850833.SI,270303,光学元件,270300,光学光电子,270000,电子,301183.SZ,301183.SZ,东田微,2022-05-24,光学元件
850833.SI,270303,光学元件,270300,光学光电子,270000,电子,688322.SH,688322.SH,奥比中光,2022-07-12,光学元件
850833.SI,270303,光学元件,270300,光学光电子,270000,电子,300331.SZ,300331.SZ,苏大维格,2022-08-01,光学元件
850833.SI,270303,光学元件,270300,光学光电子,270000,电子,688502.SH,688502.SH,茂莱光学,2023-03-09,光学元件
850833.SI,270303,光学元件,270300,光学光电子,270000,电子,001373.SZ,001373.SZ,翔腾新材,2023-06-01,光学元件
850833.SI,270303,光学元件,270300,光学光电子,270000,电子,301421.SZ,301421.SZ,波长光电,2023-08-23,光学元件
850833.SI,270303,光学元件,270300,光学光电子,270000,电子,300489.SZ,300489.SZ,光智科技,2024-06-04,光学元件
850833.SI,270303,光学元件,270300,光学光电子,270000,电子,688378.SH,688378.SH,奥来德,2024-07-31,光学元件
850833.SI,270303,光学元件,270300,光学光电子,270000,电子,301479.SZ,301479.SZ,弘景光电,2025-03-18,光学元件
850833.SI,270303,光学元件,270300,光学光电子,270000,电子,688307.SH,688307.SH,中润光学,2026-07-02,光学元件
850833.SI,270303,光学元件,270300,光学光电子,270000,电子,002036.SZ,002036.SZ,联创电子,2021-12-13,光学元件
850841.SI,270401,其他电子Ⅲ,270400,其他电子Ⅱ,270000,电子,002130.SZ,002130.SZ,沃尔核材,2021-12-13,其他电子Ⅲ
850841.SI,270401,其他电子Ⅲ,270400,其他电子Ⅱ,270000,电子,002161.SZ,002161.SZ,远望谷,2021-12-13,其他电子Ⅲ
850841.SI,270401,其他电子Ⅲ,270400,其他电子Ⅱ,270000,电子,002388.SZ,002388.SZ,新亚制程,2021-12-13,其他电子Ⅲ
850841.SI,270401,其他电子Ⅲ,270400,其他电子Ⅱ,270000,电子,002729.SZ,002729.SZ,好利科技,2021-12-13,其他电子Ⅲ
850841.SI,270401,其他电子Ⅲ,270400,其他电子Ⅱ,270000,电子,002859.SZ,002859.SZ,洁美科技,2021-12-13,其他电子Ⅲ
850841.SI,270401,其他电子Ⅲ,270400,其他电子Ⅱ,270000,电子,002922.SZ,002922.SZ,伊戈尔,2021-12-13,其他电子Ⅲ
850841.SI,270401,其他电子Ⅲ,270400,其他电子Ⅱ,270000,电子,300184.SZ,300184.SZ,力源信息,2021-12-13,其他电子Ⅲ
850841.SI,270401,其他电子Ⅲ,270400,其他电子Ⅱ,270000,电子,300493.SZ,300493.SZ,润欣科技,2021-12-13,其他电子Ⅲ
850841.SI,270401,其他电子Ⅲ,270400,其他电子Ⅱ,270000,电子,300516.SZ,300516.SZ,久之洋,2021-12-13,其他电子Ⅲ
850841.SI,270401,其他电子Ⅲ,270400,其他电子Ⅱ,270000,电子,300656.SZ,300656.SZ,民德电子,2021-12-13,其他电子Ⅲ
850841.SI,270401,其他电子Ⅲ,270400,其他电子Ⅱ,270000,电子,300736.SZ,300736.SZ,百邦科技,2021-12-13,其他电子Ⅲ
850841.SI,270401,其他电子Ⅲ,270400,其他电子Ⅱ,270000,电子,300991.SZ,300991.SZ,创益通,2021-12-13,其他电子Ⅲ
850841.SI,270401,其他电子Ⅲ,270400,其他电子Ⅱ,270000,电子,301031.SZ,301031.SZ,中熔电气,2021-12-13,其他电子Ⅲ
850841.SI,270401,其他电子Ⅲ,270400,其他电子Ⅱ,270000,电子,600353.SH,600353.SH,旭光电子,2021-12-13,其他电子Ⅲ
850841.SI,270401,其他电子Ⅲ,270400,其他电子Ⅱ,270000,电子,603933.SH,603933.SH,睿能科技,2021-12-13,其他电子Ⅲ
850841.SI,270401,其他电子Ⅲ,270400,其他电子Ⅱ,270000,电子,688093.SH,688093.SH,世华科技,2021-12-13,其他电子Ⅲ
850841.SI,270401,其他电子Ⅲ,270400,其他电子Ⅱ,270000,电子,688103.SH,688103.SH,国力电子,2021-12-13,其他电子Ⅲ
850841.SI,270401,其他电子Ⅲ,270400,其他电子Ⅱ,270000,电子,688662.SH,688662.SH,富信科技,2021-12-13,其他电子Ⅲ
850841.SI,270401,其他电子Ⅲ,270400,其他电子Ⅱ,270000,电子,688800.SH,688800.SH,瑞可达,2021-12-13,其他电子Ⅲ
850841.SI,270401,其他电子Ⅲ,270400,其他电子Ⅱ,270000,电子,300475.SZ,300475.SZ,香农芯创,2022-05-24,其他电子Ⅲ
850841.SI,270401,其他电子Ⅲ,270400,其他电子Ⅱ,270000,电子,000670.SZ,000670.SZ,盈方微,2022-08-01,其他电子Ⅲ
850841.SI,270401,其他电子Ⅲ,270400,其他电子Ⅱ,270000,电子,002782.SZ,002782.SZ,可立克,2022-08-01,其他电子Ⅲ
850841.SI,270401,其他电子Ⅲ,270400,其他电子Ⅱ,270000,电子,002885.SZ,002885.SZ,京泉华,2022-08-01,其他电子Ⅲ
850841.SI,270401,其他电子Ⅲ,270400,其他电子Ⅱ,270000,电子,300131.SZ,300131.SZ,英唐智控,2022-08-01,其他电子Ⅲ
850841.SI,270401,其他电子Ⅲ,270400,其他电子Ⅱ,270000,电子,300650.SZ,300650.SZ,太龙股份,2022-08-01,其他电子Ⅲ
850841.SI,270401,其他电子Ⅲ,270400,其他电子Ⅱ,270000,电子,301099.SZ,301099.SZ,雅创电子,2022-08-01,其他电子Ⅲ
850841.SI,270401,其他电子Ⅲ,270400,其他电子Ⅱ,270000,电子,301328.SZ,301328.SZ,维峰电子,2022-09-08,其他电子Ⅲ
850841.SI,270401,其他电子Ⅲ,270400,其他电子Ⅱ,270000,电子,001298.SZ,001298.SZ,好上好,2022-10-31,其他电子Ⅲ
850841.SI,270401,其他电子Ⅲ,270400,其他电子Ⅱ,270000,电子,301359.SZ,301359.SZ,东南电子,2022-11-09,其他电子Ⅲ
850841.SI,270401,其他电子Ⅲ,270400,其他电子Ⅱ,270000,电子,001287.SZ,001287.SZ,中电港,2023-04-10,其他电子Ⅲ
850841.SI,270401,其他电子Ⅲ,270400,其他电子Ⅱ,270000,电子,301275.SZ,301275.SZ,汉朔科技,2025-03-11,其他电子Ⅲ
850841.SI,270401,其他电子Ⅲ,270400,其他电子Ⅱ,270000,电子,301563.SZ,301563.SZ,云汉芯城,2025-09-30,其他电子Ⅲ
850841.SI,270401,其他电子Ⅲ,270400,其他电子Ⅱ,270000,电子,000062.SZ,000062.SZ,深圳华强,2021-12-13,其他电子Ⅲ
850853.SI,270503,品牌消费电子,270500,消费电子,270000,电子,002351.SZ,002351.SZ,漫步者,2021-12-13,品牌消费电子
850853.SI,270503,品牌消费电子,270500,消费电子,270000,电子,002888.SZ,002888.SZ,惠威科技,2021-12-13,品牌消费电子
850853.SI,270503,品牌消费电子,270500,消费电子,270000,电子,300866.SZ,300866.SZ,安克创新,2021-12-13,品牌消费电子
850853.SI,270503,品牌消费电子,270500,消费电子,270000,电子,688007.SH,688007.SH,光峰科技,2021-12-13,品牌消费电子
850853.SI,270503,品牌消费电子,270500,消费电子,270000,电子,688036.SH,688036.SH,传音控股,2021-12-13,品牌消费电子
850853.SI,270503,品牌消费电子,270500,消费电子,270000,电子,301189.SZ,301189.SZ,奥尼电子,2021-12-28,品牌消费电子
850853.SI,270503,品牌消费电子,270500,消费电子,270000,电子,002841.SZ,002841.SZ,视源股份,2022-08-01,品牌消费电子
850853.SI,270503,品牌消费电子,270500,消费电子,270000,电子,301606.SZ,301606.SZ,绿联科技,2024-07-26,品牌消费电子
850853.SI,270503,品牌消费电子,270500,消费电子,270000,电子,688775.SH,688775.SH,影石创新,2025-06-11,品牌消费电子
850853.SI,270503,品牌消费电子,270500,消费电子,270000,电子,002045.SZ,002045.SZ,国光电器,2021-12-13,品牌消费电子
850854.SI,270504,消费电子零部件及组装,270500,消费电子,270000,电子,002055.SZ,002055.SZ,ST得润,2021-12-13,消费电子零部件及组装
850854.SI,270504,消费电子零部件及组装,270500,消费电子,270000,电子,002139.SZ,002139.SZ,拓邦股份,2021-12-13,消费电子零部件及组装
850854.SI,270504,消费电子零部件及组装,270500,消费电子,270000,电子,002241.SZ,002241.SZ,歌尔股份,2021-12-13,消费电子零部件及组装
850854.SI,270504,消费电子零部件及组装,270500,消费电子,270000,电子,002369.SZ,002369.SZ,卓翼科技,2021-12-13,消费电子零部件及组装
850854.SI,270504,消费电子零部件及组装,270500,消费电子,270000,电子,002475.SZ,002475.SZ,立讯精密,2021-12-13,消费电子零部件及组装
850854.SI,270504,消费电子零部件及组装,270500,消费电子,270000,电子,002600.SZ,002600.SZ,领益智造,2021-12-13,消费电子零部件及组装
850854.SI,270504,消费电子零部件及组装,270500,消费电子,270000,电子,002635.SZ,002635.SZ,安洁科技,2021-12-13,消费电子零部件及组装
850854.SI,270504,消费电子零部件及组装,270500,消费电子,270000,电子,002655.SZ,002655.SZ,共达电声,2021-12-13,消费电子零部件及组装
850854.SI,270504,消费电子零部件及组装,270500,消费电子,270000,电子,002660.SZ,002660.SZ,茂硕电源,2021-12-13,消费电子零部件及组装
850854.SI,270504,消费电子零部件及组装,270500,消费电子,270000,电子,002681.SZ,002681.SZ,奋达科技,2021-12-13,消费电子零部件及组装
850854.SI,270504,消费电子零部件及组装,270500,消费电子,270000,电子,002855.SZ,002855.SZ,捷荣技术,2021-12-13,消费电子零部件及组装
850854.SI,270504,消费电子零部件及组装,270500,消费电子,270000,电子,002861.SZ,002861.SZ,瀛通通讯,2021-12-13,消费电子零部件及组装
850854.SI,270504,消费电子零部件及组装,270500,消费电子,270000,电子,002866.SZ,002866.SZ,传艺科技,2021-12-13,消费电子零部件及组装
850854.SI,270504,消费电子零部件及组装,270500,消费电子,270000,电子,002925.SZ,002925.SZ,盈趣科技,2021-12-13,消费电子零部件及组装
850854.SI,270504,消费电子零部件及组装,270500,消费电子,270000,电子,002947.SZ,002947.SZ,恒铭达,2021-12-13,消费电子零部件及组装
850854.SI,270504,消费电子零部件及组装,270500,消费电子,270000,电子,002981.SZ,002981.SZ,朝阳科技,2021-12-13,消费电子零部件及组装
850854.SI,270504,消费电子零部件及组装,270500,消费电子,270000,电子,002993.SZ,002993.SZ,奥海科技,2021-12-13,消费电子零部件及组装
850854.SI,270504,消费电子零部件及组装,270500,消费电子,270000,电子,300032.SZ,300032.SZ,金龙机电,2021-12-13,消费电子零部件及组装
850854.SI,270504,消费电子零部件及组装,270500,消费电子,270000,电子,300115.SZ,300115.SZ,长盈精密,2021-12-13,消费电子零部件及组装
850854.SI,270504,消费电子零部件及组装,270500,消费电子,270000,电子,300136.SZ,300136.SZ,信维通信,2021-12-13,消费电子零部件及组装
850854.SI,270504,消费电子零部件及组装,270500,消费电子,270000,电子,300256.SZ,300256.SZ,星星科技,2021-12-13,消费电子零部件及组装
850854.SI,270504,消费电子零部件及组装,270500,消费电子,270000,电子,300322.SZ,300322.SZ,硕贝德,2021-12-13,消费电子零部件及组装
850854.SI,270504,消费电子零部件及组装,270500,消费电子,270000,电子,300433.SZ,300433.SZ,蓝思科技,2021-12-13,消费电子零部件及组装
850854.SI,270504,消费电子零部件及组装,270500,消费电子,270000,电子,300602.SZ,300602.SZ,飞荣达,2021-12-13,消费电子零部件及组装
850854.SI,270504,消费电子零部件及组装,270500,消费电子,270000,电子,300647.SZ,300647.SZ,超频三,2021-12-13,消费电子零部件及组装
850854.SI,270504,消费电子零部件及组装,270500,消费电子,270000,电子,300679.SZ,300679.SZ,电连技术,2021-12-13,消费电子零部件及组装
850854.SI,270504,消费电子零部件及组装,270500,消费电子,270000,电子,300686.SZ,300686.SZ,智动力,2021-12-13,消费电子零部件及组装
850854.SI,270504,消费电子零部件及组装,270500,消费电子,270000,电子,300709.SZ,300709.SZ,精研科技,2021-12-13,消费电子零部件及组装
850854.SI,270504,消费电子零部件及组装,270500,消费电子,270000,电子,300735.SZ,300735.SZ,光弘科技,2021-12-13,消费电子零部件及组装
850854.SI,270504,消费电子零部件及组装,270500,消费电子,270000,电子,300787.SZ,300787.SZ,海能实业,2021-12-13,消费电子零部件及组装
850854.SI,270504,消费电子零部件及组装,270500,消费电子,270000,电子,300793.SZ,300793.SZ,佳禾智能,2021-12-13,消费电子零部件及组装
850854.SI,270504,消费电子零部件及组装,270500,消费电子,270000,电子,300822.SZ,300822.SZ,贝仕达克,2021-12-13,消费电子零部件及组装
850854.SI,270504,消费电子零部件及组装,270500,消费电子,270000,电子,300843.SZ,300843.SZ,胜蓝股份,2021-12-13,消费电子零部件及组装
850854.SI,270504,消费电子零部件及组装,270500,消费电子,270000,电子,300857.SZ,300857.SZ,协创数据,2021-12-13,消费电子零部件及组装
850854.SI,270504,消费电子零部件及组装,270500,消费电子,270000,电子,300916.SZ,300916.SZ,朗特智能,2021-12-13,消费电子零部件及组装
850854.SI,270504,消费电子零部件及组装,270500,消费电子,270000,电子,300951.SZ,300951.SZ,博硕科技,2021-12-13,消费电子零部件及组装
850854.SI,270504,消费电子零部件及组装,270500,消费电子,270000,电子,300956.SZ,300956.SZ,英力股份,2021-12-13,消费电子零部件及组装
850854.SI,270504,消费电子零部件及组装,270500,消费电子,270000,电子,300968.SZ,300968.SZ,格林精密,2021-12-13,消费电子零部件及组装
850854.SI,270504,消费电子零部件及组装,270500,消费电子,270000,电子,300976.SZ,300976.SZ,达瑞电子,2021-12-13,消费电子零部件及组装
850854.SI,270504,消费电子零部件及组装,270500,消费电子,270000,电子,301051.SZ,301051.SZ,信濠光电,2021-12-13,消费电子零部件及组装
850854.SI,270504,消费电子零部件及组装,270500,消费电子,270000,电子,301067.SZ,301067.SZ,显盈科技,2021-12-13,消费电子零部件及组装
850854.SI,270504,消费电子零部件及组装,270500,消费电子,270000,电子,301086.SZ,301086.SZ,鸿富瀚,2021-12-13,消费电子零部件及组装
850854.SI,270504,消费电子零部件及组装,270500,消费电子,270000,电子,301180.SZ,301180.SZ,万祥科技,2021-12-13,消费电子零部件及组装
850854.SI,270504,消费电子零部件及组装,270500,消费电子,270000,电子,600130.SH,600130.SH,波导股份,2021-12-13,消费电子零部件及组装
850854.SI,270504,消费电子零部件及组装,270500,消费电子,270000,电子,600203.SH,600203.SH,福日电子,2021-12-13,消费电子零部件及组装
850854.SI,270504,消费电子零部件及组装,270500,消费电子,270000,电子,601138.SH,601138.SH,工业富联,2021-12-13,消费电子零部件及组装
850854.SI,270504,消费电子零部件及组装,270500,消费电子,270000,电子,601231.SH,601231.SH,环旭电子,2021-12-13,消费电子零部件及组装
850854.SI,270504,消费电子零部件及组装,270500,消费电子,270000,电子,603327.SH,603327.SH,福蓉科技,2021-12-13,消费电子零部件及组装
850854.SI,270504,消费电子零部件及组装,270500,消费电子,270000,电子,603380.SH,603380.SH,易德龙,2021-12-13,消费电子零部件及组装
850854.SI,270504,消费电子零部件及组装,270500,消费电子,270000,电子,603595.SH,603595.SH,ST东尼,2021-12-13,消费电子零部件及组装
850854.SI,270504,消费电子零部件及组装,270500,消费电子,270000,电子,603626.SH,603626.SH,科森科技,2021-12-13,消费电子零部件及组装
850854.SI,270504,消费电子零部件及组装,270500,消费电子,270000,电子,603629.SH,603629.SH,利通电子,2021-12-13,消费电子零部件及组装
850854.SI,270504,消费电子零部件及组装,270500,消费电子,270000,电子,603633.SH,603633.SH,徕木股份,2021-12-13,消费电子零部件及组装
850854.SI,270504,消费电子零部件及组装,270500,消费电子,270000,电子,603890.SH,603890.SH,春秋电子,2021-12-13,消费电子零部件及组装
850854.SI,270504,消费电子零部件及组装,270500,消费电子,270000,电子,605277.SH,605277.SH,新亚电子,2021-12-13,消费电子零部件及组装
850854.SI,270504,消费电子零部件及组装,270500,消费电子,270000,电子,688260.SH,688260.SH,昀冢科技,2021-12-13,消费电子零部件及组装
850854.SI,270504,消费电子零部件及组装,270500,消费电子,270000,电子,688678.SH,688678.SH,福立旺,2021-12-13,消费电子零部件及组装
850854.SI,270504,消费电子零部件及组装,270500,消费电子,270000,电子,688210.SH,688210.SH,统联精密,2021-12-27,消费电子零部件及组装
850854.SI,270504,消费电子零部件及组装,270500,消费电子,270000,电子,301123.SZ,301123.SZ,奕东电子,2022-01-25,消费电子零部件及组装
850854.SI,270504,消费电子零部件及组装,270500,消费电子,270000,电子,002426.SZ,002426.SZ,胜利精密,2022-08-01,消费电子零部件及组装
850854.SI,270504,消费电子零部件及组装,270500,消费电子,270000,电子,300812.SZ,300812.SZ,易天股份,2022-08-01,消费电子零部件及组装
850854.SI,270504,消费电子零部件及组装,270500,消费电子,270000,电子,600363.SH,600363.SH,联创光电,2022-08-01,消费电子零部件及组装
850854.SI,270504,消费电子零部件及组装,270500,消费电子,270000,电子,301326.SZ,301326.SZ,捷邦科技,2022-09-21,消费电子零部件及组装
850854.SI,270504,消费电子零部件及组装,270500,消费电子,270000,电子,301285.SZ,301285.SZ,鸿日达,2022-09-28,消费电子零部件及组装
850854.SI,270504,消费电子零部件及组装,270500,消费电子,270000,电子,603052.SH,603052.SH,可川科技,2022-10-11,消费电子零部件及组装
850854.SI,270504,消费电子零部件及组装,270500,消费电子,270000,电子,301389.SZ,301389.SZ,隆扬电子,2022-10-31,消费电子零部件及组装
850854.SI,270504,消费电子零部件及组装,270500,消费电子,270000,电子,001314.SZ,001314.SZ,亿道信息,2023-02-14,消费电子零部件及组装
850854.SI,270504,消费电子零部件及组装,270500,消费电子,270000,电子,301387.SZ,301387.SZ,光大同创,2023-04-18,消费电子零部件及组装
850854.SI,270504,消费电子零部件及组装,270500,消费电子,270000,电子,301383.SZ,301383.SZ,天键股份,2023-06-09,消费电子零部件及组装
850854.SI,270504,消费电子零部件及组装,270500,消费电子,270000,电子,301486.SZ,301486.SZ,致尚科技,2023-07-07,消费电子零部件及组装
850854.SI,270504,消费电子零部件及组装,270500,消费电子,270000,电子,301329.SZ,301329.SZ,信音电子,2023-07-17,消费电子零部件及组装
850854.SI,270504,消费电子零部件及组装,270500,消费电子,270000,电子,603296.SH,603296.SH,华勤技术,2023-08-08,消费电子零部件及组装
850854.SI,270504,消费电子零部件及组装,270500,消费电子,270000,电子,301567.SZ,301567.SZ,贝隆精密,2024-01-16,消费电子零部件及组装
850854.SI,270504,消费电子零部件及组装,270500,消费电子,270000,电子,603341.SH,603341.SH,龙旗科技,2024-03-01,消费电子零部件及组装
850854.SI,270504,消费电子零部件及组装,270500,消费电子,270000,电子,300784.SZ,300784.SZ,利安科技,2024-06-07,消费电子零部件及组装
850854.SI,270504,消费电子零部件及组装,270500,消费电子,270000,电子,300868.SZ,300868.SZ,杰美特,2024-07-31,消费电子零部件及组装
850854.SI,270504,消费电子零部件及组装,270500,消费电子,270000,电子,301626.SZ,301626.SZ,苏州天脉,2024-10-24,消费电子零部件及组装
850854.SI,270504,消费电子零部件及组装,270500,消费电子,270000,电子,301491.SZ,301491.SZ,汉桑科技,2025-08-06,消费电子零部件及组装
850854.SI,270504,消费电子零部件及组装,270500,消费电子,270000,电子,002402.SZ,002402.SZ,和而泰,2025-08-13,消费电子零部件及组装
850854.SI,270504,消费电子零部件及组装,270500,消费电子,270000,电子,300128.SZ,300128.SZ,锦富技术,2026-07-02,消费电子零部件及组装
850854.SI,270504,消费电子零部件及组装,270500,消费电子,270000,电子,000021.SZ,000021.SZ,深科技,2021-12-13,消费电子零部件及组装
850861.SI,270601,电子化学品Ⅲ,270600,电子化学品Ⅱ,270000,电子,002643.SZ,002643.SZ,万润股份,2021-12-13,电子化学品Ⅲ
850861.SI,270601,电子化学品Ⅲ,270600,电子化学品Ⅱ,270000,电子,002741.SZ,002741.SZ,光华科技,2021-12-13,电子化学品Ⅲ
850861.SI,270601,电子化学品Ⅲ,270600,电子化学品Ⅱ,270000,电子,300054.SZ,300054.SZ,鼎龙股份,2021-12-13,电子化学品Ⅲ
850861.SI,270601,电子化学品Ⅲ,270600,电子化学品Ⅱ,270000,电子,300236.SZ,300236.SZ,上海新阳,2021-12-13,电子化学品Ⅲ
850861.SI,270601,电子化学品Ⅲ,270600,电子化学品Ⅱ,270000,电子,300346.SZ,300346.SZ,南大光电,2021-12-13,电子化学品Ⅲ
850861.SI,270601,电子化学品Ⅲ,270600,电子化学品Ⅱ,270000,电子,300398.SZ,300398.SZ,飞凯材料,2021-12-13,电子化学品Ⅲ
850861.SI,270601,电子化学品Ⅲ,270600,电子化学品Ⅱ,270000,电子,300429.SZ,300429.SZ,强力新材,2021-12-13,电子化学品Ⅲ
850861.SI,270601,电子化学品Ⅲ,270600,电子化学品Ⅱ,270000,电子,300481.SZ,300481.SZ,濮阳惠成,2021-12-13,电子化学品Ⅲ
850861.SI,270601,电子化学品Ⅲ,270600,电子化学品Ⅱ,270000,电子,300537.SZ,300537.SZ,广信材料,2021-12-13,电子化学品Ⅲ
850861.SI,270601,电子化学品Ⅲ,270600,电子化学品Ⅱ,270000,电子,300576.SZ,300576.SZ,容大感光,2021-12-13,电子化学品Ⅲ
850861.SI,270601,电子化学品Ⅲ,270600,电子化学品Ⅱ,270000,电子,300655.SZ,300655.SZ,晶瑞电材,2021-12-13,电子化学品Ⅲ
850861.SI,270601,电子化学品Ⅲ,270600,电子化学品Ⅱ,270000,电子,603002.SH,603002.SH,宏昌电子,2021-12-13,电子化学品Ⅲ
850861.SI,270601,电子化学品Ⅲ,270600,电子化学品Ⅱ,270000,电子,603078.SH,603078.SH,江化微,2021-12-13,电子化学品Ⅲ
850861.SI,270601,电子化学品Ⅲ,270600,电子化学品Ⅱ,270000,电子,603931.SH,603931.SH,格林达,2021-12-13,电子化学品Ⅲ
850861.SI,270601,电子化学品Ⅲ,270600,电子化学品Ⅱ,270000,电子,688019.SH,688019.SH,安集科技,2021-12-13,电子化学品Ⅲ
850861.SI,270601,电子化学品Ⅲ,270600,电子化学品Ⅱ,270000,电子,688106.SH,688106.SH,金宏气体,2021-12-13,电子化学品Ⅲ
850861.SI,270601,电子化学品Ⅲ,270600,电子化学品Ⅱ,270000,电子,688268.SH,688268.SH,华特气体,2021-12-13,电子化学品Ⅲ
850861.SI,270601,电子化学品Ⅲ,270600,电子化学品Ⅱ,270000,电子,688359.SH,688359.SH,三孚新科,2021-12-13,电子化学品Ⅲ
850861.SI,270601,电子化学品Ⅲ,270600,电子化学品Ⅱ,270000,电子,688550.SH,688550.SH,瑞联新材,2021-12-13,电子化学品Ⅲ
850861.SI,270601,电子化学品Ⅲ,270600,电子化学品Ⅱ,270000,电子,688150.SH,688150.SH,莱特光电,2022-03-18,电子化学品Ⅲ
850861.SI,270601,电子化学品Ⅲ,270600,电子化学品Ⅱ,270000,电子,300285.SZ,300285.SZ,国瓷材料,2022-08-01,电子化学品Ⅲ
850861.SI,270601,电子化学品Ⅲ,270600,电子化学品Ⅱ,270000,电子,300684.SZ,300684.SZ,中石科技,2022-08-01,电子化学品Ⅲ
850861.SI,270601,电子化学品Ⅲ,270600,电子化学品Ⅱ,270000,电子,688371.SH,688371.SH,菲沃泰,2022-08-02,电子化学品Ⅲ
850861.SI,270601,电子化学品Ⅲ,270600,电子化学品Ⅱ,270000,电子,688035.SH,688035.SH,德邦科技,2022-09-19,电子化学品Ⅲ
850861.SI,270601,电子化学品Ⅲ,270600,电子化学品Ⅱ,270000,电子,301319.SZ,301319.SZ,唯特偶,2022-09-29,电子化学品Ⅲ
850861.SI,270601,电子化学品Ⅲ,270600,电子化学品Ⅱ,270000,电子,688603.SH,688603.SH,天承科技,2023-07-10,电子化学品Ⅲ
850861.SI,270601,电子化学品Ⅲ,270600,电子化学品Ⅱ,270000,电子,688548.SH,688548.SH,广钢气体,2023-08-15,电子化学品Ⅲ
850861.SI,270601,电子化学品Ⅲ,270600,电子化学品Ⅱ,270000,电子,688549.SH,688549.SH,中巨芯-U,2023-09-08,电子化学品Ⅲ
850861.SI,270601,电子化学品Ⅲ,270600,电子化学品Ⅱ,270000,电子,301489.SZ,301489.SZ,思泉新材,2023-10-24,电子化学品Ⅲ
850861.SI,270601,电子化学品Ⅲ,270600,电子化学品Ⅱ,270000,电子,600330.SH,600330.SH,天通股份,2024-07-31,电子化学品Ⅲ
850861.SI,270601,电子化学品Ⅲ,270600,电子化学品Ⅱ,270000,电子,688683.SH,688683.SH,莱尔科技,2024-07-31,电子化学品Ⅲ
850861.SI,270601,电子化学品Ⅲ,270600,电子化学品Ⅱ,270000,电子,688545.SH,688545.SH,兴福电子,2025-01-22,电子化学品Ⅲ
850861.SI,270601,电子化学品Ⅲ,270600,电子化学品Ⅱ,270000,电子,301630.SZ,301630.SZ,同宇新材,2025-07-10,电子化学品Ⅲ
850861.SI,270601,电子化学品Ⅲ,270600,电子化学品Ⅱ,270000,电子,603115.SH,603115.SH,海星股份,2026-07-02,电子化学品Ⅲ
850861.SI,270601,电子化学品Ⅲ,270600,电子化学品Ⅱ,270000,电子,002584.SZ,002584.SZ,西陇科学,2021-12-13,电子化学品Ⅲ
850922.SI,280202,车身附件及饰件,280200,汽车零部件,280000,汽车,002048.SZ,002048.SZ,宁波华翔,2021-12-13,车身附件及饰件
850922.SI,280202,车身附件及饰件,280200,汽车零部件,280000,汽车,002516.SZ,002516.SZ,旷达科技,2021-12-13,车身附件及饰件
850922.SI,280202,车身附件及饰件,280200,汽车零部件,280000,汽车,002537.SZ,002537.SZ,海联金汇,2021-12-13,车身附件及饰件
850922.SI,280202,车身附件及饰件,280200,汽车零部件,280000,汽车,002662.SZ,002662.SZ,峰璟股份,2021-12-13,车身附件及饰件
850922.SI,280202,车身附件及饰件,280200,汽车零部件,280000,汽车,300100.SZ,300100.SZ,双林股份,2021-12-13,车身附件及饰件
850922.SI,280202,车身附件及饰件,280200,汽车零部件,280000,汽车,300978.SZ,300978.SZ,东箭科技,2021-12-13,车身附件及饰件
850922.SI,280202,车身附件及饰件,280200,汽车零部件,280000,汽车,301133.SZ,301133.SZ,金钟股份,2021-12-13,车身附件及饰件
850922.SI,280202,车身附件及饰件,280200,汽车零部件,280000,汽车,600081.SH,600081.SH,东风科技,2021-12-13,车身附件及饰件
850922.SI,280202,车身附件及饰件,280200,汽车零部件,280000,汽车,600609.SH,600609.SH,金杯汽车,2021-12-13,车身附件及饰件
850922.SI,280202,车身附件及饰件,280200,汽车零部件,280000,汽车,600626.SH,600626.SH,申达股份,2021-12-13,车身附件及饰件
850922.SI,280202,车身附件及饰件,280200,汽车零部件,280000,汽车,600660.SH,600660.SH,福耀玻璃,2021-12-13,车身附件及饰件
850922.SI,280202,车身附件及饰件,280200,汽车零部件,280000,汽车,600741.SH,600741.SH,华域汽车,2021-12-13,车身附件及饰件
850922.SI,280202,车身附件及饰件,280200,汽车零部件,280000,汽车,600742.SH,600742.SH,富维股份,2021-12-13,车身附件及饰件
850922.SI,280202,车身附件及饰件,280200,汽车零部件,280000,汽车,603035.SH,603035.SH,常熟汽饰,2021-12-13,车身附件及饰件
850922.SI,280202,车身附件及饰件,280200,汽车零部件,280000,汽车,603085.SH,603085.SH,天成自控,2021-12-13,车身附件及饰件
850922.SI,280202,车身附件及饰件,280200,汽车零部件,280000,汽车,603306.SH,603306.SH,华懋科技,2021-12-13,车身附件及饰件
850922.SI,280202,车身附件及饰件,280200,汽车零部件,280000,汽车,603730.SH,603730.SH,岱美股份,2021-12-13,车身附件及饰件
850922.SI,280202,车身附件及饰件,280200,汽车零部件,280000,汽车,603997.SH,603997.SH,继峰股份,2021-12-13,车身附件及饰件
850922.SI,280202,车身附件及饰件,280200,汽车零部件,280000,汽车,605068.SH,605068.SH,明新旭腾,2021-12-13,车身附件及饰件
850922.SI,280202,车身附件及饰件,280200,汽车零部件,280000,汽车,605128.SH,605128.SH,上海沿浦,2021-12-13,车身附件及饰件
850922.SI,280202,车身附件及饰件,280200,汽车零部件,280000,汽车,605228.SH,605228.SH,神通科技,2021-12-13,车身附件及饰件
850922.SI,280202,车身附件及饰件,280200,汽车零部件,280000,汽车,603266.SH,603266.SH,天龙股份,2022-02-23,车身附件及饰件
850922.SI,280202,车身附件及饰件,280200,汽车零部件,280000,汽车,300893.SZ,300893.SZ,松原安全,2022-08-01,车身附件及饰件
850922.SI,280202,车身附件及饰件,280200,汽车零部件,280000,汽车,601799.SH,601799.SH,星宇股份,2022-08-01,车身附件及饰件
850922.SI,280202,车身附件及饰件,280200,汽车零部件,280000,汽车,605151.SH,605151.SH,西上海,2022-08-01,车身附件及饰件
850922.SI,280202,车身附件及饰件,280200,汽车零部件,280000,汽车,001319.SZ,001319.SZ,铭科精技,2022-12-07,车身附件及饰件
850922.SI,280202,车身附件及饰件,280200,汽车零部件,280000,汽车,301398.SZ,301398.SZ,星源卓镁,2022-12-15,车身附件及饰件
850922.SI,280202,车身附件及饰件,280200,汽车零部件,280000,汽车,001260.SZ,001260.SZ,坤泰股份,2023-02-16,车身附件及饰件
850922.SI,280202,车身附件及饰件,280200,汽车零部件,280000,汽车,001278.SZ,001278.SZ,一彬科技,2023-03-08,车身附件及饰件
850922.SI,280202,车身附件及饰件,280200,汽车零部件,280000,汽车,301529.SZ,301529.SZ,福赛科技,2023-09-11,车身附件及饰件
850922.SI,280202,车身附件及饰件,280200,汽车零部件,280000,汽车,301552.SZ,301552.SZ,科力装备,2024-07-22,车身附件及饰件
850922.SI,280202,车身附件及饰件,280200,汽车零部件,280000,汽车,300446.SZ,300446.SZ,航天智造,2024-07-31,车身附件及饰件
850922.SI,280202,车身附件及饰件,280200,汽车零部件,280000,汽车,301173.SZ,301173.SZ,毓恬冠佳,2025-03-03,车身附件及饰件
850922.SI,280202,车身附件及饰件,280200,汽车零部件,280000,汽车,603409.SH,603409.SH,汇通控股,2025-03-04,车身附件及饰件
850922.SI,280202,车身附件及饰件,280200,汽车零部件,280000,汽车,603418.SH,603418.SH,友升股份,2025-09-23,车身附件及饰件
850922.SI,280202,车身附件及饰件,280200,汽车零部件,280000,汽车,000700.SZ,000700.SZ,模塑科技,2021-12-13,车身附件及饰件
850923.SI,280203,底盘与发动机系统,280200,汽车零部件,280000,汽车,000338.SZ,000338.SZ,潍柴动力,2021-12-13,底盘与发动机系统
850923.SI,280203,底盘与发动机系统,280200,汽车零部件,280000,汽车,000559.SZ,000559.SZ,万向钱潮,2021-12-13,底盘与发动机系统
850923.SI,280203,底盘与发动机系统,280200,汽车零部件,280000,汽车,000570.SZ,000570.SZ,苏常柴A,2021-12-13,底盘与发动机系统
850923.SI,280203,底盘与发动机系统,280200,汽车零部件,280000,汽车,000581.SZ,000581.SZ,威孚高科,2021-12-13,底盘与发动机系统
850923.SI,280203,底盘与发动机系统,280200,汽车零部件,280000,汽车,000678.SZ,000678.SZ,襄阳轴承,2021-12-13,底盘与发动机系统
850923.SI,280203,底盘与发动机系统,280200,汽车零部件,280000,汽车,000816.SZ,000816.SZ,智慧农业,2021-12-13,底盘与发动机系统
850923.SI,280203,底盘与发动机系统,280200,汽车零部件,280000,汽车,000903.SZ,000903.SZ,ST云动,2021-12-13,底盘与发动机系统
850923.SI,280203,底盘与发动机系统,280200,汽车零部件,280000,汽车,002126.SZ,002126.SZ,银轮股份,2021-12-13,底盘与发动机系统
850923.SI,280203,底盘与发动机系统,280200,汽车零部件,280000,汽车,002265.SZ,002265.SZ,建设工业,2021-12-13,底盘与发动机系统
850923.SI,280203,底盘与发动机系统,280200,汽车零部件,280000,汽车,002283.SZ,002283.SZ,天润工业,2021-12-13,底盘与发动机系统
850923.SI,280203,底盘与发动机系统,280200,汽车零部件,280000,汽车,002284.SZ,002284.SZ,亚太股份,2021-12-13,底盘与发动机系统
850923.SI,280203,底盘与发动机系统,280200,汽车零部件,280000,汽车,002363.SZ,002363.SZ,隆基机械,2021-12-13,底盘与发动机系统
850923.SI,280203,底盘与发动机系统,280200,汽车零部件,280000,汽车,002406.SZ,002406.SZ,远东传动,2021-12-13,底盘与发动机系统
850923.SI,280203,底盘与发动机系统,280200,汽车零部件,280000,汽车,002434.SZ,002434.SZ,万里扬,2021-12-13,底盘与发动机系统
850923.SI,280203,底盘与发动机系统,280200,汽车零部件,280000,汽车,002448.SZ,002448.SZ,中原内配,2021-12-13,底盘与发动机系统
850923.SI,280203,底盘与发动机系统,280200,汽车零部件,280000,汽车,002472.SZ,002472.SZ,双环传动,2021-12-13,底盘与发动机系统
850923.SI,280203,底盘与发动机系统,280200,汽车零部件,280000,汽车,002536.SZ,002536.SZ,飞龙股份,2021-12-13,底盘与发动机系统
850923.SI,280203,底盘与发动机系统,280200,汽车零部件,280000,汽车,002553.SZ,002553.SZ,南方精工,2021-12-13,底盘与发动机系统
850923.SI,280203,底盘与发动机系统,280200,汽车零部件,280000,汽车,002590.SZ,002590.SZ,万安科技,2021-12-13,底盘与发动机系统
850923.SI,280203,底盘与发动机系统,280200,汽车零部件,280000,汽车,002592.SZ,002592.SZ,ST八菱,2021-12-13,底盘与发动机系统
850923.SI,280203,底盘与发动机系统,280200,汽车零部件,280000,汽车,002703.SZ,002703.SZ,浙江世宝,2021-12-13,底盘与发动机系统
850923.SI,280203,底盘与发动机系统,280200,汽车零部件,280000,汽车,002708.SZ,002708.SZ,光洋股份,2021-12-13,底盘与发动机系统
850923.SI,280203,底盘与发动机系统,280200,汽车零部件,280000,汽车,002715.SZ,002715.SZ,登云股份,2021-12-13,底盘与发动机系统
850923.SI,280203,底盘与发动机系统,280200,汽车零部件,280000,汽车,300176.SZ,300176.SZ,鸿特科技,2021-12-13,底盘与发动机系统
850923.SI,280203,底盘与发动机系统,280200,汽车零部件,280000,汽车,300258.SZ,300258.SZ,精锻科技,2021-12-13,底盘与发动机系统
850923.SI,280203,底盘与发动机系统,280200,汽车零部件,280000,汽车,300375.SZ,300375.SZ,鹏翎股份,2021-12-13,底盘与发动机系统
850923.SI,280203,底盘与发动机系统,280200,汽车零部件,280000,汽车,300507.SZ,300507.SZ,苏奥传感,2021-12-13,底盘与发动机系统
850923.SI,280203,底盘与发动机系统,280200,汽车零部件,280000,汽车,300547.SZ,300547.SZ,川环科技,2021-12-13,底盘与发动机系统
850923.SI,280203,底盘与发动机系统,280200,汽车零部件,280000,汽车,300580.SZ,300580.SZ,贝斯特,2021-12-13,底盘与发动机系统
850923.SI,280203,底盘与发动机系统,280200,汽车零部件,280000,汽车,300585.SZ,300585.SZ,奥联电子,2021-12-13,底盘与发动机系统
850923.SI,280203,底盘与发动机系统,280200,汽车零部件,280000,汽车,300611.SZ,300611.SZ,美力科技,2021-12-13,底盘与发动机系统
850923.SI,280203,底盘与发动机系统,280200,汽车零部件,280000,汽车,300680.SZ,300680.SZ,隆盛科技,2021-12-13,底盘与发动机系统
850923.SI,280203,底盘与发动机系统,280200,汽车零部件,280000,汽车,300694.SZ,300694.SZ,蠡湖股份,2021-12-13,底盘与发动机系统
850923.SI,280203,底盘与发动机系统,280200,汽车零部件,280000,汽车,300733.SZ,300733.SZ,西菱动力,2021-12-13,底盘与发动机系统
850923.SI,280203,底盘与发动机系统,280200,汽车零部件,280000,汽车,301007.SZ,301007.SZ,德迈仕,2021-12-13,底盘与发动机系统
850923.SI,280203,底盘与发动机系统,280200,汽车零部件,280000,汽车,301020.SZ,301020.SZ,密封科技,2021-12-13,底盘与发动机系统
850923.SI,280203,底盘与发动机系统,280200,汽车零部件,280000,汽车,301072.SZ,301072.SZ,中捷精工,2021-12-13,底盘与发动机系统
850923.SI,280203,底盘与发动机系统,280200,汽车零部件,280000,汽车,301119.SZ,301119.SZ,正强股份,2021-12-13,底盘与发动机系统
850923.SI,280203,底盘与发动机系统,280200,汽车零部件,280000,汽车,600148.SH,600148.SH,长春一东,2021-12-13,底盘与发动机系统
850923.SI,280203,底盘与发动机系统,280200,汽车零部件,280000,汽车,600178.SH,600178.SH,东安动力,2021-12-13,底盘与发动机系统
850923.SI,280203,底盘与发动机系统,280200,汽车零部件,280000,汽车,600218.SH,600218.SH,全柴动力,2021-12-13,底盘与发动机系统
850923.SI,280203,底盘与发动机系统,280200,汽车零部件,280000,汽车,600698.SH,600698.SH,湖南天雁,2021-12-13,底盘与发动机系统
850923.SI,280203,底盘与发动机系统,280200,汽车零部件,280000,汽车,600933.SH,600933.SH,爱柯迪,2021-12-13,底盘与发动机系统
850923.SI,280203,底盘与发动机系统,280200,汽车零部件,280000,汽车,600960.SH,600960.SH,渤海汽车,2021-12-13,底盘与发动机系统
850923.SI,280203,底盘与发动机系统,280200,汽车零部件,280000,汽车,601689.SH,601689.SH,拓普集团,2021-12-13,底盘与发动机系统
850923.SI,280203,底盘与发动机系统,280200,汽车零部件,280000,汽车,603009.SH,603009.SH,北特科技,2021-12-13,底盘与发动机系统
850923.SI,280203,底盘与发动机系统,280200,汽车零部件,280000,汽车,603013.SH,603013.SH,亚普股份,2021-12-13,底盘与发动机系统
850923.SI,280203,底盘与发动机系统,280200,汽车零部件,280000,汽车,603037.SH,603037.SH,凯众股份,2021-12-13,底盘与发动机系统
850923.SI,280203,底盘与发动机系统,280200,汽车零部件,280000,汽车,603040.SH,603040.SH,新坐标,2021-12-13,底盘与发动机系统
850923.SI,280203,底盘与发动机系统,280200,汽车零部件,280000,汽车,603089.SH,603089.SH,正裕工业,2021-12-13,底盘与发动机系统
850923.SI,280203,底盘与发动机系统,280200,汽车零部件,280000,汽车,603121.SH,603121.SH,华培动力,2021-12-13,底盘与发动机系统
850923.SI,280203,底盘与发动机系统,280200,汽车零部件,280000,汽车,603158.SH,603158.SH,腾龙股份,2021-12-13,底盘与发动机系统
850923.SI,280203,底盘与发动机系统,280200,汽车零部件,280000,汽车,603161.SH,603161.SH,科华控股,2021-12-13,底盘与发动机系统
850923.SI,280203,底盘与发动机系统,280200,汽车零部件,280000,汽车,603166.SH,603166.SH,福达股份,2021-12-13,底盘与发动机系统
850923.SI,280203,底盘与发动机系统,280200,汽车零部件,280000,汽车,603178.SH,603178.SH,圣龙股份,2021-12-13,底盘与发动机系统
850923.SI,280203,底盘与发动机系统,280200,汽车零部件,280000,汽车,603286.SH,603286.SH,日盈电子,2021-12-13,底盘与发动机系统
850923.SI,280203,底盘与发动机系统,280200,汽车零部件,280000,汽车,603305.SH,603305.SH,旭升集团,2021-12-13,底盘与发动机系统
850923.SI,280203,底盘与发动机系统,280200,汽车零部件,280000,汽车,603319.SH,603319.SH,美湖股份,2021-12-13,底盘与发动机系统
850923.SI,280203,底盘与发动机系统,280200,汽车零部件,280000,汽车,603586.SH,603586.SH,金麒麟,2021-12-13,底盘与发动机系统
850923.SI,280203,底盘与发动机系统,280200,汽车零部件,280000,汽车,603596.SH,603596.SH,伯特利,2021-12-13,底盘与发动机系统
850923.SI,280203,底盘与发动机系统,280200,汽车零部件,280000,汽车,603701.SH,603701.SH,德宏股份,2021-12-13,底盘与发动机系统
850923.SI,280203,底盘与发动机系统,280200,汽车零部件,280000,汽车,603758.SH,603758.SH,秦安股份,2021-12-13,底盘与发动机系统
850923.SI,280203,底盘与发动机系统,280200,汽车零部件,280000,汽车,603767.SH,603767.SH,中马传动,2021-12-13,底盘与发动机系统
850923.SI,280203,底盘与发动机系统,280200,汽车零部件,280000,汽车,603788.SH,603788.SH,宁波高发,2021-12-13,底盘与发动机系统
850923.SI,280203,底盘与发动机系统,280200,汽车零部件,280000,汽车,603809.SH,603809.SH,豪能股份,2021-12-13,底盘与发动机系统
850923.SI,280203,底盘与发动机系统,280200,汽车零部件,280000,汽车,603926.SH,603926.SH,铁流股份,2021-12-13,底盘与发动机系统
850923.SI,280203,底盘与发动机系统,280200,汽车零部件,280000,汽车,603949.SH,603949.SH,雪龙集团,2021-12-13,底盘与发动机系统
850923.SI,280203,底盘与发动机系统,280200,汽车零部件,280000,汽车,603950.SH,603950.SH,长源东谷,2021-12-13,底盘与发动机系统
850923.SI,280203,底盘与发动机系统,280200,汽车零部件,280000,汽车,603982.SH,603982.SH,泉峰汽车,2021-12-13,底盘与发动机系统
850923.SI,280203,底盘与发动机系统,280200,汽车零部件,280000,汽车,605088.SH,605088.SH,冠盛股份,2021-12-13,底盘与发动机系统
850923.SI,280203,底盘与发动机系统,280200,汽车零部件,280000,汽车,605133.SH,605133.SH,嵘泰股份,2021-12-13,底盘与发动机系统
850923.SI,280203,底盘与发动机系统,280200,汽车零部件,280000,汽车,605255.SH,605255.SH,天普股份,2021-12-13,底盘与发动机系统
850923.SI,280203,底盘与发动机系统,280200,汽车零部件,280000,汽车,688280.SH,688280.SH,精进电动,2021-12-13,底盘与发动机系统
850923.SI,280203,底盘与发动机系统,280200,汽车零部件,280000,汽车,000981.SZ,000981.SZ,山子高科,2022-08-01,底盘与发动机系统
850923.SI,280203,底盘与发动机系统,280200,汽车零部件,280000,汽车,301192.SZ,301192.SZ,泰祥股份,2022-08-11,底盘与发动机系统
850923.SI,280203,底盘与发动机系统,280200,汽车零部件,280000,汽车,001380.SZ,001380.SZ,华纬科技,2023-05-16,底盘与发动机系统
850923.SI,280203,底盘与发动机系统,280200,汽车零部件,280000,汽车,001282.SZ,001282.SZ,三联锻造,2023-05-24,底盘与发动机系统
850923.SI,280203,底盘与发动机系统,280200,汽车零部件,280000,汽车,301225.SZ,301225.SZ,恒勃股份,2023-06-16,底盘与发动机系统
850923.SI,280203,底盘与发动机系统,280200,汽车零部件,280000,汽车,301170.SZ,301170.SZ,锡南科技,2023-06-27,底盘与发动机系统
850923.SI,280203,底盘与发动机系统,280200,汽车零部件,280000,汽车,301397.SZ,301397.SZ,溯联股份,2023-06-28,底盘与发动机系统
850923.SI,280203,底盘与发动机系统,280200,汽车零部件,280000,汽车,002806.SZ,002806.SZ,华锋股份,2023-07-06,底盘与发动机系统
850923.SI,280203,底盘与发动机系统,280200,汽车零部件,280000,汽车,600841.SH,600841.SH,动力新科,2023-07-06,底盘与发动机系统
850923.SI,280203,底盘与发动机系统,280200,汽车零部件,280000,汽车,603107.SH,603107.SH,上海汽配,2023-11-01,底盘与发动机系统
850923.SI,280203,底盘与发动机系统,280200,汽车零部件,280000,汽车,301550.SZ,301550.SZ,斯菱智驱,2024-07-31,底盘与发动机系统
850923.SI,280203,底盘与发动机系统,280200,汽车零部件,280000,汽车,301229.SZ,301229.SZ,纽泰格,2024-11-19,底盘与发动机系统
850923.SI,280203,底盘与发动机系统,280200,汽车零部件,280000,汽车,301560.SZ,301560.SZ,众捷股份,2025-04-25,底盘与发动机系统
850923.SI,280203,底盘与发动机系统,280200,汽车零部件,280000,汽车,001285.SZ,001285.SZ,瑞立科密,2025-09-30,底盘与发动机系统
850923.SI,280203,底盘与发动机系统,280200,汽车零部件,280000,汽车,301667.SZ,301667.SZ,纳百川,2025-12-23,底盘与发动机系统
850923.SI,280203,底盘与发动机系统,280200,汽车零部件,280000,汽车,600151.SH,600151.SH,航天机电,2026-07-02,底盘与发动机系统
850923.SI,280203,底盘与发动机系统,280200,汽车零部件,280000,汽车,603007.SH,603007.SH,顺景科技,2026-07-02,底盘与发动机系统
850923.SI,280203,底盘与发动机系统,280200,汽车零部件,280000,汽车,603960.SH,603960.SH,克来机电,2026-07-02,底盘与发动机系统
850923.SI,280203,底盘与发动机系统,280200,汽车零部件,280000,汽车,603448.SH,603448.SH,天博智能,2026-09-07,底盘与发动机系统
850923.SI,280203,底盘与发动机系统,280200,汽车零部件,280000,汽车,000030.SZ,000030.SZ,富奥股份,2021-12-13,底盘与发动机系统
850924.SI,280204,轮胎轮毂,280200,汽车零部件,280000,汽车,000599.SZ,000599.SZ,青岛双星,2021-12-13,轮胎轮毂
850924.SI,280204,轮胎轮毂,280200,汽车零部件,280000,汽车,002085.SZ,002085.SZ,万丰奥威,2021-12-13,轮胎轮毂
850924.SI,280204,轮胎轮毂,280200,汽车零部件,280000,汽车,002355.SZ,002355.SZ,兴民智通,2021-12-13,轮胎轮毂
850924.SI,280204,轮胎轮毂,280200,汽车零部件,280000,汽车,002488.SZ,002488.SZ,金固股份,2021-12-13,轮胎轮毂
850924.SI,280204,轮胎轮毂,280200,汽车零部件,280000,汽车,002725.SZ,002725.SZ,跃岭股份,2021-12-13,轮胎轮毂
850924.SI,280204,轮胎轮毂,280200,汽车零部件,280000,汽车,002863.SZ,002863.SZ,今飞凯达,2021-12-13,轮胎轮毂
850924.SI,280204,轮胎轮毂,280200,汽车零部件,280000,汽车,002984.SZ,002984.SZ,森麒麟,2021-12-13,轮胎轮毂
850924.SI,280204,轮胎轮毂,280200,汽车零部件,280000,汽车,300428.SZ,300428.SZ,立中集团,2021-12-13,轮胎轮毂
850924.SI,280204,轮胎轮毂,280200,汽车零部件,280000,汽车,300652.SZ,300652.SZ,雷迪克,2021-12-13,轮胎轮毂
850924.SI,280204,轮胎轮毂,280200,汽车零部件,280000,汽车,300695.SZ,300695.SZ,兆丰股份,2021-12-13,轮胎轮毂
850924.SI,280204,轮胎轮毂,280200,汽车零部件,280000,汽车,600182.SH,600182.SH,S佳通,2021-12-13,轮胎轮毂
850924.SI,280204,轮胎轮毂,280200,汽车零部件,280000,汽车,600469.SH,600469.SH,风神股份,2021-12-13,轮胎轮毂
850924.SI,280204,轮胎轮毂,280200,汽车零部件,280000,汽车,601058.SH,601058.SH,赛轮轮胎,2021-12-13,轮胎轮毂
850924.SI,280204,轮胎轮毂,280200,汽车零部件,280000,汽车,601163.SH,601163.SH,三角轮胎,2021-12-13,轮胎轮毂
850924.SI,280204,轮胎轮毂,280200,汽车零部件,280000,汽车,601500.SH,601500.SH,通用股份,2021-12-13,轮胎轮毂
850924.SI,280204,轮胎轮毂,280200,汽车零部件,280000,汽车,601966.SH,601966.SH,玲珑轮胎,2021-12-13,轮胎轮毂
850924.SI,280204,轮胎轮毂,280200,汽车零部件,280000,汽车,603335.SH,603335.SH,迪生力,2021-12-13,轮胎轮毂
850924.SI,280204,轮胎轮毂,280200,汽车零部件,280000,汽车,301539.SZ,301539.SZ,宏鑫科技,2024-04-15,轮胎轮毂
850924.SI,280204,轮胎轮毂,280200,汽车零部件,280000,汽车,603049.SH,603049.SH,中策橡胶,2025-06-05,轮胎轮毂
850924.SI,280204,轮胎轮毂,280200,汽车零部件,280000,汽车,001233.SZ,001233.SZ,海安集团,2025-11-25,轮胎轮毂
850924.SI,280204,轮胎轮毂,280200,汽车零部件,280000,汽车,000589.SZ,000589.SZ,贵州轮胎,2021-12-13,轮胎轮毂
850925.SI,280205,其他汽车零部件,280200,汽车零部件,280000,汽车,002101.SZ,002101.SZ,广东鸿图,2021-12-13,其他汽车零部件
850925.SI,280205,其他汽车零部件,280200,汽车零部件,280000,汽车,002328.SZ,002328.SZ,新朋股份,2021-12-13,其他汽车零部件
850925.SI,280205,其他汽车零部件,280200,汽车零部件,280000,汽车,002510.SZ,002510.SZ,天汽模,2021-12-13,其他汽车零部件
850925.SI,280205,其他汽车零部件,280200,汽车零部件,280000,汽车,002921.SZ,002921.SZ,联诚精密,2021-12-13,其他汽车零部件
850925.SI,280205,其他汽车零部件,280200,汽车零部件,280000,汽车,002997.SZ,002997.SZ,瑞鹄模具,2021-12-13,其他汽车零部件
850925.SI,280205,其他汽车零部件,280200,汽车零部件,280000,汽车,300473.SZ,300473.SZ,德尔股份,2021-12-13,其他汽车零部件
850925.SI,280205,其他汽车零部件,280200,汽车零部件,280000,汽车,300643.SZ,300643.SZ,万通智控,2021-12-13,其他汽车零部件
850925.SI,280205,其他汽车零部件,280200,汽车零部件,280000,汽车,300707.SZ,300707.SZ,威唐工业,2021-12-13,其他汽车零部件
850925.SI,280205,其他汽车零部件,280200,汽车零部件,280000,汽车,300816.SZ,300816.SZ,艾可蓝,2021-12-13,其他汽车零部件
850925.SI,280205,其他汽车零部件,280200,汽车零部件,280000,汽车,300912.SZ,300912.SZ,凯龙高科,2021-12-13,其他汽车零部件
850925.SI,280205,其他汽车零部件,280200,汽车零部件,280000,汽车,300926.SZ,300926.SZ,博俊科技,2021-12-13,其他汽车零部件
850925.SI,280205,其他汽车零部件,280200,汽车零部件,280000,汽车,300998.SZ,300998.SZ,宁波方正,2021-12-13,其他汽车零部件
850925.SI,280205,其他汽车零部件,280200,汽车零部件,280000,汽车,301000.SZ,301000.SZ,肇民科技,2021-12-13,其他汽车零部件
850925.SI,280205,其他汽车零部件,280200,汽车零部件,280000,汽车,301005.SZ,301005.SZ,超捷股份,2021-12-13,其他汽车零部件
850925.SI,280205,其他汽车零部件,280200,汽车零部件,280000,汽车,301022.SZ,301022.SZ,海泰科,2021-12-13,其他汽车零部件
850925.SI,280205,其他汽车零部件,280200,汽车零部件,280000,汽车,600480.SH,600480.SH,凌云股份,2021-12-13,其他汽车零部件
850925.SI,280205,其他汽车零部件,280200,汽车零部件,280000,汽车,600523.SH,600523.SH,贵航股份,2021-12-13,其他汽车零部件
850925.SI,280205,其他汽车零部件,280200,汽车零部件,280000,汽车,601279.SH,601279.SH,英利汽车,2021-12-13,其他汽车零部件
850925.SI,280205,其他汽车零部件,280200,汽车零部件,280000,汽车,603006.SH,603006.SH,联明股份,2021-12-13,其他汽车零部件
850925.SI,280205,其他汽车零部件,280200,汽车零部件,280000,汽车,603048.SH,603048.SH,浙江黎明,2021-12-13,其他汽车零部件
850925.SI,280205,其他汽车零部件,280200,汽车零部件,280000,汽车,603109.SH,603109.SH,神驰机电,2021-12-13,其他汽车零部件
850925.SI,280205,其他汽车零部件,280200,汽车零部件,280000,汽车,603197.SH,603197.SH,保隆科技,2021-12-13,其他汽车零部件
850925.SI,280205,其他汽车零部件,280200,汽车零部件,280000,汽车,603239.SH,603239.SH,浙江仙通,2021-12-13,其他汽车零部件
850925.SI,280205,其他汽车零部件,280200,汽车零部件,280000,汽车,603348.SH,603348.SH,文灿股份,2021-12-13,其他汽车零部件
850925.SI,280205,其他汽车零部件,280200,汽车零部件,280000,汽车,603358.SH,603358.SH,华达科技,2021-12-13,其他汽车零部件
850925.SI,280205,其他汽车零部件,280200,汽车零部件,280000,汽车,603655.SH,603655.SH,朗博科技,2021-12-13,其他汽车零部件
850925.SI,280205,其他汽车零部件,280200,汽车零部件,280000,汽车,603768.SH,603768.SH,常青股份,2021-12-13,其他汽车零部件
850925.SI,280205,其他汽车零部件,280200,汽车零部件,280000,汽车,603917.SH,603917.SH,合力科技,2021-12-13,其他汽车零部件
850925.SI,280205,其他汽车零部件,280200,汽车零部件,280000,汽车,603922.SH,603922.SH,ST金鸿顺,2021-12-13,其他汽车零部件
850925.SI,280205,其他汽车零部件,280200,汽车零部件,280000,汽车,605018.SH,605018.SH,长华集团,2021-12-13,其他汽车零部件
850925.SI,280205,其他汽车零部件,280200,汽车零部件,280000,汽车,605319.SH,605319.SH,无锡振华,2021-12-13,其他汽车零部件
850925.SI,280205,其他汽车零部件,280200,汽车零部件,280000,汽车,688021.SH,688021.SH,奥福科技,2021-12-13,其他汽车零部件
850925.SI,280205,其他汽车零部件,280200,汽车零部件,280000,汽车,688737.SH,688737.SH,中自科技,2021-12-13,其他汽车零部件
850925.SI,280205,其他汽车零部件,280200,汽车零部件,280000,汽车,301186.SZ,301186.SZ,超达装备,2021-12-23,其他汽车零部件
850925.SI,280205,其他汽车零部件,280200,汽车零部件,280000,汽车,301181.SZ,301181.SZ,标榜股份,2022-02-21,其他汽车零部件
850925.SI,280205,其他汽车零部件,280200,汽车零部件,280000,汽车,301298.SZ,301298.SZ,东利机械,2022-06-06,其他汽车零部件
850925.SI,280205,其他汽车零部件,280200,汽车零部件,280000,汽车,301233.SZ,301233.SZ,盛帮股份,2022-07-06,其他汽车零部件
850925.SI,280205,其他汽车零部件,280200,汽车零部件,280000,汽车,603211.SH,603211.SH,晋拓股份,2022-07-25,其他汽车零部件
850925.SI,280205,其他汽车零部件,280200,汽车零部件,280000,汽车,002190.SZ,002190.SZ,成飞集成,2022-08-01,其他汽车零部件
850925.SI,280205,其他汽车零部件,280200,汽车零部件,280000,汽车,002547.SZ,002547.SZ,*ST春兴,2022-08-01,其他汽车零部件
850925.SI,280205,其他汽车零部件,280200,汽车零部件,280000,汽车,002965.SZ,002965.SZ,祥鑫科技,2022-08-01,其他汽车零部件
850925.SI,280205,其他汽车零部件,280200,汽车零部件,280000,汽车,002976.SZ,002976.SZ,瑞玛精密,2022-08-01,其他汽车零部件
850925.SI,280205,其他汽车零部件,280200,汽车零部件,280000,汽车,300237.SZ,300237.SZ,ST美晨,2022-08-01,其他汽车零部件
850925.SI,280205,其他汽车零部件,280200,汽车零部件,280000,汽车,300969.SZ,300969.SZ,恒帅股份,2022-08-01,其他汽车零部件
850925.SI,280205,其他汽车零部件,280200,汽车零部件,280000,汽车,603190.SH,603190.SH,亚通精工,2023-02-17,其他汽车零部件
850925.SI,280205,其他汽车零部件,280200,汽车零部件,280000,汽车,001311.SZ,001311.SZ,多利科技,2023-02-27,其他汽车零部件
850925.SI,280205,其他汽车零部件,280200,汽车零部件,280000,汽车,603119.SH,603119.SH,浙江荣泰,2023-08-01,其他汽车零部件
850925.SI,280205,其他汽车零部件,280200,汽车零部件,280000,汽车,603201.SH,603201.SH,常润股份,2024-07-31,其他汽车零部件
850925.SI,280205,其他汽车零部件,280200,汽车零部件,280000,汽车,301613.SZ,301613.SZ,新铝时代,2024-10-25,其他汽车零部件
850925.SI,280205,其他汽车零部件,280200,汽车零部件,280000,汽车,301535.SZ,301535.SZ,浙江华远,2025-03-27,其他汽车零部件
850925.SI,280205,其他汽车零部件,280200,汽车零部件,280000,汽车,603210.SH,603210.SH,泰鸿万立,2025-04-09,其他汽车零部件
850925.SI,280205,其他汽车零部件,280200,汽车零部件,280000,汽车,002765.SZ,002765.SZ,蓝黛科技,2025-08-13,其他汽车零部件
850925.SI,280205,其他汽车零部件,280200,汽车零部件,280000,汽车,603352.SH,603352.SH,至信股份,2026-01-15,其他汽车零部件
850925.SI,280205,其他汽车零部件,280200,汽车零部件,280000,汽车,301680.SZ,301680.SZ,固德电材,2026-03-06,其他汽车零部件
850925.SI,280205,其他汽车零部件,280200,汽车零部件,280000,汽车,000887.SZ,000887.SZ,中鼎股份,2021-12-13,其他汽车零部件
850926.SI,280206,汽车电子电气系统,280200,汽车零部件,280000,汽车,002239.SZ,002239.SZ,奥特佳,2021-12-13,汽车电子电气系统
850926.SI,280206,汽车电子电气系统,280200,汽车零部件,280000,汽车,002454.SZ,002454.SZ,松芝股份,2021-12-13,汽车电子电气系统
850926.SI,280206,汽车电子电气系统,280200,汽车零部件,280000,汽车,002664.SZ,002664.SZ,信质集团,2021-12-13,汽车电子电气系统
850926.SI,280206,汽车电子电气系统,280200,汽车零部件,280000,汽车,002766.SZ,002766.SZ,索菱股份,2021-12-13,汽车电子电气系统
850926.SI,280206,汽车电子电气系统,280200,汽车零部件,280000,汽车,002813.SZ,002813.SZ,路畅科技,2021-12-13,汽车电子电气系统
850926.SI,280206,汽车电子电气系统,280200,汽车零部件,280000,汽车,002906.SZ,002906.SZ,华阳集团,2021-12-13,汽车电子电气系统
850926.SI,280206,汽车电子电气系统,280200,汽车零部件,280000,汽车,300304.SZ,300304.SZ,云意电气,2021-12-13,汽车电子电气系统
850926.SI,280206,汽车电子电气系统,280200,汽车零部件,280000,汽车,300681.SZ,300681.SZ,英搏尔,2021-12-13,汽车电子电气系统
850926.SI,280206,汽车电子电气系统,280200,汽车零部件,280000,汽车,300863.SZ,300863.SZ,卡倍亿,2021-12-13,汽车电子电气系统
850926.SI,280206,汽车电子电气系统,280200,汽车零部件,280000,汽车,300928.SZ,300928.SZ,华安鑫创,2021-12-13,汽车电子电气系统
850926.SI,280206,汽车电子电气系统,280200,汽车零部件,280000,汽车,301221.SZ,301221.SZ,光庭信息,2021-12-13,汽车电子电气系统
850926.SI,280206,汽车电子电气系统,280200,汽车零部件,280000,汽车,600699.SH,600699.SH,均胜电子,2021-12-13,汽车电子电气系统
850926.SI,280206,汽车电子电气系统,280200,汽车零部件,280000,汽车,603023.SH,603023.SH,威帝股份,2021-12-13,汽车电子电气系统
850926.SI,280206,汽车电子电气系统,280200,汽车零部件,280000,汽车,603179.SH,603179.SH,新泉股份,2021-12-13,汽车电子电气系统
850926.SI,280206,汽车电子电气系统,280200,汽车零部件,280000,汽车,603390.SH,603390.SH,通达电气,2021-12-13,汽车电子电气系统
850926.SI,280206,汽车电子电气系统,280200,汽车零部件,280000,汽车,603786.SH,603786.SH,科博达,2021-12-13,汽车电子电气系统
850926.SI,280206,汽车电子电气系统,280200,汽车零部件,280000,汽车,605005.SH,605005.SH,合兴股份,2021-12-13,汽车电子电气系统
850926.SI,280206,汽车电子电气系统,280200,汽车零部件,280000,汽车,605333.SH,605333.SH,沪光股份,2021-12-13,汽车电子电气系统
850926.SI,280206,汽车电子电气系统,280200,汽车零部件,280000,汽车,688533.SH,688533.SH,上声电子,2021-12-13,汽车电子电气系统
850926.SI,280206,汽车电子电气系统,280200,汽车零部件,280000,汽车,688667.SH,688667.SH,菱电电控,2021-12-13,汽车电子电气系统
850926.SI,280206,汽车电子电气系统,280200,汽车零部件,280000,汽车,000901.SZ,000901.SZ,航天科技,2022-08-01,汽车电子电气系统
850926.SI,280206,汽车电子电气系统,280200,汽车零部件,280000,汽车,002870.SZ,002870.SZ,香山股份,2022-08-01,汽车电子电气系统
850926.SI,280206,汽车电子电气系统,280200,汽车零部件,280000,汽车,300745.SZ,300745.SZ,欣锐科技,2022-08-01,汽车电子电气系统
850926.SI,280206,汽车电子电气系统,280200,汽车零部件,280000,汽车,301310.SZ,301310.SZ,鑫宏业,2023-06-02,汽车电子电气系统
850926.SI,280206,汽车电子电气系统,280200,汽车零部件,280000,汽车,301488.SZ,301488.SZ,豪恩汽电,2023-07-04,汽车电子电气系统
850926.SI,280206,汽车电子电气系统,280200,汽车零部件,280000,汽车,301499.SZ,301499.SZ,维科精密,2023-07-21,汽车电子电气系统
850926.SI,280206,汽车电子电气系统,280200,汽车零部件,280000,汽车,688612.SH,688612.SH,威迈斯,2023-07-26,汽车电子电气系统
850926.SI,280206,汽车电子电气系统,280200,汽车零部件,280000,汽车,002937.SZ,002937.SZ,兴瑞科技,2024-07-31,汽车电子电气系统
850926.SI,280206,汽车电子电气系统,280200,汽车零部件,280000,汽车,600651.SH,600651.SH,飞乐音响,2024-07-31,汽车电子电气系统
850926.SI,280206,汽车电子电气系统,280200,汽车零部件,280000,汽车,301607.SZ,301607.SZ,富特科技,2024-09-04,汽车电子电气系统
850926.SI,280206,汽车电子电气系统,280200,汽车零部件,280000,汽车,301631.SZ,301631.SZ,壹连科技,2024-11-22,汽车电子电气系统
850926.SI,280206,汽车电子电气系统,280200,汽车零部件,280000,汽车,301581.SZ,301581.SZ,黄山谷捷,2025-01-03,汽车电子电气系统
850926.SI,280206,汽车电子电气系统,280200,汽车零部件,280000,汽车,603202.SH,603202.SH,天有为,2025-04-24,汽车电子电气系统
850926.SI,280206,汽车电子电气系统,280200,汽车零部件,280000,汽车,301656.SZ,301656.SZ,联合动力,2025-09-25,汽车电子电气系统
850926.SI,280206,汽车电子电气系统,280200,汽车零部件,280000,汽车,603376.SH,603376.SH,大明电子,2025-11-07,汽车电子电气系统
850926.SI,280206,汽车电子电气系统,280200,汽车零部件,280000,汽车,603293.SH,603293.SH,埃泰克,2026-04-16,汽车电子电气系统
850926.SI,280206,汽车电子电气系统,280200,汽车零部件,280000,汽车,001365.SZ,001365.SZ,天海电子,2026-05-18,汽车电子电气系统
850926.SI,280206,汽车电子电气系统,280200,汽车零部件,280000,汽车,301655.SZ,301655.SZ,绿控传动,2026-08-20,汽车电子电气系统
850926.SI,280206,汽车电子电气系统,280200,汽车零部件,280000,汽车,000980.SZ,000980.SZ,众泰汽车,2021-12-13,汽车电子电气系统
850232.SI,280302,汽车经销商,280300,汽车服务,280000,汽车,600386.SH,600386.SH,北巴传媒,2021-12-13,汽车经销商
850232.SI,280302,汽车经销商,280300,汽车服务,280000,汽车,600653.SH,600653.SH,申华控股,2021-12-13,汽车经销商
850232.SI,280302,汽车经销商,280300,汽车服务,280000,汽车,600822.SH,600822.SH,上海物贸,2021-12-13,汽车经销商
850232.SI,280302,汽车经销商,280300,汽车服务,280000,汽车,600335.SH,600335.SH,国机汽车,2021-12-13,汽车经销商
850233.SI,280303,汽车综合服务,280300,汽车服务,280000,汽车,300825.SZ,300825.SZ,阿尔特,2021-12-13,汽车综合服务
850233.SI,280303,汽车综合服务,280300,汽车服务,280000,汽车,601965.SH,601965.SH,中国汽研,2021-12-13,汽车综合服务
850233.SI,280303,汽车综合服务,280300,汽车服务,280000,汽车,301215.SZ,301215.SZ,中汽股份,2022-03-08,汽车综合服务
850233.SI,280303,汽车综合服务,280300,汽车服务,280000,汽车,600676.SH,600676.SH,久事动娱,2024-07-31,汽车综合服务
850233.SI,280303,汽车综合服务,280300,汽车服务,280000,汽车,000757.SZ,000757.SZ,浩物股份,2021-12-13,汽车综合服务
858811.SI,280401,其他运输设备,280400,摩托车及其他,280000,汽车,300994.SZ,300994.SZ,久祺股份,2021-12-13,其他运输设备
858811.SI,280401,其他运输设备,280400,摩托车及其他,280000,汽车,600099.SH,600099.SH,林海股份,2021-12-13,其他运输设备
858811.SI,280401,其他运输设备,280400,摩托车及其他,280000,汽车,600679.SH,600679.SH,上海凤凰,2021-12-13,其他运输设备
858811.SI,280401,其他运输设备,280400,摩托车及其他,280000,汽车,603529.SH,603529.SH,爱玛科技,2021-12-13,其他运输设备
858811.SI,280401,其他运输设备,280400,摩托车及其他,280000,汽车,600818.SH,600818.SH,ST中路,2022-08-01,其他运输设备
858811.SI,280401,其他运输设备,280400,摩托车及其他,280000,汽车,301322.SZ,301322.SZ,绿通科技,2023-03-06,其他运输设备
858811.SI,280401,其他运输设备,280400,摩托车及其他,280000,汽车,603468.SH,603468.SH,津富士达,2026-08-06,其他运输设备
858811.SI,280401,其他运输设备,280400,摩托车及其他,280000,汽车,002105.SZ,002105.SZ,信隆健康,2021-12-13,其他运输设备
858812.SI,280402,摩托车,280400,摩托车及其他,280000,汽车,003033.SZ,003033.SZ,征和工业,2021-12-13,摩托车
858812.SI,280402,摩托车,280400,摩托车及其他,280000,汽车,601777.SH,601777.SH,千里科技,2021-12-13,摩托车
858812.SI,280402,摩托车,280400,摩托车及其他,280000,汽车,603129.SH,603129.SH,春风动力,2021-12-13,摩托车
858812.SI,280402,摩托车,280400,摩托车及其他,280000,汽车,603766.SH,603766.SH,隆鑫通用,2021-12-13,摩托车
858812.SI,280402,摩托车,280400,摩托车及其他,280000,汽车,603776.SH,603776.SH,永安行,2021-12-13,摩托车
858812.SI,280402,摩托车,280400,摩托车及其他,280000,汽车,603787.SH,603787.SH,新日股份,2021-12-13,摩托车
858812.SI,280402,摩托车,280400,摩托车及其他,280000,汽车,301345.SZ,301345.SZ,涛涛车业,2023-03-20,摩托车
858812.SI,280402,摩托车,280400,摩托车及其他,280000,汽车,000913.SZ,000913.SZ,钱江摩托,2021-12-13,摩托车
850951.SI,280501,电动乘用车,280500,乘用车,280000,汽车,600733.SH,600733.SH,北汽蓝谷,2022-08-01,电动乘用车
850951.SI,280501,电动乘用车,280500,乘用车,280000,汽车,601127.SH,601127.SH,赛力斯,2024-07-31,电动乘用车
850951.SI,280501,电动乘用车,280500,乘用车,280000,汽车,002594.SZ,002594.SZ,比亚迪,2021-12-13,电动乘用车
850952.SI,280502,综合乘用车,280500,乘用车,280000,汽车,000625.SZ,000625.SZ,长安汽车,2021-12-13,综合乘用车
850952.SI,280502,综合乘用车,280500,乘用车,280000,汽车,600104.SH,600104.SH,上汽集团,2021-12-13,综合乘用车
850952.SI,280502,综合乘用车,280500,乘用车,280000,汽车,601238.SH,601238.SH,广汽集团,2021-12-13,综合乘用车
850952.SI,280502,综合乘用车,280500,乘用车,280000,汽车,601633.SH,601633.SH,长城汽车,2021-12-13,综合乘用车
850952.SI,280502,综合乘用车,280500,乘用车,280000,汽车,000572.SZ,000572.SZ,海马汽车,2021-12-13,综合乘用车
850912.SI,280601,商用载货车,280600,商用车,280000,汽车,000800.SZ,000800.SZ,一汽解放,2021-12-13,商用载货车
850912.SI,280601,商用载货车,280600,商用车,280000,汽车,000951.SZ,000951.SZ,中国重汽,2021-12-13,商用载货车
850912.SI,280601,商用载货车,280600,商用车,280000,汽车,301039.SZ,301039.SZ,中集车辆,2021-12-13,商用载货车
850912.SI,280601,商用载货车,280600,商用车,280000,汽车,600006.SH,600006.SH,东风股份,2021-12-13,商用载货车
850912.SI,280601,商用载货车,280600,商用车,280000,汽车,600166.SH,600166.SH,福田汽车,2021-12-13,商用载货车
850912.SI,280601,商用载货车,280600,商用车,280000,汽车,600418.SH,600418.SH,江淮汽车,2021-12-13,商用载货车
850912.SI,280601,商用载货车,280600,商用车,280000,汽车,600375.SH,600375.SH,汉马科技,2023-07-06,商用载货车
850912.SI,280601,商用载货车,280600,商用车,280000,汽车,000550.SZ,000550.SZ,江铃汽车,2021-12-13,商用载货车
850913.SI,280602,商用载客车,280600,商用车,280000,汽车,000957.SZ,000957.SZ,中通客车,2021-12-13,商用载客车
850913.SI,280602,商用载客车,280600,商用车,280000,汽车,600066.SH,600066.SH,宇通客车,2021-12-13,商用载客车
850913.SI,280602,商用载客车,280600,商用车,280000,汽车,600303.SH,600303.SH,曙光股份,2021-12-13,商用载客车
850913.SI,280602,商用载客车,280600,商用车,280000,汽车,600686.SH,600686.SH,金龙汽车,2021-12-13,商用载客车
850913.SI,280602,商用载客车,280600,商用车,280000,汽车,000868.SZ,000868.SZ,安凯客车,2021-12-13,商用载客车
851112.SI,330102,空调,330100,白色家电,330000,家用电器,000651.SZ,000651.SZ,格力电器,2021-12-13,空调
851112.SI,330102,空调,330100,白色家电,330000,家用电器,000921.SZ,000921.SZ,海信家电,2021-12-13,空调
851112.SI,330102,空调,330100,白色家电,330000,家用电器,600854.SH,600854.SH,春兰股份,2026-07-02,空调
851112.SI,330102,空调,330100,白色家电,330000,家用电器,000333.SZ,000333.SZ,美的集团,2021-12-13,空调
851116.SI,330106,冰洗,330100,白色家电,330000,家用电器,002668.SZ,002668.SZ,TCL智家,2021-12-13,冰洗
851116.SI,330106,冰洗,330100,白色家电,330000,家用电器,600336.SH,600336.SH,澳柯玛,2021-12-13,冰洗
851116.SI,330106,冰洗,330100,白色家电,330000,家用电器,600690.SH,600690.SH,海尔智家,2021-12-13,冰洗
851116.SI,330106,冰洗,330100,白色家电,330000,家用电器,600983.SH,600983.SH,惠而浦,2021-12-13,冰洗
851116.SI,330106,冰洗,330100,白色家电,330000,家用电器,001387.SZ,001387.SZ,雪祺电气,2024-01-11,冰洗
851116.SI,330106,冰洗,330100,白色家电,330000,家用电器,000016.SZ,000016.SZ,*ST康佳A,2024-07-31,冰洗
851116.SI,330106,冰洗,330100,白色家电,330000,家用电器,000521.SZ,000521.SZ,长虹美菱,2021-12-13,冰洗
851121.SI,330201,彩电,330200,黑色家电,330000,家用电器,600060.SH,600060.SH,海信视像,2021-12-13,彩电
851121.SI,330201,彩电,330200,黑色家电,330000,家用电器,600839.SH,600839.SH,四川长虹,2021-12-13,彩电
851121.SI,330201,彩电,330200,黑色家电,330000,家用电器,002848.SZ,002848.SZ,高斯贝尔,2024-07-31,彩电
851121.SI,330201,彩电,330200,黑色家电,330000,家用电器,002429.SZ,002429.SZ,兆驰股份,2021-12-13,彩电
851122.SI,330202,其他黑色家电,330200,黑色家电,330000,家用电器,000810.SZ,000810.SZ,创维数字,2021-12-13,其他黑色家电
851122.SI,330202,其他黑色家电,330200,黑色家电,330000,家用电器,688609.SH,688609.SH,九联科技,2021-12-13,其他黑色家电
851122.SI,330202,其他黑色家电,330200,黑色家电,330000,家用电器,301578.SZ,301578.SZ,辰奕智能,2023-12-28,其他黑色家电
851122.SI,330202,其他黑色家电,330200,黑色家电,330000,家用电器,688696.SH,688696.SH,极米科技,2024-07-31,其他黑色家电
851122.SI,330202,其他黑色家电,330200,黑色家电,330000,家用电器,000801.SZ,000801.SZ,四川九洲,2021-12-13,其他黑色家电
851131.SI,330301,厨房小家电,330300,小家电,330000,家用电器,002032.SZ,002032.SZ,苏泊尔,2021-12-13,厨房小家电
851131.SI,330301,厨房小家电,330300,小家电,330000,家用电器,002242.SZ,002242.SZ,九阳股份,2021-12-13,厨房小家电
851131.SI,330301,厨房小家电,330300,小家电,330000,家用电器,002403.SZ,002403.SZ,爱仕达,2021-12-13,厨房小家电
851131.SI,330301,厨房小家电,330300,小家电,330000,家用电器,002705.SZ,002705.SZ,新宝股份,2021-12-13,厨房小家电
851131.SI,330301,厨房小家电,330300,小家电,330000,家用电器,002959.SZ,002959.SZ,小熊电器,2021-12-13,厨房小家电
851131.SI,330301,厨房小家电,330300,小家电,330000,家用电器,300824.SZ,300824.SZ,北鼎股份,2021-12-13,厨房小家电
851131.SI,330301,厨房小家电,330300,小家电,330000,家用电器,603215.SH,603215.SH,比依股份,2022-02-18,厨房小家电
851131.SI,330301,厨房小家电,330300,小家电,330000,家用电器,001259.SZ,001259.SZ,利仁科技,2022-08-31,厨房小家电
851131.SI,330301,厨房小家电,330300,小家电,330000,家用电器,002005.SZ,002005.SZ,德豪润达,2021-12-13,厨房小家电
851132.SI,330302,清洁小家电,330300,小家电,330000,家用电器,603355.SH,603355.SH,莱克电气,2021-12-13,清洁小家电
851132.SI,330302,清洁小家电,330300,小家电,330000,家用电器,603486.SH,603486.SH,科沃斯,2021-12-13,清洁小家电
851132.SI,330302,清洁小家电,330300,小家电,330000,家用电器,605555.SH,605555.SH,德昌股份,2021-12-13,清洁小家电
851132.SI,330302,清洁小家电,330300,小家电,330000,家用电器,688169.SH,688169.SH,石头科技,2021-12-13,清洁小家电
851132.SI,330302,清洁小家电,330300,小家电,330000,家用电器,301187.SZ,301187.SZ,欧圣电气,2022-04-22,清洁小家电
851132.SI,330302,清洁小家电,330300,小家电,330000,家用电器,301332.SZ,301332.SZ,德尔玛,2023-05-18,清洁小家电
851132.SI,330302,清洁小家电,330300,小家电,330000,家用电器,300272.SZ,300272.SZ,开能健康,2024-05-22,清洁小家电
851132.SI,330302,清洁小家电,330300,小家电,330000,家用电器,603219.SH,603219.SH,富佳股份,2021-12-13,清洁小家电
851133.SI,330303,个护小家电,330300,小家电,330000,家用电器,688793.SH,688793.SH,倍轻松,2021-12-13,个护小家电
851133.SI,330303,个护小家电,330300,小家电,330000,家用电器,003023.SZ,003023.SZ,彩虹集团,2024-07-31,个护小家电
851133.SI,330303,个护小家电,330300,小家电,330000,家用电器,603868.SH,603868.SH,飞科电器,2021-12-13,个护小家电
851141.SI,330401,厨房电器,330400,厨卫电器,330000,家用电器,002508.SZ,002508.SZ,老板电器,2021-12-13,厨房电器
851141.SI,330401,厨房电器,330400,厨卫电器,330000,家用电器,002677.SZ,002677.SZ,浙江美大,2021-12-13,厨房电器
851141.SI,330401,厨房电器,330400,厨卫电器,330000,家用电器,300894.SZ,300894.SZ,火星人,2021-12-13,厨房电器
851141.SI,330401,厨房电器,330400,厨卫电器,330000,家用电器,300911.SZ,300911.SZ,亿田智能,2021-12-13,厨房电器
851141.SI,330401,厨房电器,330400,厨卫电器,330000,家用电器,605336.SH,605336.SH,*ST帅电,2021-12-13,厨房电器
851141.SI,330401,厨房电器,330400,厨卫电器,330000,家用电器,002035.SZ,002035.SZ,华帝股份,2021-12-13,厨房电器
851142.SI,330402,卫浴电器,330400,厨卫电器,330000,家用电器,603366.SH,603366.SH,日出东方,2021-12-13,卫浴电器
851142.SI,330402,卫浴电器,330400,厨卫电器,330000,家用电器,603551.SH,603551.SH,奥普科技,2021-12-13,卫浴电器
851142.SI,330402,卫浴电器,330400,厨卫电器,330000,家用电器,002543.SZ,002543.SZ,万和电气,2021-12-13,卫浴电器
851151.SI,330501,照明设备Ⅲ,330500,照明设备Ⅱ,330000,家用电器,002076.SZ,002076.SZ,星光股份,2021-12-13,照明设备Ⅲ
851151.SI,330501,照明设备Ⅲ,330500,照明设备Ⅱ,330000,家用电器,002723.SZ,002723.SZ,小崧股份,2021-12-13,照明设备Ⅲ
851151.SI,330501,照明设备Ⅲ,330500,照明设备Ⅱ,330000,家用电器,300625.SZ,300625.SZ,三雄极光,2021-12-13,照明设备Ⅲ
851151.SI,330501,照明设备Ⅲ,330500,照明设备Ⅱ,330000,家用电器,600261.SH,600261.SH,阳光照明,2021-12-13,照明设备Ⅲ
851151.SI,330501,照明设备Ⅲ,330500,照明设备Ⅱ,330000,家用电器,603303.SH,603303.SH,得邦照明,2021-12-13,照明设备Ⅲ
851151.SI,330501,照明设备Ⅲ,330500,照明设备Ⅱ,330000,家用电器,603515.SH,603515.SH,欧普照明,2021-12-13,照明设备Ⅲ
851151.SI,330501,照明设备Ⅲ,330500,照明设备Ⅱ,330000,家用电器,605365.SH,605365.SH,立达信,2021-12-13,照明设备Ⅲ
851151.SI,330501,照明设备Ⅲ,330500,照明设备Ⅱ,330000,家用电器,301362.SZ,301362.SZ,民爆光电,2023-08-04,照明设备Ⅲ
851151.SI,330501,照明设备Ⅲ,330500,照明设备Ⅱ,330000,家用电器,001326.SZ,001326.SZ,联域股份,2023-11-09,照明设备Ⅲ
851151.SI,330501,照明设备Ⅲ,330500,照明设备Ⅱ,330000,家用电器,002638.SZ,002638.SZ,勤上股份,2024-07-31,照明设备Ⅲ
851151.SI,330501,照明设备Ⅲ,330500,照明设备Ⅱ,330000,家用电器,002724.SZ,002724.SZ,海洋王,2024-07-31,照明设备Ⅲ
851151.SI,330501,照明设备Ⅲ,330500,照明设备Ⅱ,330000,家用电器,000541.SZ,000541.SZ,佛山照明,2021-12-13,照明设备Ⅲ
851161.SI,330601,家电零部件Ⅲ,330600,家电零部件Ⅱ,330000,家用电器,002011.SZ,002011.SZ,盾安环境,2021-12-13,家电零部件Ⅲ
851161.SI,330601,家电零部件Ⅲ,330600,家电零部件Ⅱ,330000,家用电器,002050.SZ,002050.SZ,三花智控,2021-12-13,家电零部件Ⅲ
851161.SI,330601,家电零部件Ⅲ,330600,家电零部件Ⅱ,330000,家用电器,002290.SZ,002290.SZ,禾盛新材,2021-12-13,家电零部件Ⅲ
851161.SI,330601,家电零部件Ⅲ,330600,家电零部件Ⅱ,330000,家用电器,002418.SZ,002418.SZ,康盛股份,2021-12-13,家电零部件Ⅲ
851161.SI,330601,家电零部件Ⅲ,330600,家电零部件Ⅱ,330000,家用电器,002676.SZ,002676.SZ,顺威股份,2021-12-13,家电零部件Ⅲ
851161.SI,330601,家电零部件Ⅲ,330600,家电零部件Ⅱ,330000,家用电器,002860.SZ,002860.SZ,星帅尔,2021-12-13,家电零部件Ⅲ
851161.SI,330601,家电零部件Ⅲ,330600,家电零部件Ⅱ,330000,家用电器,300160.SZ,300160.SZ,秀强股份,2021-12-13,家电零部件Ⅲ
851161.SI,330601,家电零部件Ⅲ,330600,家电零部件Ⅱ,330000,家用电器,300217.SZ,300217.SZ,东方电热,2021-12-13,家电零部件Ⅲ
851161.SI,330601,家电零部件Ⅲ,330600,家电零部件Ⅱ,330000,家用电器,300342.SZ,300342.SZ,天银机电,2021-12-13,家电零部件Ⅲ
851161.SI,330601,家电零部件Ⅲ,330600,家电零部件Ⅱ,330000,家用电器,300403.SZ,300403.SZ,汉宇集团,2021-12-13,家电零部件Ⅲ
851161.SI,330601,家电零部件Ⅲ,330600,家电零部件Ⅱ,330000,家用电器,301008.SZ,301008.SZ,宏昌科技,2021-12-13,家电零部件Ⅲ
851161.SI,330601,家电零部件Ⅲ,330600,家电零部件Ⅱ,330000,家用电器,600619.SH,600619.SH,海立股份,2021-12-13,家电零部件Ⅲ
851161.SI,330601,家电零部件Ⅲ,330600,家电零部件Ⅱ,330000,家用电器,601956.SH,601956.SH,东贝集团,2021-12-13,家电零部件Ⅲ
851161.SI,330601,家电零部件Ⅲ,330600,家电零部件Ⅱ,330000,家用电器,603112.SH,603112.SH,华翔股份,2021-12-13,家电零部件Ⅲ
851161.SI,330601,家电零部件Ⅲ,330600,家电零部件Ⅱ,330000,家用电器,603311.SH,603311.SH,金海高科,2021-12-13,家电零部件Ⅲ
851161.SI,330601,家电零部件Ⅲ,330600,家电零部件Ⅱ,330000,家用电器,603519.SH,603519.SH,立霸股份,2021-12-13,家电零部件Ⅲ
851161.SI,330601,家电零部件Ⅲ,330600,家电零部件Ⅱ,330000,家用电器,603578.SH,603578.SH,三星新材,2021-12-13,家电零部件Ⅲ
851161.SI,330601,家电零部件Ⅲ,330600,家电零部件Ⅱ,330000,家用电器,603657.SH,603657.SH,春光科技,2021-12-13,家电零部件Ⅲ
851161.SI,330601,家电零部件Ⅲ,330600,家电零部件Ⅱ,330000,家用电器,603677.SH,603677.SH,奇精机械,2021-12-13,家电零部件Ⅲ
851161.SI,330601,家电零部件Ⅲ,330600,家电零部件Ⅱ,330000,家用电器,603726.SH,603726.SH,朗迪集团,2021-12-13,家电零部件Ⅲ
851161.SI,330601,家电零部件Ⅲ,330600,家电零部件Ⅱ,330000,家用电器,001268.SZ,001268.SZ,联合精密,2022-06-30,家电零部件Ⅲ
851161.SI,330601,家电零部件Ⅲ,330600,家电零部件Ⅱ,330000,家用电器,301252.SZ,301252.SZ,同星科技,2023-05-25,家电零部件Ⅲ
851161.SI,330601,家电零部件Ⅲ,330600,家电零部件Ⅱ,330000,家用电器,603075.SH,603075.SH,热威股份,2023-09-11,家电零部件Ⅲ
851161.SI,330601,家电零部件Ⅲ,330600,家电零部件Ⅱ,330000,家用电器,003028.SZ,003028.SZ,振邦智能,2024-07-31,家电零部件Ⅲ
851161.SI,330601,家电零部件Ⅲ,330600,家电零部件Ⅱ,330000,家用电器,300279.SZ,300279.SZ,和晶科技,2024-07-31,家电零部件Ⅲ
851161.SI,330601,家电零部件Ⅲ,330600,家电零部件Ⅱ,330000,家用电器,300543.SZ,300543.SZ,朗科智能,2024-07-31,家电零部件Ⅲ
851161.SI,330601,家电零部件Ⅲ,330600,家电零部件Ⅱ,330000,家用电器,301135.SZ,301135.SZ,瑞德智能,2024-07-31,家电零部件Ⅲ
851161.SI,330601,家电零部件Ⅲ,330600,家电零部件Ⅱ,330000,家用电器,301280.SZ,301280.SZ,珠城科技,2024-07-31,家电零部件Ⅲ
851161.SI,330601,家电零部件Ⅲ,330600,家电零部件Ⅱ,330000,家用电器,000404.SZ,000404.SZ,长虹华意,2021-12-13,家电零部件Ⅲ
851171.SI,330701,其他家电Ⅲ,330700,其他家电Ⅱ,330000,家用电器,300247.SZ,300247.SZ,融捷健康,2021-12-13,其他家电Ⅲ
851171.SI,330701,其他家电Ⅲ,330700,其他家电Ⅱ,330000,家用电器,603579.SH,603579.SH,荣泰健康,2021-12-13,其他家电Ⅲ
851171.SI,330701,其他家电Ⅲ,330700,其他家电Ⅱ,330000,家用电器,002614.SZ,002614.SZ,奥佳华,2021-12-13,其他家电Ⅲ
851241.SI,340401,肉制品,340400,食品加工,340000,食品饮料,002330.SZ,002330.SZ,得利斯,2021-12-13,肉制品
851241.SI,340401,肉制品,340400,食品加工,340000,食品饮料,002515.SZ,002515.SZ,金字火腿,2021-12-13,肉制品
851241.SI,340401,肉制品,340400,食品加工,340000,食品饮料,002726.SZ,002726.SZ,ST龙大,2021-12-13,肉制品
851241.SI,340401,肉制品,340400,食品加工,340000,食品饮料,002840.SZ,002840.SZ,华统股份,2021-12-13,肉制品
851241.SI,340401,肉制品,340400,食品加工,340000,食品饮料,600073.SH,600073.SH,光明肉业,2021-12-13,肉制品
851241.SI,340401,肉制品,340400,食品加工,340000,食品饮料,000529.SZ,000529.SZ,广弘控股,2023-05-18,肉制品
851241.SI,340401,肉制品,340400,食品加工,340000,食品饮料,000895.SZ,000895.SZ,双汇发展,2021-12-13,肉制品
851246.SI,340406,预加工食品,340400,食品加工,340000,食品饮料,002216.SZ,002216.SZ,三全食品,2021-12-13,预加工食品
851246.SI,340406,预加工食品,340400,食品加工,340000,食品饮料,002702.SZ,002702.SZ,海欣食品,2021-12-13,预加工食品
851246.SI,340406,预加工食品,340400,食品加工,340000,食品饮料,603345.SH,603345.SH,安井食品,2021-12-13,预加工食品
851246.SI,340406,预加工食品,340400,食品加工,340000,食品饮料,603536.SH,603536.SH,惠发食品,2021-12-13,预加工食品
851246.SI,340406,预加工食品,340400,食品加工,340000,食品饮料,605089.SH,605089.SH,味知香,2021-12-13,预加工食品
851246.SI,340406,预加工食品,340400,食品加工,340000,食品饮料,605338.SH,605338.SH,巴比食品,2021-12-13,预加工食品
851246.SI,340406,预加工食品,340400,食品加工,340000,食品饮料,605567.SH,605567.SH,春雪食品,2021-12-13,预加工食品
851246.SI,340406,预加工食品,340400,食品加工,340000,食品饮料,603237.SH,603237.SH,五芳斋,2022-08-31,预加工食品
851246.SI,340406,预加工食品,340400,食品加工,340000,食品饮料,002661.SZ,002661.SZ,克明食品,2023-04-04,预加工食品
851246.SI,340406,预加工食品,340400,食品加工,340000,食品饮料,001215.SZ,001215.SZ,千味央厨,2021-12-13,预加工食品
851247.SI,340407,保健品,340400,食品加工,340000,食品饮料,300146.SZ,300146.SZ,汤臣倍健,2021-12-13,保健品
851247.SI,340407,保健品,340400,食品加工,340000,食品饮料,300791.SZ,300791.SZ,仙乐健康,2021-12-13,保健品
851247.SI,340407,保健品,340400,食品加工,340000,食品饮料,600381.SH,600381.SH,*ST春天,2021-12-13,保健品
851247.SI,340407,保健品,340400,食品加工,340000,食品饮料,600530.SH,600530.SH,ST交昂,2021-12-13,保健品
851247.SI,340407,保健品,340400,食品加工,340000,食品饮料,603102.SH,603102.SH,百合股份,2022-01-25,保健品
851247.SI,340407,保健品,340400,食品加工,340000,食品饮料,000639.SZ,000639.SZ,ST西王,2024-07-31,保健品
851247.SI,340407,保健品,340400,食品加工,340000,食品饮料,603262.SH,603262.SH,技源集团,2025-07-23,保健品
851247.SI,340407,保健品,340400,食品加工,340000,食品饮料,002626.SZ,002626.SZ,金达威,2021-12-13,保健品
851251.SI,340501,白酒Ⅲ,340500,白酒Ⅱ,340000,食品饮料,000596.SZ,000596.SZ,古井贡酒,2021-12-13,白酒Ⅲ
851251.SI,340501,白酒Ⅲ,340500,白酒Ⅱ,340000,食品饮料,000799.SZ,000799.SZ,酒鬼酒,2021-12-13,白酒Ⅲ
851251.SI,340501,白酒Ⅲ,340500,白酒Ⅱ,340000,食品饮料,000858.SZ,000858.SZ,五粮液,2021-12-13,白酒Ⅲ
851251.SI,340501,白酒Ⅲ,340500,白酒Ⅱ,340000,食品饮料,000860.SZ,000860.SZ,顺鑫农业,2021-12-13,白酒Ⅲ
851251.SI,340501,白酒Ⅲ,340500,白酒Ⅱ,340000,食品饮料,000995.SZ,000995.SZ,皇台酒业,2021-12-13,白酒Ⅲ
851251.SI,340501,白酒Ⅲ,340500,白酒Ⅱ,340000,食品饮料,002304.SZ,002304.SZ,洋河股份,2021-12-13,白酒Ⅲ
851251.SI,340501,白酒Ⅲ,340500,白酒Ⅱ,340000,食品饮料,002646.SZ,002646.SZ,天佑德酒,2021-12-13,白酒Ⅲ
851251.SI,340501,白酒Ⅲ,340500,白酒Ⅱ,340000,食品饮料,600197.SH,600197.SH,伊力特,2021-12-13,白酒Ⅲ
851251.SI,340501,白酒Ⅲ,340500,白酒Ⅱ,340000,食品饮料,600199.SH,600199.SH,金种子酒,2021-12-13,白酒Ⅲ
851251.SI,340501,白酒Ⅲ,340500,白酒Ⅱ,340000,食品饮料,600519.SH,600519.SH,贵州茅台,2021-12-13,白酒Ⅲ
851251.SI,340501,白酒Ⅲ,340500,白酒Ⅱ,340000,食品饮料,600559.SH,600559.SH,老白干酒,2021-12-13,白酒Ⅲ
851251.SI,340501,白酒Ⅲ,340500,白酒Ⅱ,340000,食品饮料,600702.SH,600702.SH,舍得酒业,2021-12-13,白酒Ⅲ
851251.SI,340501,白酒Ⅲ,340500,白酒Ⅱ,340000,食品饮料,600779.SH,600779.SH,水井坊,2021-12-13,白酒Ⅲ
851251.SI,340501,白酒Ⅲ,340500,白酒Ⅱ,340000,食品饮料,600809.SH,600809.SH,山西汾酒,2021-12-13,白酒Ⅲ
851251.SI,340501,白酒Ⅲ,340500,白酒Ⅱ,340000,食品饮料,603198.SH,603198.SH,迎驾贡酒,2021-12-13,白酒Ⅲ
851251.SI,340501,白酒Ⅲ,340500,白酒Ⅱ,340000,食品饮料,603369.SH,603369.SH,今世缘,2021-12-13,白酒Ⅲ
851251.SI,340501,白酒Ⅲ,340500,白酒Ⅱ,340000,食品饮料,603589.SH,603589.SH,口子窖,2021-12-13,白酒Ⅲ
851251.SI,340501,白酒Ⅲ,340500,白酒Ⅱ,340000,食品饮料,603919.SH,603919.SH,金徽酒,2021-12-13,白酒Ⅲ
851251.SI,340501,白酒Ⅲ,340500,白酒Ⅱ,340000,食品饮料,000568.SZ,000568.SZ,泸州老窖,2021-12-13,白酒Ⅲ
851232.SI,340601,啤酒,340600,非白酒,340000,食品饮料,000752.SZ,000752.SZ,*ST西发,2021-12-13,啤酒
851232.SI,340601,啤酒,340600,非白酒,340000,食品饮料,000929.SZ,000929.SZ,兰州黄河,2021-12-13,啤酒
851232.SI,340601,啤酒,340600,非白酒,340000,食品饮料,002461.SZ,002461.SZ,珠江啤酒,2021-12-13,啤酒
851232.SI,340601,啤酒,340600,非白酒,340000,食品饮料,600132.SH,600132.SH,重庆啤酒,2021-12-13,啤酒
851232.SI,340601,啤酒,340600,非白酒,340000,食品饮料,600573.SH,600573.SH,惠泉啤酒,2021-12-13,啤酒
851232.SI,340601,啤酒,340600,非白酒,340000,食品饮料,600600.SH,600600.SH,青岛啤酒,2021-12-13,啤酒
851232.SI,340601,啤酒,340600,非白酒,340000,食品饮料,000729.SZ,000729.SZ,燕京啤酒,2021-12-13,啤酒
851233.SI,340602,其他酒类,340600,非白酒,340000,食品饮料,002568.SZ,002568.SZ,百润股份,2021-12-13,其他酒类
851233.SI,340602,其他酒类,340600,非白酒,340000,食品饮料,600059.SH,600059.SH,古越龙山,2021-12-13,其他酒类
851233.SI,340602,其他酒类,340600,非白酒,340000,食品饮料,600084.SH,600084.SH,*ST尼雅,2021-12-13,其他酒类
851233.SI,340602,其他酒类,340600,非白酒,340000,食品饮料,600238.SH,600238.SH,ST椰岛,2021-12-13,其他酒类
851233.SI,340602,其他酒类,340600,非白酒,340000,食品饮料,600543.SH,600543.SH,*ST莫高,2021-12-13,其他酒类
851233.SI,340602,其他酒类,340600,非白酒,340000,食品饮料,600616.SH,600616.SH,金枫酒业,2021-12-13,其他酒类
851233.SI,340602,其他酒类,340600,非白酒,340000,食品饮料,601579.SH,601579.SH,会稽山,2021-12-13,其他酒类
851233.SI,340602,其他酒类,340600,非白酒,340000,食品饮料,603779.SH,603779.SH,威龙股份,2021-12-13,其他酒类
851233.SI,340602,其他酒类,340600,非白酒,340000,食品饮料,000869.SZ,000869.SZ,张裕A,2021-12-13,其他酒类
851271.SI,340701,软饮料,340700,饮料乳品,340000,食品饮料,300997.SZ,300997.SZ,欢乐家,2021-12-13,软饮料
851271.SI,340701,软饮料,340700,饮料乳品,340000,食品饮料,600189.SH,600189.SH,泉阳泉,2021-12-13,软饮料
851271.SI,340701,软饮料,340700,饮料乳品,340000,食品饮料,600300.SH,600300.SH,维维股份,2021-12-13,软饮料
851271.SI,340701,软饮料,340700,饮料乳品,340000,食品饮料,603156.SH,603156.SH,养元饮品,2021-12-13,软饮料
851271.SI,340701,软饮料,340700,饮料乳品,340000,食品饮料,603711.SH,603711.SH,香飘飘,2021-12-13,软饮料
851271.SI,340701,软饮料,340700,饮料乳品,340000,食品饮料,605337.SH,605337.SH,李子园,2021-12-13,软饮料
851271.SI,340701,软饮料,340700,饮料乳品,340000,食品饮料,605499.SH,605499.SH,东鹏饮料,2021-12-13,软饮料
851271.SI,340701,软饮料,340700,饮料乳品,340000,食品饮料,000848.SZ,000848.SZ,承德露露,2021-12-13,软饮料
851243.SI,340702,乳品,340700,饮料乳品,340000,食品饮料,002570.SZ,002570.SZ,贝因美,2021-12-13,乳品
851243.SI,340702,乳品,340700,饮料乳品,340000,食品饮料,002732.SZ,002732.SZ,燕塘乳业,2021-12-13,乳品
851243.SI,340702,乳品,340700,饮料乳品,340000,食品饮料,002910.SZ,002910.SZ,庄园牧场,2021-12-13,乳品
851243.SI,340702,乳品,340700,饮料乳品,340000,食品饮料,002946.SZ,002946.SZ,新乳业,2021-12-13,乳品
851243.SI,340702,乳品,340700,饮料乳品,340000,食品饮料,300106.SZ,300106.SZ,西部牧业,2021-12-13,乳品
851243.SI,340702,乳品,340700,饮料乳品,340000,食品饮料,300898.SZ,300898.SZ,熊猫乳品,2021-12-13,乳品
851243.SI,340702,乳品,340700,饮料乳品,340000,食品饮料,300915.SZ,300915.SZ,海融科技,2021-12-13,乳品
851243.SI,340702,乳品,340700,饮料乳品,340000,食品饮料,600419.SH,600419.SH,天润乳业,2021-12-13,乳品
851243.SI,340702,乳品,340700,饮料乳品,340000,食品饮料,600429.SH,600429.SH,三元股份,2021-12-13,乳品
851243.SI,340702,乳品,340700,饮料乳品,340000,食品饮料,600597.SH,600597.SH,光明乳业,2021-12-13,乳品
851243.SI,340702,乳品,340700,饮料乳品,340000,食品饮料,600882.SH,600882.SH,妙可蓝多,2021-12-13,乳品
851243.SI,340702,乳品,340700,饮料乳品,340000,食品饮料,600887.SH,600887.SH,伊利股份,2021-12-13,乳品
851243.SI,340702,乳品,340700,饮料乳品,340000,食品饮料,605179.SH,605179.SH,一鸣食品,2021-12-13,乳品
851243.SI,340702,乳品,340700,饮料乳品,340000,食品饮料,605300.SH,605300.SH,佳禾食品,2021-12-13,乳品
851243.SI,340702,乳品,340700,饮料乳品,340000,食品饮料,605388.SH,605388.SH,均瑶健康,2021-12-13,乳品
851243.SI,340702,乳品,340700,饮料乳品,340000,食品饮料,001318.SZ,001318.SZ,阳光乳业,2022-05-20,乳品
851243.SI,340702,乳品,340700,饮料乳品,340000,食品饮料,300892.SZ,300892.SZ,品渥食品,2022-08-01,乳品
851243.SI,340702,乳品,340700,饮料乳品,340000,食品饮料,002329.SZ,002329.SZ,皇氏集团,2021-12-13,乳品
851281.SI,340801,零食,340800,休闲食品,340000,食品饮料,002582.SZ,002582.SZ,好想你,2021-12-13,零食
851281.SI,340801,零食,340800,休闲食品,340000,食品饮料,002847.SZ,002847.SZ,盐津铺子,2021-12-13,零食
851281.SI,340801,零食,340800,休闲食品,340000,食品饮料,002991.SZ,002991.SZ,甘源食品,2021-12-13,零食
851281.SI,340801,零食,340800,休闲食品,340000,食品饮料,003000.SZ,003000.SZ,劲仔食品,2021-12-13,零食
851281.SI,340801,零食,340800,休闲食品,340000,食品饮料,300783.SZ,300783.SZ,三只松鼠,2021-12-13,零食
851281.SI,340801,零食,340800,休闲食品,340000,食品饮料,603697.SH,603697.SH,有友食品,2021-12-13,零食
851281.SI,340801,零食,340800,休闲食品,340000,食品饮料,603719.SH,603719.SH,良品铺子,2021-12-13,零食
851281.SI,340801,零食,340800,休闲食品,340000,食品饮料,603777.SH,603777.SH,来伊份,2021-12-13,零食
851281.SI,340801,零食,340800,休闲食品,340000,食品饮料,000716.SZ,000716.SZ,黑芝麻,2022-08-01,零食
851281.SI,340801,零食,340800,休闲食品,340000,食品饮料,002557.SZ,002557.SZ,洽洽食品,2021-12-13,零食
851282.SI,340802,烘焙食品,340800,休闲食品,340000,食品饮料,002820.SZ,002820.SZ,桂发祥,2021-12-13,烘焙食品
851282.SI,340802,烘焙食品,340800,休闲食品,340000,食品饮料,002956.SZ,002956.SZ,西麦食品,2021-12-13,烘焙食品
851282.SI,340802,烘焙食品,340800,休闲食品,340000,食品饮料,300973.SZ,300973.SZ,立高食品,2021-12-13,烘焙食品
851282.SI,340802,烘焙食品,340800,休闲食品,340000,食品饮料,603043.SH,603043.SH,广州酒家,2021-12-13,烘焙食品
851282.SI,340802,烘焙食品,340800,休闲食品,340000,食品饮料,603866.SH,603866.SH,桃李面包,2021-12-13,烘焙食品
851282.SI,340802,烘焙食品,340800,休闲食品,340000,食品饮料,603886.SH,603886.SH,元祖股份,2021-12-13,烘焙食品
851282.SI,340802,烘焙食品,340800,休闲食品,340000,食品饮料,605339.SH,605339.SH,南侨食品,2021-12-13,烘焙食品
851282.SI,340802,烘焙食品,340800,休闲食品,340000,食品饮料,002719.SZ,002719.SZ,ST麦趣,2024-07-31,烘焙食品
851282.SI,340802,烘焙食品,340800,休闲食品,340000,食品饮料,001219.SZ,001219.SZ,青岛食品,2021-12-13,烘焙食品
851283.SI,340803,熟食,340800,休闲食品,340000,食品饮料,603517.SH,603517.SH,ST绝味,2021-12-13,熟食
851283.SI,340803,熟食,340800,休闲食品,340000,食品饮料,603057.SH,603057.SH,紫燕食品,2022-09-26,熟食
851283.SI,340803,熟食,340800,休闲食品,340000,食品饮料,002695.SZ,002695.SZ,煌上煌,2021-12-13,熟食
851242.SI,340901,调味发酵品Ⅲ,340900,调味发酵品Ⅱ,340000,食品饮料,002507.SZ,002507.SZ,涪陵榨菜,2021-12-13,调味发酵品Ⅲ
851242.SI,340901,调味发酵品Ⅲ,340900,调味发酵品Ⅱ,340000,食品饮料,002650.SZ,002650.SZ,ST加加,2021-12-13,调味发酵品Ⅲ
851242.SI,340901,调味发酵品Ⅲ,340900,调味发酵品Ⅱ,340000,食品饮料,300908.SZ,300908.SZ,仲景食品,2021-12-13,调味发酵品Ⅲ
851242.SI,340901,调味发酵品Ⅲ,340900,调味发酵品Ⅱ,340000,食品饮料,600186.SH,600186.SH,莲花控股,2021-12-13,调味发酵品Ⅲ
851242.SI,340901,调味发酵品Ⅲ,340900,调味发酵品Ⅱ,340000,食品饮料,600298.SH,600298.SH,安琪酵母,2021-12-13,调味发酵品Ⅲ
851242.SI,340901,调味发酵品Ⅲ,340900,调味发酵品Ⅱ,340000,食品饮料,600305.SH,600305.SH,恒顺醋业,2021-12-13,调味发酵品Ⅲ
851242.SI,340901,调味发酵品Ⅲ,340900,调味发酵品Ⅱ,340000,食品饮料,600872.SH,600872.SH,中炬高新,2021-12-13,调味发酵品Ⅲ
851242.SI,340901,调味发酵品Ⅲ,340900,调味发酵品Ⅱ,340000,食品饮料,603027.SH,603027.SH,千禾味业,2021-12-13,调味发酵品Ⅲ
851242.SI,340901,调味发酵品Ⅲ,340900,调味发酵品Ⅱ,340000,食品饮料,603288.SH,603288.SH,海天味业,2021-12-13,调味发酵品Ⅲ
851242.SI,340901,调味发酵品Ⅲ,340900,调味发酵品Ⅱ,340000,食品饮料,603317.SH,603317.SH,天味食品,2021-12-13,调味发酵品Ⅲ
851242.SI,340901,调味发酵品Ⅲ,340900,调味发酵品Ⅱ,340000,食品饮料,603696.SH,603696.SH,安记食品,2021-12-13,调味发酵品Ⅲ
851242.SI,340901,调味发酵品Ⅲ,340900,调味发酵品Ⅱ,340000,食品饮料,603755.SH,603755.SH,日辰股份,2021-12-13,调味发酵品Ⅲ
851242.SI,340901,调味发酵品Ⅲ,340900,调味发酵品Ⅱ,340000,食品饮料,603170.SH,603170.SH,宝立食品,2022-07-15,调味发酵品Ⅲ
851242.SI,340901,调味发酵品Ⅲ,340900,调味发酵品Ⅱ,340000,食品饮料,002495.SZ,002495.SZ,佳隆股份,2021-12-13,调味发酵品Ⅲ
851312.SI,350102,棉纺,350100,纺织制造,350000,纺织服饰,000850.SZ,000850.SZ,华茂股份,2021-12-13,棉纺
851312.SI,350102,棉纺,350100,纺织制造,350000,纺织服饰,002042.SZ,002042.SZ,华孚时尚,2021-12-13,棉纺
851312.SI,350102,棉纺,350100,纺织制造,350000,纺织服饰,002083.SZ,002083.SZ,孚日股份,2021-12-13,棉纺
851312.SI,350102,棉纺,350100,纺织制造,350000,纺织服饰,002394.SZ,002394.SZ,联发股份,2021-12-13,棉纺
851312.SI,350102,棉纺,350100,纺织制造,350000,纺织服饰,600493.SH,600493.SH,凤竹纺织,2021-12-13,棉纺
851312.SI,350102,棉纺,350100,纺织制造,350000,纺织服饰,601339.SH,601339.SH,百隆东方,2021-12-13,棉纺
851312.SI,350102,棉纺,350100,纺织制造,350000,纺织服饰,603558.SH,603558.SH,健盛集团,2021-12-13,棉纺
851312.SI,350102,棉纺,350100,纺织制造,350000,纺织服饰,000726.SZ,000726.SZ,鲁泰A,2021-12-13,棉纺
851314.SI,350104,印染,350100,纺织制造,350000,纺织服饰,600987.SH,600987.SH,航民股份,2021-12-13,印染
851314.SI,350104,印染,350100,纺织制造,350000,纺织服饰,605055.SH,605055.SH,迎丰股份,2021-12-13,印染
851314.SI,350104,印染,350100,纺织制造,350000,纺织服饰,605189.SH,605189.SH,富春染织,2021-12-13,印染
851314.SI,350104,印染,350100,纺织制造,350000,纺织服饰,600448.SH,600448.SH,华纺股份,2021-12-13,印染
851315.SI,350105,辅料,350100,纺织制造,350000,纺织服饰,002098.SZ,002098.SZ,浔兴股份,2021-12-13,辅料
851315.SI,350105,辅料,350100,纺织制造,350000,纺织服饰,002674.SZ,002674.SZ,兴业科技,2021-12-13,辅料
851315.SI,350105,辅料,350100,纺织制造,350000,纺织服饰,002003.SZ,002003.SZ,伟星股份,2021-12-13,辅料
851316.SI,350106,其他纺织,350100,纺织制造,350000,纺织服饰,002144.SZ,002144.SZ,宏达高科,2021-12-13,其他纺织
851316.SI,350106,其他纺织,350100,纺织制造,350000,纺织服饰,300819.SZ,300819.SZ,聚杰微纤,2021-12-13,其他纺织
851316.SI,350106,其他纺织,350100,纺织制造,350000,纺织服饰,300877.SZ,300877.SZ,金春股份,2021-12-13,其他纺织
851316.SI,350106,其他纺织,350100,纺织制造,350000,纺织服饰,300918.SZ,300918.SZ,南山智尚,2021-12-13,其他纺织
851316.SI,350106,其他纺织,350100,纺织制造,350000,纺织服饰,600156.SH,600156.SH,华升股份,2021-12-13,其他纺织
851316.SI,350106,其他纺织,350100,纺织制造,350000,纺织服饰,600527.SH,600527.SH,江南高纤,2021-12-13,其他纺织
851316.SI,350106,其他纺织,350100,纺织制造,350000,纺织服饰,601599.SH,601599.SH,浙文影业,2021-12-13,其他纺织
851316.SI,350106,其他纺织,350100,纺织制造,350000,纺织服饰,603055.SH,603055.SH,台华新材,2021-12-13,其他纺织
851316.SI,350106,其他纺织,350100,纺织制造,350000,纺织服饰,603889.SH,603889.SH,新澳股份,2021-12-13,其他纺织
851316.SI,350106,其他纺织,350100,纺织制造,350000,纺织服饰,605180.SH,605180.SH,华生科技,2021-12-13,其他纺织
851316.SI,350106,其他纺织,350100,纺织制造,350000,纺织服饰,301066.SZ,301066.SZ,万事利,2022-08-01,其他纺织
851316.SI,350106,其他纺织,350100,纺织制造,350000,纺织服饰,603130.SH,603130.SH,云中马,2022-11-18,其他纺织
851316.SI,350106,其他纺织,350100,纺织制造,350000,纺织服饰,001390.SZ,001390.SZ,古麒绒材,2025-05-29,其他纺织
851316.SI,350106,其他纺织,350100,纺织制造,350000,纺织服饰,603238.SH,603238.SH,诺邦股份,2025-08-13,其他纺织
851316.SI,350106,其他纺织,350100,纺织制造,350000,纺织服饰,001312.SZ,001312.SZ,福恩股份,2026-04-21,其他纺织
851316.SI,350106,其他纺织,350100,纺织制造,350000,纺织服饰,000955.SZ,000955.SZ,欣龙控股,2021-12-13,其他纺织
851317.SI,350107,纺织鞋类制造,350100,纺织制造,350000,纺织服饰,300979.SZ,300979.SZ,华利集团,2021-12-13,纺织鞋类制造
851325.SI,350205,鞋帽及其他,350200,服装家纺,350000,纺织服饰,300591.SZ,300591.SZ,万里马,2021-12-13,鞋帽及其他
851325.SI,350205,鞋帽及其他,350200,服装家纺,350000,纺织服饰,300952.SZ,300952.SZ,恒辉安防,2021-12-13,鞋帽及其他
851325.SI,350205,鞋帽及其他,350200,服装家纺,350000,纺织服饰,603001.SH,603001.SH,奥康国际,2021-12-13,鞋帽及其他
851325.SI,350205,鞋帽及其他,350200,服装家纺,350000,纺织服饰,603116.SH,603116.SH,红蜻蜓,2021-12-13,鞋帽及其他
851325.SI,350205,鞋帽及其他,350200,服装家纺,350000,纺织服饰,603557.SH,603557.SH,*ST起步,2021-12-13,鞋帽及其他
851325.SI,350205,鞋帽及其他,350200,服装家纺,350000,纺织服饰,603608.SH,603608.SH,天创时尚,2021-12-13,鞋帽及其他
851325.SI,350205,鞋帽及其他,350200,服装家纺,350000,纺织服饰,603665.SH,603665.SH,康隆达,2021-12-13,鞋帽及其他
851325.SI,350205,鞋帽及其他,350200,服装家纺,350000,纺织服饰,603908.SH,603908.SH,牧高笛,2021-12-13,鞋帽及其他
851325.SI,350205,鞋帽及其他,350200,服装家纺,350000,纺织服饰,603958.SH,603958.SH,哈森股份,2021-12-13,鞋帽及其他
851325.SI,350205,鞋帽及其他,350200,服装家纺,350000,纺织服饰,603307.SH,603307.SH,扬州金泉,2023-02-16,鞋帽及其他
851325.SI,350205,鞋帽及其他,350200,服装家纺,350000,纺织服饰,300577.SZ,300577.SZ,开润股份,2021-12-13,鞋帽及其他
851326.SI,350206,家纺,350200,服装家纺,350000,纺织服饰,002327.SZ,002327.SZ,富安娜,2021-12-13,家纺
851326.SI,350206,家纺,350200,服装家纺,350000,纺织服饰,002397.SZ,002397.SZ,梦洁股份,2021-12-13,家纺
851326.SI,350206,家纺,350200,服装家纺,350000,纺织服饰,003041.SZ,003041.SZ,真爱美家,2021-12-13,家纺
851326.SI,350206,家纺,350200,服装家纺,350000,纺织服饰,603365.SH,603365.SH,水星家纺,2021-12-13,家纺
851326.SI,350206,家纺,350200,服装家纺,350000,纺织服饰,605003.SH,605003.SH,众望布艺,2021-12-13,家纺
851326.SI,350206,家纺,350200,服装家纺,350000,纺织服饰,002293.SZ,002293.SZ,罗莱生活,2021-12-13,家纺
851328.SI,350208,运动服装,350200,服装家纺,350000,纺织服饰,300005.SZ,300005.SZ,探路者,2021-12-13,运动服装
851328.SI,350208,运动服装,350200,服装家纺,350000,纺织服饰,001234.SZ,001234.SZ,泰慕士,2024-07-31,运动服装
851328.SI,350208,运动服装,350200,服装家纺,350000,纺织服饰,002486.SZ,002486.SZ,嘉麟杰,2024-07-31,运动服装
851328.SI,350208,运动服装,350200,服装家纺,350000,纺织服饰,002780.SZ,002780.SZ,三夫户外,2021-12-13,运动服装
851329.SI,350209,非运动服装,350200,服装家纺,350000,纺织服饰,002029.SZ,002029.SZ,七匹狼,2021-12-13,非运动服装
851329.SI,350209,非运动服装,350200,服装家纺,350000,纺织服饰,002154.SZ,002154.SZ,报喜鸟,2021-12-13,非运动服装
851329.SI,350209,非运动服装,350200,服装家纺,350000,纺织服饰,002269.SZ,002269.SZ,美邦服饰,2021-12-13,非运动服装
851329.SI,350209,非运动服装,350200,服装家纺,350000,纺织服饰,002494.SZ,002494.SZ,华斯股份,2021-12-13,非运动服装
851329.SI,350209,非运动服装,350200,服装家纺,350000,纺织服饰,002563.SZ,002563.SZ,森马服饰,2021-12-13,非运动服装
851329.SI,350209,非运动服装,350200,服装家纺,350000,纺织服饰,002569.SZ,002569.SZ,*ST步森,2021-12-13,非运动服装
851329.SI,350209,非运动服装,350200,服装家纺,350000,纺织服饰,002612.SZ,002612.SZ,朗姿股份,2021-12-13,非运动服装
851329.SI,350209,非运动服装,350200,服装家纺,350000,纺织服饰,002656.SZ,002656.SZ,摩登大道,2021-12-13,非运动服装
851329.SI,350209,非运动服装,350200,服装家纺,350000,纺织服饰,002687.SZ,002687.SZ,乔治白,2021-12-13,非运动服装
851329.SI,350209,非运动服装,350200,服装家纺,350000,纺织服饰,002762.SZ,002762.SZ,金发拉比,2021-12-13,非运动服装
851329.SI,350209,非运动服装,350200,服装家纺,350000,纺织服饰,002832.SZ,002832.SZ,比音勒芬,2021-12-13,非运动服装
851329.SI,350209,非运动服装,350200,服装家纺,350000,纺织服饰,002875.SZ,002875.SZ,安奈儿,2021-12-13,非运动服装
851329.SI,350209,非运动服装,350200,服装家纺,350000,纺织服饰,003016.SZ,003016.SZ,欣贺股份,2021-12-13,非运动服装
851329.SI,350209,非运动服装,350200,服装家纺,350000,纺织服饰,300840.SZ,300840.SZ,酷特智能,2021-12-13,非运动服装
851329.SI,350209,非运动服装,350200,服装家纺,350000,纺织服饰,300901.SZ,300901.SZ,中胤时尚,2021-12-13,非运动服装
851329.SI,350209,非运动服装,350200,服装家纺,350000,纺织服饰,301088.SZ,301088.SZ,戎美股份,2021-12-13,非运动服装
851329.SI,350209,非运动服装,350200,服装家纺,350000,纺织服饰,600107.SH,600107.SH,*ST尔雅,2021-12-13,非运动服装
851329.SI,350209,非运动服装,350200,服装家纺,350000,纺织服饰,600177.SH,600177.SH,雅戈尔,2021-12-13,非运动服装
851329.SI,350209,非运动服装,350200,服装家纺,350000,纺织服饰,600398.SH,600398.SH,海澜之家,2021-12-13,非运动服装
851329.SI,350209,非运动服装,350200,服装家纺,350000,纺织服饰,600400.SH,600400.SH,红豆股份,2021-12-13,非运动服装
851329.SI,350209,非运动服装,350200,服装家纺,350000,纺织服饰,600630.SH,600630.SH,龙头股份,2021-12-13,非运动服装
851329.SI,350209,非运动服装,350200,服装家纺,350000,纺织服饰,601566.SH,601566.SH,九牧王,2021-12-13,非运动服装
851329.SI,350209,非运动服装,350200,服装家纺,350000,纺织服饰,601718.SH,601718.SH,ST际华,2021-12-13,非运动服装
851329.SI,350209,非运动服装,350200,服装家纺,350000,纺织服饰,603196.SH,603196.SH,璞源材料,2021-12-13,非运动服装
851329.SI,350209,非运动服装,350200,服装家纺,350000,纺织服饰,603518.SH,603518.SH,锦泓集团,2021-12-13,非运动服装
851329.SI,350209,非运动服装,350200,服装家纺,350000,纺织服饰,603587.SH,603587.SH,地素时尚,2021-12-13,非运动服装
851329.SI,350209,非运动服装,350200,服装家纺,350000,纺织服饰,603808.SH,603808.SH,歌力思,2021-12-13,非运动服装
851329.SI,350209,非运动服装,350200,服装家纺,350000,纺织服饰,603839.SH,603839.SH,安正时尚,2021-12-13,非运动服装
851329.SI,350209,非运动服装,350200,服装家纺,350000,纺织服饰,603877.SH,603877.SH,太平鸟,2021-12-13,非运动服装
851329.SI,350209,非运动服装,350200,服装家纺,350000,纺织服饰,605138.SH,605138.SH,盛泰集团,2021-12-13,非运动服装
851329.SI,350209,非运动服装,350200,服装家纺,350000,纺织服饰,301276.SZ,301276.SZ,嘉曼服饰,2022-09-09,非运动服装
851329.SI,350209,非运动服装,350200,服装家纺,350000,纺织服饰,002193.SZ,002193.SZ,ST如意,2024-07-31,非运动服装
851329.SI,350209,非运动服装,350200,服装家纺,350000,纺织服饰,002404.SZ,002404.SZ,嘉欣丝绸,2024-07-31,非运动服装
851329.SI,350209,非运动服装,350200,服装家纺,350000,纺织服饰,002634.SZ,002634.SZ,*ST棒杰,2024-07-31,非运动服装
851329.SI,350209,非运动服装,350200,服装家纺,350000,纺织服饰,002763.SZ,002763.SZ,汇洁股份,2024-07-31,非运动服装
851329.SI,350209,非运动服装,350200,服装家纺,350000,纺织服饰,600137.SH,600137.SH,浪莎股份,2024-07-31,非运动服装
851329.SI,350209,非运动服装,350200,服装家纺,350000,纺织服饰,603511.SH,603511.SH,爱慕股份,2024-07-31,非运动服装
851329.SI,350209,非运动服装,350200,服装家纺,350000,纺织服饰,001209.SZ,001209.SZ,洪兴股份,2021-12-13,非运动服装
851331.SI,350301,钟表珠宝,350300,饰品,350000,纺织服饰,002345.SZ,002345.SZ,潮宏基,2021-12-13,钟表珠宝
851331.SI,350301,钟表珠宝,350300,饰品,350000,纺织服饰,002574.SZ,002574.SZ,明牌珠宝,2021-12-13,钟表珠宝
851331.SI,350301,钟表珠宝,350300,饰品,350000,纺织服饰,002721.SZ,002721.SZ,金一文化,2021-12-13,钟表珠宝
851331.SI,350301,钟表珠宝,350300,饰品,350000,纺织服饰,002731.SZ,002731.SZ,*ST萃华,2021-12-13,钟表珠宝
851331.SI,350301,钟表珠宝,350300,饰品,350000,纺织服饰,002867.SZ,002867.SZ,周大生,2021-12-13,钟表珠宝
851331.SI,350301,钟表珠宝,350300,饰品,350000,纺织服饰,300945.SZ,300945.SZ,曼卡龙,2021-12-13,钟表珠宝
851331.SI,350301,钟表珠宝,350300,饰品,350000,纺织服饰,600612.SH,600612.SH,老凤祥,2021-12-13,钟表珠宝
851331.SI,350301,钟表珠宝,350300,饰品,350000,纺织服饰,600916.SH,600916.SH,中国黄金,2021-12-13,钟表珠宝
851331.SI,350301,钟表珠宝,350300,饰品,350000,纺织服饰,603900.SH,603900.SH,莱绅通灵,2021-12-13,钟表珠宝
851331.SI,350301,钟表珠宝,350300,饰品,350000,纺织服饰,605599.SH,605599.SH,菜百股份,2021-12-13,钟表珠宝
851331.SI,350301,钟表珠宝,350300,饰品,350000,纺织服饰,301177.SZ,301177.SZ,迪阿股份,2021-12-15,钟表珠宝
851331.SI,350301,钟表珠宝,350300,饰品,350000,纺织服饰,000017.SZ,000017.SZ,深中华A,2022-08-01,钟表珠宝
851331.SI,350301,钟表珠宝,350300,饰品,350000,纺织服饰,000026.SZ,000026.SZ,飞亚达,2021-12-13,钟表珠宝
851333.SI,350303,其他饰品,350300,饰品,350000,纺织服饰,600735.SH,600735.SH,ST新华锦,2021-12-13,其他饰品
851333.SI,350303,其他饰品,350300,饰品,350000,纺织服饰,600439.SH,600439.SH,ST瑞贝卡,2021-12-13,其他饰品
851412.SI,360102,大宗用纸,360100,造纸,360000,轻工制造,002067.SZ,002067.SZ,景兴纸业,2021-12-13,大宗用纸
851412.SI,360102,大宗用纸,360100,造纸,360000,轻工制造,002078.SZ,002078.SZ,太阳纸业,2021-12-13,大宗用纸
851412.SI,360102,大宗用纸,360100,造纸,360000,轻工制造,600308.SH,600308.SH,华泰股份,2021-12-13,大宗用纸
851412.SI,360102,大宗用纸,360100,造纸,360000,轻工制造,600567.SH,600567.SH,山鹰国际,2021-12-13,大宗用纸
851412.SI,360102,大宗用纸,360100,造纸,360000,轻工制造,600963.SH,600963.SH,岳阳林纸,2021-12-13,大宗用纸
851412.SI,360102,大宗用纸,360100,造纸,360000,轻工制造,600966.SH,600966.SH,博汇纸业,2021-12-13,大宗用纸
851412.SI,360102,大宗用纸,360100,造纸,360000,轻工制造,603165.SH,603165.SH,荣晟环保,2021-12-13,大宗用纸
851412.SI,360102,大宗用纸,360100,造纸,360000,轻工制造,603863.SH,603863.SH,松炀资源,2021-12-13,大宗用纸
851412.SI,360102,大宗用纸,360100,造纸,360000,轻工制造,605500.SH,605500.SH,森林包装,2021-12-13,大宗用纸
851412.SI,360102,大宗用纸,360100,造纸,360000,轻工制造,603284.SH,603284.SH,林平发展,2026-02-10,大宗用纸
851412.SI,360102,大宗用纸,360100,造纸,360000,轻工制造,000488.SZ,000488.SZ,ST晨鸣,2021-12-13,大宗用纸
851413.SI,360103,特种纸,360100,造纸,360000,轻工制造,002235.SZ,002235.SZ,安妮股份,2021-12-13,特种纸
851413.SI,360103,特种纸,360100,造纸,360000,轻工制造,002521.SZ,002521.SZ,齐峰新材,2021-12-13,特种纸
851413.SI,360103,特种纸,360100,造纸,360000,轻工制造,600103.SH,600103.SH,青山纸业,2021-12-13,特种纸
851413.SI,360103,特种纸,360100,造纸,360000,轻工制造,600235.SH,600235.SH,民丰特纸,2021-12-13,特种纸
851413.SI,360103,特种纸,360100,造纸,360000,轻工制造,600356.SH,600356.SH,恒丰纸业,2021-12-13,特种纸
851413.SI,360103,特种纸,360100,造纸,360000,轻工制造,600433.SH,600433.SH,冠豪高新,2021-12-13,特种纸
851413.SI,360103,特种纸,360100,造纸,360000,轻工制造,600793.SH,600793.SH,宜宾纸业,2021-12-13,特种纸
851413.SI,360103,特种纸,360100,造纸,360000,轻工制造,603733.SH,603733.SH,仙鹤股份,2021-12-13,特种纸
851413.SI,360103,特种纸,360100,造纸,360000,轻工制造,605007.SH,605007.SH,五洲特纸,2021-12-13,特种纸
851413.SI,360103,特种纸,360100,造纸,360000,轻工制造,605377.SH,605377.SH,华旺科技,2021-12-13,特种纸
851413.SI,360103,特种纸,360100,造纸,360000,轻工制造,301469.SZ,301469.SZ,恒达新材,2023-08-22,特种纸
851413.SI,360103,特种纸,360100,造纸,360000,轻工制造,002012.SZ,002012.SZ,凯恩股份,2021-12-13,特种纸
851422.SI,360202,印刷,360200,包装印刷,360000,轻工制造,002599.SZ,002599.SZ,盛通股份,2021-12-13,印刷
851422.SI,360202,印刷,360200,包装印刷,360000,轻工制造,001279.SZ,001279.SZ,强邦新材,2024-10-11,印刷
851422.SI,360202,印刷,360200,包装印刷,360000,轻工制造,002117.SZ,002117.SZ,东港股份,2021-12-13,印刷
851423.SI,360203,金属包装,360200,包装印刷,360000,轻工制造,002701.SZ,002701.SZ,奥瑞金,2021-12-13,金属包装
851423.SI,360203,金属包装,360200,包装印刷,360000,轻工制造,002752.SZ,002752.SZ,昇兴股份,2021-12-13,金属包装
851423.SI,360203,金属包装,360200,包装印刷,360000,轻工制造,002787.SZ,002787.SZ,华源控股,2021-12-13,金属包装
851423.SI,360203,金属包装,360200,包装印刷,360000,轻工制造,002846.SZ,002846.SZ,英联股份,2021-12-13,金属包装
851423.SI,360203,金属包装,360200,包装印刷,360000,轻工制造,002969.SZ,002969.SZ,嘉美包装,2021-12-13,金属包装
851423.SI,360203,金属包装,360200,包装印刷,360000,轻工制造,601968.SH,601968.SH,宝钢包装,2021-12-13,金属包装
851423.SI,360203,金属包装,360200,包装印刷,360000,轻工制造,002374.SZ,002374.SZ,中锐股份,2021-12-13,金属包装
851424.SI,360204,塑料包装,360200,包装印刷,360000,轻工制造,002014.SZ,002014.SZ,永新股份,2021-12-13,塑料包装
851424.SI,360204,塑料包装,360200,包装印刷,360000,轻工制造,002735.SZ,002735.SZ,王子新材,2021-12-13,塑料包装
851424.SI,360204,塑料包装,360200,包装印刷,360000,轻工制造,003018.SZ,003018.SZ,金富科技,2021-12-13,塑料包装
851424.SI,360204,塑料包装,360200,包装印刷,360000,轻工制造,301198.SZ,301198.SZ,喜悦智行,2021-12-13,塑料包装
851424.SI,360204,塑料包装,360200,包装印刷,360000,轻工制造,600210.SH,600210.SH,紫江企业,2021-12-13,塑料包装
851424.SI,360204,塑料包装,360200,包装印刷,360000,轻工制造,000659.SZ,000659.SZ,珠海中富,2021-12-13,塑料包装
851425.SI,360205,纸包装,360200,包装印刷,360000,轻工制造,002191.SZ,002191.SZ,劲嘉股份,2021-12-13,纸包装
851425.SI,360205,纸包装,360200,包装印刷,360000,轻工制造,002228.SZ,002228.SZ,合兴包装,2021-12-13,纸包装
851425.SI,360205,纸包装,360200,包装印刷,360000,轻工制造,002303.SZ,002303.SZ,美盈森,2021-12-13,纸包装
851425.SI,360205,纸包装,360200,包装印刷,360000,轻工制造,002565.SZ,002565.SZ,顺灏股份,2021-12-13,纸包装
851425.SI,360205,纸包装,360200,包装印刷,360000,轻工制造,002799.SZ,002799.SZ,环球印务,2021-12-13,纸包装
851425.SI,360205,纸包装,360200,包装印刷,360000,轻工制造,002831.SZ,002831.SZ,裕同科技,2021-12-13,纸包装
851425.SI,360205,纸包装,360200,包装印刷,360000,轻工制造,002836.SZ,002836.SZ,新宏泽,2021-12-13,纸包装
851425.SI,360205,纸包装,360200,包装印刷,360000,轻工制造,300883.SZ,300883.SZ,龙利得,2021-12-13,纸包装
851425.SI,360205,纸包装,360200,包装印刷,360000,轻工制造,301062.SZ,301062.SZ,上海艾录,2021-12-13,纸包装
851425.SI,360205,纸包装,360200,包装印刷,360000,轻工制造,601515.SH,601515.SH,衢州东峰,2021-12-13,纸包装
851425.SI,360205,纸包装,360200,包装印刷,360000,轻工制造,603058.SH,603058.SH,永吉股份,2021-12-13,纸包装
851425.SI,360205,纸包装,360200,包装印刷,360000,轻工制造,603429.SH,603429.SH,*ST集友,2021-12-13,纸包装
851425.SI,360205,纸包装,360200,包装印刷,360000,轻工制造,603499.SH,603499.SH,翔港科技,2021-12-13,纸包装
851425.SI,360205,纸包装,360200,包装印刷,360000,轻工制造,603687.SH,603687.SH,大胜达,2021-12-13,纸包装
851425.SI,360205,纸包装,360200,包装印刷,360000,轻工制造,301296.SZ,301296.SZ,新巨丰,2022-09-02,纸包装
851425.SI,360205,纸包装,360200,包装印刷,360000,轻工制造,301223.SZ,301223.SZ,中荣股份,2022-10-26,纸包装
851425.SI,360205,纸包装,360200,包装印刷,360000,轻工制造,301355.SZ,301355.SZ,南王科技,2023-06-12,纸包装
851425.SI,360205,纸包装,360200,包装印刷,360000,轻工制造,603091.SH,603091.SH,众鑫股份,2024-08-30,纸包装
851425.SI,360205,纸包装,360200,包装印刷,360000,轻工制造,000812.SZ,000812.SZ,陕西金叶,2021-12-13,纸包装
851426.SI,360206,综合包装,360200,包装印刷,360000,轻工制造,300501.SZ,300501.SZ,海顺新材,2021-12-13,综合包装
851426.SI,360206,综合包装,360200,包装印刷,360000,轻工制造,603022.SH,603022.SH,新通联,2021-12-13,综合包装
851426.SI,360206,综合包装,360200,包装印刷,360000,轻工制造,603607.SH,603607.SH,京华激光,2021-12-13,综合包装
851426.SI,360206,综合包装,360200,包装印刷,360000,轻工制造,600076.SH,600076.SH,康欣新材,2022-08-01,综合包装
851426.SI,360206,综合包装,360200,包装印刷,360000,轻工制造,003003.SZ,003003.SZ,天元股份,2021-12-13,综合包装
851436.SI,360306,瓷砖地板,360300,家居用品,360000,轻工制造,002162.SZ,002162.SZ,悦心健康,2021-12-13,瓷砖地板
851436.SI,360306,瓷砖地板,360300,家居用品,360000,轻工制造,002798.SZ,002798.SZ,帝欧水华,2021-12-13,瓷砖地板
851436.SI,360306,瓷砖地板,360300,家居用品,360000,轻工制造,002918.SZ,002918.SZ,蒙娜丽莎,2021-12-13,瓷砖地板
851436.SI,360306,瓷砖地板,360300,家居用品,360000,轻工制造,003011.SZ,003011.SZ,海象新材,2021-12-13,瓷砖地板
851436.SI,360306,瓷砖地板,360300,家居用品,360000,轻工制造,003012.SZ,003012.SZ,东鹏控股,2021-12-13,瓷砖地板
851436.SI,360306,瓷砖地板,360300,家居用品,360000,轻工制造,603221.SH,603221.SH,爱丽家居,2021-12-13,瓷砖地板
851436.SI,360306,瓷砖地板,360300,家居用品,360000,轻工制造,603226.SH,603226.SH,菲林格尔,2021-12-13,瓷砖地板
851436.SI,360306,瓷砖地板,360300,家居用品,360000,轻工制造,301356.SZ,301356.SZ,天振股份,2022-11-14,瓷砖地板
851436.SI,360306,瓷砖地板,360300,家居用品,360000,轻工制造,301588.SZ,301588.SZ,美新科技,2024-03-13,瓷砖地板
851436.SI,360306,瓷砖地板,360300,家居用品,360000,轻工制造,603725.SH,603725.SH,天安新材,2024-07-31,瓷砖地板
851436.SI,360306,瓷砖地板,360300,家居用品,360000,轻工制造,002631.SZ,002631.SZ,德尔未来,2025-08-13,瓷砖地板
851436.SI,360306,瓷砖地板,360300,家居用品,360000,轻工制造,001386.SZ,001386.SZ,马可波罗,2025-10-22,瓷砖地板
851436.SI,360306,瓷砖地板,360300,家居用品,360000,轻工制造,000910.SZ,000910.SZ,大亚圣象,2021-12-13,瓷砖地板
851437.SI,360307,成品家居,360300,家居用品,360000,轻工制造,301061.SZ,301061.SZ,匠心家居,2021-12-13,成品家居
851437.SI,360307,成品家居,360300,家居用品,360000,轻工制造,600337.SH,600337.SH,ST美克,2021-12-13,成品家居
851437.SI,360307,成品家居,360300,家居用品,360000,轻工制造,603008.SH,603008.SH,ST喜临门,2021-12-13,成品家居
851437.SI,360307,成品家居,360300,家居用品,360000,轻工制造,603313.SH,603313.SH,梦百合,2021-12-13,成品家居
851437.SI,360307,成品家居,360300,家居用品,360000,轻工制造,603389.SH,603389.SH,亚振家居,2021-12-13,成品家居
851437.SI,360307,成品家居,360300,家居用品,360000,轻工制造,603600.SH,603600.SH,永艺股份,2021-12-13,成品家居
851437.SI,360307,成品家居,360300,家居用品,360000,轻工制造,603610.SH,603610.SH,麒盛科技,2021-12-13,成品家居
851437.SI,360307,成品家居,360300,家居用品,360000,轻工制造,603661.SH,603661.SH,恒林股份,2021-12-13,成品家居
851437.SI,360307,成品家居,360300,家居用品,360000,轻工制造,603709.SH,603709.SH,中源家居,2021-12-13,成品家居
851437.SI,360307,成品家居,360300,家居用品,360000,轻工制造,603816.SH,603816.SH,顾家家居,2021-12-13,成品家居
851437.SI,360307,成品家居,360300,家居用品,360000,轻工制造,603818.SH,603818.SH,曲美家居,2021-12-13,成品家居
851437.SI,360307,成品家居,360300,家居用品,360000,轻工制造,603848.SH,603848.SH,好太太,2021-12-13,成品家居
851437.SI,360307,成品家居,360300,家居用品,360000,轻工制造,001323.SZ,001323.SZ,慕思股份,2022-08-09,成品家居
851437.SI,360307,成品家居,360300,家居用品,360000,轻工制造,301336.SZ,301336.SZ,趣睡科技,2022-08-12,成品家居
851437.SI,360307,成品家居,360300,家居用品,360000,轻工制造,301376.SZ,301376.SZ,致欧科技,2023-06-21,成品家居
851437.SI,360307,成品家居,360300,家居用品,360000,轻工制造,002489.SZ,002489.SZ,浙江永强,2021-12-13,成品家居
851438.SI,360308,定制家居,360300,家居用品,360000,轻工制造,002853.SZ,002853.SZ,皮阿诺,2021-12-13,定制家居
851438.SI,360308,定制家居,360300,家居用品,360000,轻工制造,300616.SZ,300616.SZ,尚品宅配,2021-12-13,定制家居
851438.SI,360308,定制家居,360300,家居用品,360000,轻工制造,300749.SZ,300749.SZ,顶固集创,2021-12-13,定制家居
851438.SI,360308,定制家居,360300,家居用品,360000,轻工制造,603180.SH,603180.SH,金牌家居,2021-12-13,定制家居
851438.SI,360308,定制家居,360300,家居用品,360000,轻工制造,603208.SH,603208.SH,江山欧派,2021-12-13,定制家居
851438.SI,360308,定制家居,360300,家居用品,360000,轻工制造,603326.SH,603326.SH,我乐家居,2021-12-13,定制家居
851438.SI,360308,定制家居,360300,家居用品,360000,轻工制造,603801.SH,603801.SH,志邦家居,2021-12-13,定制家居
851438.SI,360308,定制家居,360300,家居用品,360000,轻工制造,603833.SH,603833.SH,欧派家居,2021-12-13,定制家居
851438.SI,360308,定制家居,360300,家居用品,360000,轻工制造,603898.SH,603898.SH,好莱客,2021-12-13,定制家居
851438.SI,360308,定制家居,360300,家居用品,360000,轻工制造,605268.SH,605268.SH,王力安防,2021-12-13,定制家居
851438.SI,360308,定制家居,360300,家居用品,360000,轻工制造,603216.SH,603216.SH,梦天家居,2021-12-15,定制家居
851438.SI,360308,定制家居,360300,家居用品,360000,轻工制造,301227.SZ,301227.SZ,森鹰窗业,2022-09-26,定制家居
851438.SI,360308,定制家居,360300,家居用品,360000,轻工制造,002572.SZ,002572.SZ,索菲亚,2021-12-13,定制家居
851439.SI,360309,卫浴制品,360300,家居用品,360000,轻工制造,002790.SZ,002790.SZ,瑞尔特,2021-12-13,卫浴制品
851439.SI,360309,卫浴制品,360300,家居用品,360000,轻工制造,603385.SH,603385.SH,惠达卫浴,2021-12-13,卫浴制品
851439.SI,360309,卫浴制品,360300,家居用品,360000,轻工制造,603408.SH,603408.SH,建霖家居,2021-12-13,卫浴制品
851439.SI,360309,卫浴制品,360300,家居用品,360000,轻工制造,603992.SH,603992.SH,松霖科技,2021-12-13,卫浴制品
851439.SI,360309,卫浴制品,360300,家居用品,360000,轻工制造,001322.SZ,001322.SZ,箭牌家居,2022-10-26,卫浴制品
851439.SI,360309,卫浴制品,360300,家居用品,360000,轻工制造,301575.SZ,301575.SZ,艾芬达,2025-09-10,卫浴制品
851439.SI,360309,卫浴制品,360300,家居用品,360000,轻工制造,002084.SZ,002084.SZ,海鸥住工,2021-12-13,卫浴制品
851491.SI,360311,其他家居用品,360300,家居用品,360000,轻工制造,001216.SZ,001216.SZ,华瓷股份,2021-12-13,其他家居用品
851491.SI,360311,其他家居用品,360300,家居用品,360000,轻工制造,002571.SZ,002571.SZ,德力股份,2021-12-13,其他家居用品
851491.SI,360311,其他家居用品,360300,家居用品,360000,轻工制造,002615.SZ,002615.SZ,哈尔斯,2021-12-13,其他家居用品
851491.SI,360311,其他家居用品,360300,家居用品,360000,轻工制造,300640.SZ,300640.SZ,德艺文创,2021-12-13,其他家居用品
851491.SI,360311,其他家居用品,360300,家居用品,360000,轻工制造,300729.SZ,300729.SZ,乐歌股份,2021-12-13,其他家居用品
851491.SI,360311,其他家居用品,360300,家居用品,360000,轻工制造,300993.SZ,300993.SZ,玉马科技,2021-12-13,其他家居用品
851491.SI,360311,其他家居用品,360300,家居用品,360000,轻工制造,301004.SZ,301004.SZ,嘉益股份,2021-12-13,其他家居用品
851491.SI,360311,其他家居用品,360300,家居用品,360000,轻工制造,301055.SZ,301055.SZ,张小泉,2021-12-13,其他家居用品
851491.SI,360311,其他家居用品,360300,家居用品,360000,轻工制造,301113.SZ,301113.SZ,雅艺科技,2021-12-13,其他家居用品
851491.SI,360311,其他家居用品,360300,家居用品,360000,轻工制造,301193.SZ,301193.SZ,家联科技,2021-12-13,其他家居用品
851491.SI,360311,其他家居用品,360300,家居用品,360000,轻工制造,603021.SH,603021.SH,*ST华鹏,2021-12-13,其他家居用品
851491.SI,360311,其他家居用品,360300,家居用品,360000,轻工制造,603195.SH,603195.SH,公牛集团,2021-12-13,其他家居用品
851491.SI,360311,其他家居用品,360300,家居用品,360000,轻工制造,603615.SH,603615.SH,茶花股份,2021-12-13,其他家居用品
851491.SI,360311,其他家居用品,360300,家居用品,360000,轻工制造,603838.SH,603838.SH,*ST四通,2021-12-13,其他家居用品
851491.SI,360311,其他家居用品,360300,家居用品,360000,轻工制造,605099.SH,605099.SH,共创草坪,2021-12-13,其他家居用品
851491.SI,360311,其他家居用品,360300,家居用品,360000,轻工制造,605155.SH,605155.SH,西大门,2021-12-13,其他家居用品
851491.SI,360311,其他家居用品,360300,家居用品,360000,轻工制造,603272.SH,603272.SH,*ST联翔,2022-05-20,其他家居用品
851491.SI,360311,其他家居用品,360300,家居用品,360000,轻工制造,601996.SH,601996.SH,丰林集团,2022-08-01,其他家居用品
851491.SI,360311,其他家居用品,360300,家居用品,360000,轻工制造,001356.SZ,001356.SZ,富岭股份,2025-01-23,其他家居用品
851491.SI,360311,其他家居用品,360300,家居用品,360000,轻工制造,301501.SZ,301501.SZ,恒鑫生活,2025-03-19,其他家居用品
851491.SI,360311,其他家居用品,360300,家居用品,360000,轻工制造,301595.SZ,301595.SZ,太力科技,2025-05-19,其他家居用品
851491.SI,360311,其他家居用品,360300,家居用品,360000,轻工制造,001221.SZ,001221.SZ,悍高集团,2025-07-30,其他家居用品
851491.SI,360311,其他家居用品,360300,家居用品,360000,轻工制造,688087.SH,688087.SH,英科再生,2026-07-02,其他家居用品
851491.SI,360311,其他家居用品,360300,家居用品,360000,轻工制造,001211.SZ,001211.SZ,双枪科技,2021-12-13,其他家居用品
851451.SI,360501,文化用品,360500,文娱用品,360000,轻工制造,300703.SZ,300703.SZ,创源股份,2021-12-13,文化用品
851451.SI,360501,文化用品,360500,文娱用品,360000,轻工制造,603899.SH,603899.SH,晨光股份,2021-12-13,文化用品
851451.SI,360501,文化用品,360500,文娱用品,360000,轻工制造,301101.SZ,301101.SZ,明月镜片,2021-12-16,文化用品
851451.SI,360501,文化用品,360500,文娱用品,360000,轻工制造,002103.SZ,002103.SZ,广博股份,2022-08-01,文化用品
851451.SI,360501,文化用品,360500,文娱用品,360000,轻工制造,002301.SZ,002301.SZ,齐心集团,2021-12-13,文化用品
851452.SI,360502,娱乐用品,360500,文娱用品,360000,轻工制造,002678.SZ,002678.SZ,珠江钢琴,2021-12-13,娱乐用品
851452.SI,360502,娱乐用品,360500,文娱用品,360000,轻工制造,002862.SZ,002862.SZ,实丰文化,2021-12-13,娱乐用品
851452.SI,360502,娱乐用品,360500,文娱用品,360000,轻工制造,002899.SZ,002899.SZ,英派斯,2021-12-13,娱乐用品
851452.SI,360502,娱乐用品,360500,文娱用品,360000,轻工制造,300329.SZ,300329.SZ,海伦钢琴,2021-12-13,娱乐用品
851452.SI,360502,娱乐用品,360500,文娱用品,360000,轻工制造,605080.SH,605080.SH,浙江自然,2021-12-13,娱乐用品
851452.SI,360502,娱乐用品,360500,文娱用品,360000,轻工制造,605299.SH,605299.SH,舒华体育,2021-12-13,娱乐用品
851452.SI,360502,娱乐用品,360500,文娱用品,360000,轻工制造,301011.SZ,301011.SZ,华立科技,2022-08-01,娱乐用品
851452.SI,360502,娱乐用品,360500,文娱用品,360000,轻工制造,001222.SZ,001222.SZ,源飞宠物,2022-08-18,娱乐用品
851452.SI,360502,娱乐用品,360500,文娱用品,360000,轻工制造,001238.SZ,001238.SZ,浙江正特,2022-09-19,娱乐用品
851452.SI,360502,娱乐用品,360500,文娱用品,360000,轻工制造,001300.SZ,001300.SZ,三柏硕,2022-10-19,娱乐用品
851452.SI,360502,娱乐用品,360500,文娱用品,360000,轻工制造,301335.SZ,301335.SZ,天元宠物,2022-11-18,娱乐用品
851452.SI,360502,娱乐用品,360500,文娱用品,360000,轻工制造,001368.SZ,001368.SZ,通达创智,2023-03-13,娱乐用品
851452.SI,360502,娱乐用品,360500,文娱用品,360000,轻工制造,301287.SZ,301287.SZ,康力源,2023-06-15,娱乐用品
851452.SI,360502,娱乐用品,360500,文娱用品,360000,轻工制造,300651.SZ,300651.SZ,金陵体育,2023-07-06,娱乐用品
851452.SI,360502,娱乐用品,360500,文娱用品,360000,轻工制造,002348.SZ,002348.SZ,高乐股份,2021-12-13,娱乐用品
851511.SI,370101,原料药,370100,化学制药,370000,医药生物,000756.SZ,000756.SZ,新华制药,2021-12-13,原料药
851511.SI,370101,原料药,370100,化学制药,370000,医药生物,000952.SZ,000952.SZ,广济药业,2021-12-13,原料药
851511.SI,370101,原料药,370100,化学制药,370000,医药生物,002099.SZ,002099.SZ,海翔药业,2021-12-13,原料药
851511.SI,370101,原料药,370100,化学制药,370000,医药生物,002102.SZ,002102.SZ,ST能特,2021-12-13,原料药
851511.SI,370101,原料药,370100,化学制药,370000,医药生物,002365.SZ,002365.SZ,永安药业,2021-12-13,原料药
851511.SI,370101,原料药,370100,化学制药,370000,医药生物,300267.SZ,300267.SZ,尔康制药,2021-12-13,原料药
851511.SI,370101,原料药,370100,化学制药,370000,医药生物,300381.SZ,300381.SZ,溢多利,2021-12-13,原料药
851511.SI,370101,原料药,370100,化学制药,370000,医药生物,300401.SZ,300401.SZ,花园生物,2021-12-13,原料药
851511.SI,370101,原料药,370100,化学制药,370000,医药生物,300452.SZ,300452.SZ,山河药辅,2021-12-13,原料药
851511.SI,370101,原料药,370100,化学制药,370000,医药生物,300497.SZ,300497.SZ,富祥股份,2021-12-13,原料药
851511.SI,370101,原料药,370100,化学制药,370000,医药生物,300583.SZ,300583.SZ,赛托生物,2021-12-13,原料药
851511.SI,370101,原料药,370100,化学制药,370000,医药生物,300636.SZ,300636.SZ,同和药业,2021-12-13,原料药
851511.SI,370101,原料药,370100,化学制药,370000,医药生物,300702.SZ,300702.SZ,天宇股份,2021-12-13,原料药
851511.SI,370101,原料药,370100,化学制药,370000,医药生物,300765.SZ,300765.SZ,石药创新,2021-12-13,原料药
851511.SI,370101,原料药,370100,化学制药,370000,医药生物,300966.SZ,300966.SZ,共同药业,2021-12-13,原料药
851511.SI,370101,原料药,370100,化学制药,370000,医药生物,301089.SZ,301089.SZ,拓新药业,2021-12-13,原料药
851511.SI,370101,原料药,370100,化学制药,370000,医药生物,301211.SZ,301211.SZ,亨迪药业,2021-12-13,原料药
851511.SI,370101,原料药,370100,化学制药,370000,医药生物,600216.SH,600216.SH,浙江医药,2021-12-13,原料药
851511.SI,370101,原料药,370100,化学制药,370000,医药生物,603229.SH,603229.SH,奥翔药业,2021-12-13,原料药
851511.SI,370101,原料药,370100,化学制药,370000,医药生物,603351.SH,603351.SH,威尔药业,2021-12-13,原料药
851511.SI,370101,原料药,370100,化学制药,370000,医药生物,603520.SH,603520.SH,司太立,2021-12-13,原料药
851511.SI,370101,原料药,370100,化学制药,370000,医药生物,603538.SH,603538.SH,美诺华,2021-12-13,原料药
851511.SI,370101,原料药,370100,化学制药,370000,医药生物,605116.SH,605116.SH,奥锐特,2021-12-13,原料药
851511.SI,370101,原料药,370100,化学制药,370000,医药生物,605177.SH,605177.SH,东亚药业,2021-12-13,原料药
851511.SI,370101,原料药,370100,化学制药,370000,医药生物,605507.SH,605507.SH,国邦医药,2021-12-13,原料药
851511.SI,370101,原料药,370100,化学制药,370000,医药生物,688356.SH,688356.SH,键凯科技,2021-12-13,原料药
851511.SI,370101,原料药,370100,化学制药,370000,医药生物,688690.SH,688690.SH,纳微科技,2021-12-13,原料药
851511.SI,370101,原料药,370100,化学制药,370000,医药生物,301258.SZ,301258.SZ,富士莱,2022-03-29,原料药
851511.SI,370101,原料药,370100,化学制药,370000,医药生物,000953.SZ,000953.SZ,中哲精化,2022-08-01,原料药
851511.SI,370101,原料药,370100,化学制药,370000,医药生物,002332.SZ,002332.SZ,仙琚制药,2022-08-01,原料药
851511.SI,370101,原料药,370100,化学制药,370000,医药生物,002817.SZ,002817.SZ,黄山胶囊,2022-08-01,原料药
851511.SI,370101,原料药,370100,化学制药,370000,医药生物,301065.SZ,301065.SZ,本立科技,2022-08-01,原料药
851511.SI,370101,原料药,370100,化学制药,370000,医药生物,600488.SH,600488.SH,津药药业,2022-08-01,原料药
851511.SI,370101,原料药,370100,化学制药,370000,医药生物,688166.SH,688166.SH,博瑞医药,2022-08-01,原料药
851511.SI,370101,原料药,370100,化学制药,370000,医药生物,301277.SZ,301277.SZ,新天地,2022-11-16,原料药
851511.SI,370101,原料药,370100,化学制药,370000,医药生物,301246.SZ,301246.SZ,宏源药业,2023-03-20,原料药
851511.SI,370101,原料药,370100,化学制药,370000,医药生物,301281.SZ,301281.SZ,科源制药,2023-04-04,原料药
851511.SI,370101,原料药,370100,化学制药,370000,医药生物,001367.SZ,001367.SZ,海森药业,2023-04-10,原料药
851511.SI,370101,原料药,370100,化学制药,370000,医药生物,301301.SZ,301301.SZ,川宁生物,2024-07-31,原料药
851511.SI,370101,原料药,370100,化学制药,370000,医药生物,688076.SH,688076.SH,ST诺泰,2024-12-24,原料药
851511.SI,370101,原料药,370100,化学制药,370000,医药生物,688758.SH,688758.SH,赛分科技,2025-01-13,原料药
851511.SI,370101,原料药,370100,化学制药,370000,医药生物,000739.SZ,000739.SZ,普洛药业,2021-12-13,原料药
851512.SI,370102,化学制剂,370100,化学制药,370000,医药生物,000513.SZ,000513.SZ,丽珠集团,2021-12-13,化学制剂
851512.SI,370102,化学制剂,370100,化学制药,370000,医药生物,000566.SZ,000566.SZ,海南海药,2021-12-13,化学制剂
851512.SI,370102,化学制剂,370100,化学制药,370000,医药生物,000597.SZ,000597.SZ,东北制药,2021-12-13,化学制剂
851512.SI,370102,化学制剂,370100,化学制药,370000,医药生物,000766.SZ,000766.SZ,通化金马,2021-12-13,化学制剂
851512.SI,370102,化学制剂,370100,化学制药,370000,医药生物,000788.SZ,000788.SZ,北大医药,2021-12-13,化学制剂
851512.SI,370102,化学制剂,370100,化学制药,370000,医药生物,000813.SZ,000813.SZ,德展健康,2021-12-13,化学制剂
851512.SI,370102,化学制剂,370100,化学制药,370000,医药生物,000908.SZ,000908.SZ,石药景峰,2021-12-13,化学制剂
851512.SI,370102,化学制剂,370100,化学制药,370000,医药生物,000915.SZ,000915.SZ,华特达因,2021-12-13,化学制剂
851512.SI,370102,化学制剂,370100,化学制药,370000,医药生物,000931.SZ,000931.SZ,中关村,2021-12-13,化学制剂
851512.SI,370102,化学制剂,370100,化学制药,370000,医药生物,000963.SZ,000963.SZ,华东医药,2021-12-13,化学制剂
851512.SI,370102,化学制剂,370100,化学制药,370000,医药生物,002004.SZ,002004.SZ,华邦健康,2021-12-13,化学制剂
851512.SI,370102,化学制剂,370100,化学制药,370000,医药生物,002019.SZ,002019.SZ,亿帆医药,2021-12-13,化学制剂
851512.SI,370102,化学制剂,370100,化学制药,370000,医药生物,002020.SZ,002020.SZ,京新药业,2021-12-13,化学制剂
851512.SI,370102,化学制剂,370100,化学制药,370000,医药生物,002262.SZ,002262.SZ,恩华药业,2021-12-13,化学制剂
851512.SI,370102,化学制剂,370100,化学制药,370000,医药生物,002294.SZ,002294.SZ,信立泰,2021-12-13,化学制剂
851512.SI,370102,化学制剂,370100,化学制药,370000,医药生物,002370.SZ,002370.SZ,亚太药业,2021-12-13,化学制剂
851512.SI,370102,化学制剂,370100,化学制药,370000,医药生物,002393.SZ,002393.SZ,力生制药,2021-12-13,化学制剂
851512.SI,370102,化学制剂,370100,化学制药,370000,医药生物,002422.SZ,002422.SZ,科伦药业,2021-12-13,化学制剂
851512.SI,370102,化学制剂,370100,化学制药,370000,医药生物,002437.SZ,002437.SZ,誉衡药业,2021-12-13,化学制剂
851512.SI,370102,化学制剂,370100,化学制药,370000,医药生物,002550.SZ,002550.SZ,千红制药,2021-12-13,化学制剂
851512.SI,370102,化学制剂,370100,化学制药,370000,医药生物,002653.SZ,002653.SZ,海思科,2021-12-13,化学制剂
851512.SI,370102,化学制剂,370100,化学制药,370000,医药生物,002675.SZ,002675.SZ,东诚药业,2021-12-13,化学制剂
851512.SI,370102,化学制剂,370100,化学制药,370000,医药生物,002755.SZ,002755.SZ,奥赛康,2021-12-13,化学制剂
851512.SI,370102,化学制剂,370100,化学制药,370000,医药生物,002793.SZ,002793.SZ,罗欣药业,2021-12-13,化学制剂
851512.SI,370102,化学制剂,370100,化学制药,370000,医药生物,002826.SZ,002826.SZ,易明医药,2021-12-13,化学制剂
851512.SI,370102,化学制剂,370100,化学制药,370000,医药生物,002900.SZ,002900.SZ,哈三联,2021-12-13,化学制剂
851512.SI,370102,化学制剂,370100,化学制药,370000,医药生物,002923.SZ,002923.SZ,润都股份,2021-12-13,化学制剂
851512.SI,370102,化学制剂,370100,化学制药,370000,医药生物,002940.SZ,002940.SZ,昂利康,2021-12-13,化学制剂
851512.SI,370102,化学制剂,370100,化学制药,370000,医药生物,003020.SZ,003020.SZ,立方制药,2021-12-13,化学制剂
851512.SI,370102,化学制剂,370100,化学制药,370000,医药生物,300006.SZ,300006.SZ,莱美药业,2021-12-13,化学制剂
851512.SI,370102,化学制剂,370100,化学制药,370000,医药生物,300016.SZ,300016.SZ,北陆药业,2021-12-13,化学制剂
851512.SI,370102,化学制剂,370100,化学制药,370000,医药生物,300086.SZ,300086.SZ,康芝药业,2021-12-13,化学制剂
851512.SI,370102,化学制剂,370100,化学制药,370000,医药生物,300110.SZ,300110.SZ,华仁药业,2021-12-13,化学制剂
851512.SI,370102,化学制剂,370100,化学制药,370000,医药生物,300194.SZ,300194.SZ,福安药业,2021-12-13,化学制剂
851512.SI,370102,化学制剂,370100,化学制药,370000,医药生物,300199.SZ,300199.SZ,翰宇药业,2021-12-13,化学制剂
851512.SI,370102,化学制剂,370100,化学制药,370000,医药生物,300233.SZ,300233.SZ,金城医药,2021-12-13,化学制剂
851512.SI,370102,化学制剂,370100,化学制药,370000,医药生物,300254.SZ,300254.SZ,仟源医药,2021-12-13,化学制剂
851512.SI,370102,化学制剂,370100,化学制药,370000,医药生物,300255.SZ,300255.SZ,常山药业,2021-12-13,化学制剂
851512.SI,370102,化学制剂,370100,化学制药,370000,医药生物,300434.SZ,300434.SZ,金石亚药,2021-12-13,化学制剂
851512.SI,370102,化学制剂,370100,化学制药,370000,医药生物,300436.SZ,300436.SZ,广生堂,2021-12-13,化学制剂
851512.SI,370102,化学制剂,370100,化学制药,370000,医药生物,300558.SZ,300558.SZ,贝达药业,2021-12-13,化学制剂
851512.SI,370102,化学制剂,370100,化学制药,370000,医药生物,300573.SZ,300573.SZ,兴齐眼药,2021-12-13,化学制剂
851512.SI,370102,化学制剂,370100,化学制药,370000,医药生物,300584.SZ,300584.SZ,海辰药业,2021-12-13,化学制剂
851512.SI,370102,化学制剂,370100,化学制药,370000,医药生物,300705.SZ,300705.SZ,九典制药,2021-12-13,化学制剂
851512.SI,370102,化学制剂,370100,化学制药,370000,医药生物,300723.SZ,300723.SZ,一品红,2021-12-13,化学制剂
851512.SI,370102,化学制剂,370100,化学制药,370000,医药生物,301075.SZ,301075.SZ,多瑞医药,2021-12-13,化学制剂
851512.SI,370102,化学制剂,370100,化学制药,370000,医药生物,600062.SH,600062.SH,华润双鹤,2021-12-13,化学制剂
851512.SI,370102,化学制剂,370100,化学制药,370000,医药生物,600079.SH,600079.SH,ST人福,2021-12-13,化学制剂
851512.SI,370102,化学制剂,370100,化学制药,370000,医药生物,600196.SH,600196.SH,复星医药,2021-12-13,化学制剂
851512.SI,370102,化学制剂,370100,化学制药,370000,医药生物,600276.SH,600276.SH,恒瑞医药,2021-12-13,化学制剂
851512.SI,370102,化学制剂,370100,化学制药,370000,医药生物,600380.SH,600380.SH,健康元,2021-12-13,化学制剂
851512.SI,370102,化学制剂,370100,化学制药,370000,医药生物,600420.SH,600420.SH,国药现代,2021-12-13,化学制剂
851512.SI,370102,化学制剂,370100,化学制药,370000,医药生物,600513.SH,600513.SH,联环药业,2021-12-13,化学制剂
851512.SI,370102,化学制剂,370100,化学制药,370000,医药生物,600521.SH,600521.SH,华海药业,2021-12-13,化学制剂
851512.SI,370102,化学制剂,370100,化学制药,370000,医药生物,600613.SH,600613.SH,神奇制药,2021-12-13,化学制剂
851512.SI,370102,化学制剂,370100,化学制药,370000,医药生物,600624.SH,600624.SH,ST复华,2021-12-13,化学制剂
851512.SI,370102,化学制剂,370100,化学制药,370000,医药生物,600664.SH,600664.SH,哈药股份,2021-12-13,化学制剂
851512.SI,370102,化学制剂,370100,化学制药,370000,医药生物,600789.SH,600789.SH,鲁抗医药,2021-12-13,化学制剂
851512.SI,370102,化学制剂,370100,化学制药,370000,医药生物,600812.SH,600812.SH,华北制药,2021-12-13,化学制剂
851512.SI,370102,化学制剂,370100,化学制药,370000,医药生物,600851.SH,600851.SH,海欣股份,2021-12-13,化学制剂
851512.SI,370102,化学制剂,370100,化学制药,370000,医药生物,603168.SH,603168.SH,莎普爱思,2021-12-13,化学制剂
851512.SI,370102,化学制剂,370100,化学制药,370000,医药生物,603367.SH,603367.SH,辰欣药业,2021-12-13,化学制剂
851512.SI,370102,化学制剂,370100,化学制药,370000,医药生物,603669.SH,603669.SH,灵康药业,2021-12-13,化学制剂
851512.SI,370102,化学制剂,370100,化学制药,370000,医药生物,603676.SH,603676.SH,卫信康,2021-12-13,化学制剂
851512.SI,370102,化学制剂,370100,化学制药,370000,医药生物,603707.SH,603707.SH,健友股份,2021-12-13,化学制剂
851512.SI,370102,化学制剂,370100,化学制药,370000,医药生物,603811.SH,603811.SH,诚意药业,2021-12-13,化学制剂
851512.SI,370102,化学制剂,370100,化学制药,370000,医药生物,688091.SH,688091.SH,上海谊众,2021-12-13,化学制剂
851512.SI,370102,化学制剂,370100,化学制药,370000,医药生物,688117.SH,688117.SH,圣诺生物,2021-12-13,化学制剂
851512.SI,370102,化学制剂,370100,化学制药,370000,医药生物,688189.SH,688189.SH,ST南新,2021-12-13,化学制剂
851512.SI,370102,化学制剂,370100,化学制药,370000,医药生物,688192.SH,688192.SH,迪哲医药,2021-12-13,化学制剂
851512.SI,370102,化学制剂,370100,化学制药,370000,医药生物,688221.SH,688221.SH,前沿生物,2021-12-13,化学制剂
851512.SI,370102,化学制剂,370100,化学制药,370000,医药生物,688266.SH,688266.SH,泽璟制药,2021-12-13,化学制剂
851512.SI,370102,化学制剂,370100,化学制药,370000,医药生物,688321.SH,688321.SH,微芯生物,2021-12-13,化学制剂
851512.SI,370102,化学制剂,370100,化学制药,370000,医药生物,688505.SH,688505.SH,复旦张江,2021-12-13,化学制剂
851512.SI,370102,化学制剂,370100,化学制药,370000,医药生物,688513.SH,688513.SH,苑东生物,2021-12-13,化学制剂
851512.SI,370102,化学制剂,370100,化学制药,370000,医药生物,688553.SH,688553.SH,汇宇制药,2021-12-13,化学制剂
851512.SI,370102,化学制剂,370100,化学制药,370000,医药生物,688566.SH,688566.SH,吉贝尔,2021-12-13,化学制剂
851512.SI,370102,化学制剂,370100,化学制药,370000,医药生物,688578.SH,688578.SH,艾力斯,2021-12-13,化学制剂
851512.SI,370102,化学制剂,370100,化学制药,370000,医药生物,688658.SH,688658.SH,悦康药业,2021-12-13,化学制剂
851512.SI,370102,化学制剂,370100,化学制药,370000,医药生物,688799.SH,688799.SH,华纳药厂,2021-12-13,化学制剂
851512.SI,370102,化学制剂,370100,化学制药,370000,医药生物,688176.SH,688176.SH,亚虹医药,2022-01-07,化学制剂
851512.SI,370102,化学制剂,370100,化学制药,370000,医药生物,688062.SH,688062.SH,迈威生物,2022-01-18,化学制剂
851512.SI,370102,化学制剂,370100,化学制药,370000,医药生物,301130.SZ,301130.SZ,西点药业,2022-02-23,化学制剂
851512.SI,370102,化学制剂,370100,化学制药,370000,医药生物,688197.SH,688197.SH,首药控股,2022-03-23,化学制剂
851512.SI,370102,化学制剂,370100,化学制药,370000,医药生物,301263.SZ,301263.SZ,泰恩康,2022-03-29,化学制剂
851512.SI,370102,化学制剂,370100,化学制药,370000,医药生物,688302.SH,688302.SH,海创药业,2022-04-12,化学制剂
851512.SI,370102,化学制剂,370100,化学制药,370000,医药生物,601089.SH,601089.SH,福元医药,2022-06-30,化学制剂
851512.SI,370102,化学制剂,370100,化学制药,370000,医药生物,688382.SH,688382.SH,益方生物,2022-07-25,化学制剂
851512.SI,370102,化学制剂,370100,化学制药,370000,医药生物,000919.SZ,000919.SZ,金陵药业,2022-08-01,化学制剂
851512.SI,370102,化学制剂,370100,化学制药,370000,医药生物,002693.SZ,002693.SZ,双成药业,2022-08-01,化学制剂
851512.SI,370102,化学制剂,370100,化学制药,370000,医药生物,002742.SZ,002742.SZ,冀衡医药,2022-08-01,化学制剂
851512.SI,370102,化学制剂,370100,化学制药,370000,医药生物,002872.SZ,002872.SZ,ST天圣,2022-08-01,化学制剂
851512.SI,370102,化学制剂,370100,化学制药,370000,医药生物,300111.SZ,300111.SZ,向日葵,2022-08-01,化学制剂
851512.SI,370102,化学制剂,370100,化学制药,370000,医药生物,300204.SZ,300204.SZ,舒泰神,2022-08-01,化学制剂
851512.SI,370102,化学制剂,370100,化学制药,370000,医药生物,600267.SH,600267.SH,海正药业,2022-08-01,化学制剂
851512.SI,370102,化学制剂,370100,化学制药,370000,医药生物,600774.SH,600774.SH,汉商集团,2022-08-01,化学制剂
851512.SI,370102,化学制剂,370100,化学制药,370000,医药生物,688373.SH,688373.SH,盟科药业,2022-08-05,化学制剂
851512.SI,370102,化学制剂,370100,化学制药,370000,医药生物,688247.SH,688247.SH,宣泰医药,2022-08-25,化学制剂
851512.SI,370102,化学制剂,370100,化学制药,370000,医药生物,688428.SH,688428.SH,诺诚健华,2022-09-21,化学制剂
851512.SI,370102,化学制剂,370100,化学制药,370000,医药生物,688506.SH,688506.SH,百利天恒,2023-01-06,化学制剂
851512.SI,370102,化学制剂,370100,化学制药,370000,医药生物,301507.SZ,301507.SZ,民生健康,2023-09-05,化学制剂
851512.SI,370102,化学制剂,370100,化学制药,370000,医药生物,688235.SH,688235.SH,百济神州,2024-05-22,化学制剂
851512.SI,370102,化学制剂,370100,化学制药,370000,医药生物,002038.SZ,002038.SZ,双鹭药业,2024-07-31,化学制剂
851512.SI,370102,化学制剂,370100,化学制药,370000,医药生物,002399.SZ,002399.SZ,海普瑞,2024-07-31,化学制剂
851512.SI,370102,化学制剂,370100,化学制药,370000,医药生物,603207.SH,603207.SH,小方制药,2024-08-26,化学制剂
851512.SI,370102,化学制剂,370100,化学制药,370000,医药生物,688759.SH,688759.SH,必贝特-U,2025-10-28,化学制剂
851512.SI,370102,化学制剂,370100,化学制药,370000,医药生物,000153.SZ,000153.SZ,丰原药业,2021-12-13,化学制剂
851521.SI,370201,中药Ⅲ,370200,中药Ⅱ,370000,医药生物,000538.SZ,000538.SZ,云南白药,2021-12-13,中药Ⅲ
851521.SI,370201,中药Ⅲ,370200,中药Ⅱ,370000,医药生物,000590.SZ,000590.SZ,古汉医药,2021-12-13,中药Ⅲ
851521.SI,370201,中药Ⅲ,370200,中药Ⅱ,370000,医药生物,000650.SZ,000650.SZ,仁和药业,2021-12-13,中药Ⅲ
851521.SI,370201,中药Ⅲ,370200,中药Ⅱ,370000,医药生物,000790.SZ,000790.SZ,华神科技,2021-12-13,中药Ⅲ
851521.SI,370201,中药Ⅲ,370200,中药Ⅱ,370000,医药生物,000989.SZ,000989.SZ,九芝堂,2021-12-13,中药Ⅲ
851521.SI,370201,中药Ⅲ,370200,中药Ⅱ,370000,医药生物,000999.SZ,000999.SZ,华润三九,2021-12-13,中药Ⅲ
851521.SI,370201,中药Ⅲ,370200,中药Ⅱ,370000,医药生物,002107.SZ,002107.SZ,沃华医药,2021-12-13,中药Ⅲ
851521.SI,370201,中药Ⅲ,370200,中药Ⅱ,370000,医药生物,002198.SZ,002198.SZ,ST嘉应,2021-12-13,中药Ⅲ
851521.SI,370201,中药Ⅲ,370200,中药Ⅱ,370000,医药生物,002275.SZ,002275.SZ,桂林三金,2021-12-13,中药Ⅲ
851521.SI,370201,中药Ⅲ,370200,中药Ⅱ,370000,医药生物,002287.SZ,002287.SZ,奇正藏药,2021-12-13,中药Ⅲ
851521.SI,370201,中药Ⅲ,370200,中药Ⅱ,370000,医药生物,002317.SZ,002317.SZ,众生药业,2021-12-13,中药Ⅲ
851521.SI,370201,中药Ⅲ,370200,中药Ⅱ,370000,医药生物,002349.SZ,002349.SZ,精华制药,2021-12-13,中药Ⅲ
851521.SI,370201,中药Ⅲ,370200,中药Ⅱ,370000,医药生物,002390.SZ,002390.SZ,信邦制药,2021-12-13,中药Ⅲ
851521.SI,370201,中药Ⅲ,370200,中药Ⅱ,370000,医药生物,002412.SZ,002412.SZ,汉森制药,2021-12-13,中药Ⅲ
851521.SI,370201,中药Ⅲ,370200,中药Ⅱ,370000,医药生物,002424.SZ,002424.SZ,ST百灵,2021-12-13,中药Ⅲ
851521.SI,370201,中药Ⅲ,370200,中药Ⅱ,370000,医药生物,002566.SZ,002566.SZ,益盛药业,2021-12-13,中药Ⅲ
851521.SI,370201,中药Ⅲ,370200,中药Ⅱ,370000,医药生物,002603.SZ,002603.SZ,以岭药业,2021-12-13,中药Ⅲ
851521.SI,370201,中药Ⅲ,370200,中药Ⅱ,370000,医药生物,002644.SZ,002644.SZ,佛慈制药,2021-12-13,中药Ⅲ
851521.SI,370201,中药Ⅲ,370200,中药Ⅱ,370000,医药生物,002728.SZ,002728.SZ,特一药业,2021-12-13,中药Ⅲ
851521.SI,370201,中药Ⅲ,370200,中药Ⅱ,370000,医药生物,002737.SZ,002737.SZ,葵花药业,2021-12-13,中药Ⅲ
851521.SI,370201,中药Ⅲ,370200,中药Ⅱ,370000,医药生物,002864.SZ,002864.SZ,盘龙药业,2021-12-13,中药Ⅲ
851521.SI,370201,中药Ⅲ,370200,中药Ⅱ,370000,医药生物,002873.SZ,002873.SZ,新天药业,2021-12-13,中药Ⅲ
851521.SI,370201,中药Ⅲ,370200,中药Ⅱ,370000,医药生物,002907.SZ,002907.SZ,华森制药,2021-12-13,中药Ⅲ
851521.SI,370201,中药Ⅲ,370200,中药Ⅱ,370000,医药生物,300026.SZ,300026.SZ,红日药业,2021-12-13,中药Ⅲ
851521.SI,370201,中药Ⅲ,370200,中药Ⅱ,370000,医药生物,300039.SZ,300039.SZ,上海凯宝,2021-12-13,中药Ⅲ
851521.SI,370201,中药Ⅲ,370200,中药Ⅱ,370000,医药生物,300147.SZ,300147.SZ,*ST香雪,2021-12-13,中药Ⅲ
851521.SI,370201,中药Ⅲ,370200,中药Ⅱ,370000,医药生物,300181.SZ,300181.SZ,佐力药业,2021-12-13,中药Ⅲ
851521.SI,370201,中药Ⅲ,370200,中药Ⅱ,370000,医药生物,300519.SZ,300519.SZ,新光药业,2021-12-13,中药Ⅲ
851521.SI,370201,中药Ⅲ,370200,中药Ⅱ,370000,医药生物,300534.SZ,300534.SZ,陇神戎发,2021-12-13,中药Ⅲ
851521.SI,370201,中药Ⅲ,370200,中药Ⅱ,370000,医药生物,300878.SZ,300878.SZ,维康药业,2021-12-13,中药Ⅲ
851521.SI,370201,中药Ⅲ,370200,中药Ⅱ,370000,医药生物,600080.SH,600080.SH,ST金花,2021-12-13,中药Ⅲ
851521.SI,370201,中药Ⅲ,370200,中药Ⅱ,370000,医药生物,600085.SH,600085.SH,同仁堂,2021-12-13,中药Ⅲ
851521.SI,370201,中药Ⅲ,370200,中药Ⅱ,370000,医药生物,600129.SH,600129.SH,太极集团,2021-12-13,中药Ⅲ
851521.SI,370201,中药Ⅲ,370200,中药Ⅱ,370000,医药生物,600222.SH,600222.SH,太龙药业,2021-12-13,中药Ⅲ
851521.SI,370201,中药Ⅲ,370200,中药Ⅱ,370000,医药生物,600252.SH,600252.SH,中恒集团,2021-12-13,中药Ⅲ
851521.SI,370201,中药Ⅲ,370200,中药Ⅱ,370000,医药生物,600285.SH,600285.SH,羚锐制药,2021-12-13,中药Ⅲ
851521.SI,370201,中药Ⅲ,370200,中药Ⅱ,370000,医药生物,600329.SH,600329.SH,达仁堂,2021-12-13,中药Ⅲ
851521.SI,370201,中药Ⅲ,370200,中药Ⅱ,370000,医药生物,600332.SH,600332.SH,白云山,2021-12-13,中药Ⅲ
851521.SI,370201,中药Ⅲ,370200,中药Ⅱ,370000,医药生物,600351.SH,600351.SH,亚宝药业,2021-12-13,中药Ⅲ
851521.SI,370201,中药Ⅲ,370200,中药Ⅱ,370000,医药生物,600422.SH,600422.SH,昆药集团,2021-12-13,中药Ⅲ
851521.SI,370201,中药Ⅲ,370200,中药Ⅱ,370000,医药生物,600436.SH,600436.SH,片仔癀,2021-12-13,中药Ⅲ
851521.SI,370201,中药Ⅲ,370200,中药Ⅱ,370000,医药生物,600479.SH,600479.SH,千金药业,2021-12-13,中药Ⅲ
851521.SI,370201,中药Ⅲ,370200,中药Ⅱ,370000,医药生物,600518.SH,600518.SH,康美药业,2021-12-13,中药Ⅲ
851521.SI,370201,中药Ⅲ,370200,中药Ⅱ,370000,医药生物,600535.SH,600535.SH,天士力,2021-12-13,中药Ⅲ
851521.SI,370201,中药Ⅲ,370200,中药Ⅱ,370000,医药生物,600557.SH,600557.SH,康缘药业,2021-12-13,中药Ⅲ
851521.SI,370201,中药Ⅲ,370200,中药Ⅱ,370000,医药生物,600566.SH,600566.SH,济川药业,2021-12-13,中药Ⅲ
851521.SI,370201,中药Ⅲ,370200,中药Ⅱ,370000,医药生物,600572.SH,600572.SH,康恩贝,2021-12-13,中药Ⅲ
851521.SI,370201,中药Ⅲ,370200,中药Ⅱ,370000,医药生物,600594.SH,600594.SH,益佰制药,2021-12-13,中药Ⅲ
851521.SI,370201,中药Ⅲ,370200,中药Ⅱ,370000,医药生物,600671.SH,600671.SH,天目药业,2021-12-13,中药Ⅲ
851521.SI,370201,中药Ⅲ,370200,中药Ⅱ,370000,医药生物,600750.SH,600750.SH,华润江中,2021-12-13,中药Ⅲ
851521.SI,370201,中药Ⅲ,370200,中药Ⅱ,370000,医药生物,600771.SH,600771.SH,广誉远,2021-12-13,中药Ⅲ
851521.SI,370201,中药Ⅲ,370200,中药Ⅱ,370000,医药生物,600976.SH,600976.SH,健民集团,2021-12-13,中药Ⅲ
851521.SI,370201,中药Ⅲ,370200,中药Ⅱ,370000,医药生物,600993.SH,600993.SH,马应龙,2021-12-13,中药Ⅲ
851521.SI,370201,中药Ⅲ,370200,中药Ⅱ,370000,医药生物,603139.SH,603139.SH,康惠股份,2021-12-13,中药Ⅲ
851521.SI,370201,中药Ⅲ,370200,中药Ⅱ,370000,医药生物,603439.SH,603439.SH,三力制药,2021-12-13,中药Ⅲ
851521.SI,370201,中药Ⅲ,370200,中药Ⅱ,370000,医药生物,603567.SH,603567.SH,珍宝岛,2021-12-13,中药Ⅲ
851521.SI,370201,中药Ⅲ,370200,中药Ⅱ,370000,医药生物,603858.SH,603858.SH,步长制药,2021-12-13,中药Ⅲ
851521.SI,370201,中药Ⅲ,370200,中药Ⅱ,370000,医药生物,603896.SH,603896.SH,寿仙谷,2021-12-13,中药Ⅲ
851521.SI,370201,中药Ⅲ,370200,中药Ⅱ,370000,医药生物,603998.SH,603998.SH,方盛制药,2021-12-13,中药Ⅲ
851521.SI,370201,中药Ⅲ,370200,中药Ⅱ,370000,医药生物,605199.SH,605199.SH,ST葫芦娃,2021-12-13,中药Ⅲ
851521.SI,370201,中药Ⅲ,370200,中药Ⅱ,370000,医药生物,000623.SZ,000623.SZ,吉林敖东,2022-08-01,中药Ⅲ
851521.SI,370201,中药Ⅲ,370200,中药Ⅱ,370000,医药生物,002082.SZ,002082.SZ,ST万邦,2022-08-01,中药Ⅲ
851521.SI,370201,中药Ⅲ,370200,中药Ⅱ,370000,医药生物,301111.SZ,301111.SZ,粤万年青,2022-08-01,中药Ⅲ
851521.SI,370201,中药Ⅲ,370200,中药Ⅱ,370000,医药生物,301331.SZ,301331.SZ,恩威医药,2022-09-21,中药Ⅲ
851521.SI,370201,中药Ⅲ,370200,中药Ⅱ,370000,医药生物,300158.SZ,300158.SZ,振东制药,2023-07-06,中药Ⅲ
851521.SI,370201,中药Ⅲ,370200,中药Ⅱ,370000,医药生物,000423.SZ,000423.SZ,东阿阿胶,2021-12-13,中药Ⅲ
851522.SI,370302,血液制品,370300,生物制品,370000,医药生物,002252.SZ,002252.SZ,上海莱士,2021-12-13,血液制品
851522.SI,370302,血液制品,370300,生物制品,370000,医药生物,002880.SZ,002880.SZ,卫光生物,2021-12-13,血液制品
851522.SI,370302,血液制品,370300,生物制品,370000,医药生物,300294.SZ,300294.SZ,博雅生物,2021-12-13,血液制品
851522.SI,370302,血液制品,370300,生物制品,370000,医药生物,600161.SH,600161.SH,天坛生物,2021-12-13,血液制品
851522.SI,370302,血液制品,370300,生物制品,370000,医药生物,300318.SZ,300318.SZ,博晖创新,2024-07-31,血液制品
851522.SI,370302,血液制品,370300,生物制品,370000,医药生物,688765.SH,688765.SH,禾元生物,2025-10-28,血液制品
851522.SI,370302,血液制品,370300,生物制品,370000,医药生物,000403.SZ,000403.SZ,派林生物,2021-12-13,血液制品
851523.SI,370303,疫苗,370300,生物制品,370000,医药生物,300142.SZ,300142.SZ,沃森生物,2021-12-13,疫苗
851523.SI,370303,疫苗,370300,生物制品,370000,医药生物,300601.SZ,300601.SZ,康泰生物,2021-12-13,疫苗
851523.SI,370303,疫苗,370300,生物制品,370000,医药生物,300841.SZ,300841.SZ,康华生物,2021-12-13,疫苗
851523.SI,370303,疫苗,370300,生物制品,370000,医药生物,600739.SH,600739.SH,辽宁成大,2021-12-13,疫苗
851523.SI,370303,疫苗,370300,生物制品,370000,医药生物,688185.SH,688185.SH,康希诺,2021-12-13,疫苗
851523.SI,370303,疫苗,370300,生物制品,370000,医药生物,688276.SH,688276.SH,百克生物,2021-12-13,疫苗
851523.SI,370303,疫苗,370300,生物制品,370000,医药生物,688319.SH,688319.SH,欧林生物,2021-12-13,疫苗
851523.SI,370303,疫苗,370300,生物制品,370000,医药生物,688670.SH,688670.SH,金迪克,2021-12-13,疫苗
851523.SI,370303,疫苗,370300,生物制品,370000,医药生物,688739.SH,688739.SH,成大生物,2021-12-13,疫苗
851523.SI,370303,疫苗,370300,生物制品,370000,医药生物,301207.SZ,301207.SZ,华兰疫苗,2022-02-18,疫苗
851523.SI,370303,疫苗,370300,生物制品,370000,医药生物,002007.SZ,002007.SZ,华兰生物,2022-08-01,疫苗
851523.SI,370303,疫苗,370300,生物制品,370000,医药生物,300122.SZ,300122.SZ,智飞生物,2021-12-13,疫苗
851524.SI,370304,其他生物制品,370300,生物制品,370000,医药生物,000534.SZ,000534.SZ,万泽股份,2021-12-13,其他生物制品
851524.SI,370304,其他生物制品,370300,生物制品,370000,医药生物,000661.SZ,000661.SZ,长春高新,2021-12-13,其他生物制品
851524.SI,370304,其他生物制品,370300,生物制品,370000,医药生物,002581.SZ,002581.SZ,*ST未名,2021-12-13,其他生物制品
851524.SI,370304,其他生物制品,370300,生物制品,370000,医药生物,300009.SZ,300009.SZ,安科生物,2021-12-13,其他生物制品
851524.SI,370304,其他生物制品,370300,生物制品,370000,医药生物,300239.SZ,300239.SZ,东宝生物,2021-12-13,其他生物制品
851524.SI,370304,其他生物制品,370300,生物制品,370000,医药生物,300357.SZ,300357.SZ,我武生物,2021-12-13,其他生物制品
851524.SI,370304,其他生物制品,370300,生物制品,370000,医药生物,300485.SZ,300485.SZ,赛升药业,2021-12-13,其他生物制品
851524.SI,370304,其他生物制品,370300,生物制品,370000,医药生物,600867.SH,600867.SH,通化东宝,2021-12-13,其他生物制品
851524.SI,370304,其他生物制品,370300,生物制品,370000,医药生物,603087.SH,603087.SH,甘李药业,2021-12-13,其他生物制品
851524.SI,370304,其他生物制品,370300,生物制品,370000,医药生物,603590.SH,603590.SH,康辰药业,2021-12-13,其他生物制品
851524.SI,370304,其他生物制品,370300,生物制品,370000,医药生物,688136.SH,688136.SH,科兴制药,2021-12-13,其他生物制品
851524.SI,370304,其他生物制品,370300,生物制品,370000,医药生物,688177.SH,688177.SH,百奥泰,2021-12-13,其他生物制品
851524.SI,370304,其他生物制品,370300,生物制品,370000,医药生物,688180.SH,688180.SH,君实生物,2021-12-13,其他生物制品
851524.SI,370304,其他生物制品,370300,生物制品,370000,医药生物,688278.SH,688278.SH,特宝生物,2021-12-13,其他生物制品
851524.SI,370304,其他生物制品,370300,生物制品,370000,医药生物,688336.SH,688336.SH,三生国健,2021-12-13,其他生物制品
851524.SI,370304,其他生物制品,370300,生物制品,370000,医药生物,688488.SH,688488.SH,艾迪药业,2021-12-13,其他生物制品
851524.SI,370304,其他生物制品,370300,生物制品,370000,医药生物,688520.SH,688520.SH,神州细胞,2021-12-13,其他生物制品
851524.SI,370304,其他生物制品,370300,生物制品,370000,医药生物,688687.SH,688687.SH,凯因科技,2021-12-13,其他生物制品
851524.SI,370304,其他生物制品,370300,生物制品,370000,医药生物,301166.SZ,301166.SZ,优宁维,2021-12-28,其他生物制品
851524.SI,370304,其他生物制品,370300,生物制品,370000,医药生物,688163.SH,688163.SH,赛伦生物,2022-03-11,其他生物制品
851524.SI,370304,其他生物制品,370300,生物制品,370000,医药生物,688331.SH,688331.SH,荣昌生物,2022-03-31,其他生物制品
851524.SI,370304,其他生物制品,370300,生物制品,370000,医药生物,301047.SZ,301047.SZ,义翘神州,2022-08-01,其他生物制品
851524.SI,370304,其他生物制品,370300,生物制品,370000,医药生物,301080.SZ,301080.SZ,百普赛斯,2022-08-01,其他生物制品
851524.SI,370304,其他生物制品,370300,生物制品,370000,医药生物,688105.SH,688105.SH,诺唯赞,2022-08-01,其他生物制品
851524.SI,370304,其他生物制品,370300,生物制品,370000,医药生物,688293.SH,688293.SH,奥浦迈,2022-09-02,其他生物制品
851524.SI,370304,其他生物制品,370300,生物制品,370000,医药生物,688137.SH,688137.SH,近岸蛋白,2022-09-29,其他生物制品
851524.SI,370304,其他生物制品,370300,生物制品,370000,医药生物,688443.SH,688443.SH,智翔金泰,2023-06-20,其他生物制品
851524.SI,370304,其他生物制品,370300,生物制品,370000,医药生物,600211.SH,600211.SH,西藏药业,2023-07-06,其他生物制品
851524.SI,370304,其他生物制品,370300,生物制品,370000,医药生物,301393.SZ,301393.SZ,昊帆生物,2023-07-12,其他生物制品
851524.SI,370304,其他生物制品,370300,生物制品,370000,医药生物,002773.SZ,002773.SZ,康弘药业,2024-07-31,其他生物制品
851524.SI,370304,其他生物制品,370300,生物制品,370000,医药生物,688806.SH,688806.SH,泰诺麦博,2026-07-21,其他生物制品
851524.SI,370304,其他生物制品,370300,生物制品,370000,医药生物,000518.SZ,000518.SZ,四环生物,2021-12-13,其他生物制品
851542.SI,370402,医药流通,370400,医药商业,370000,医药生物,000078.SZ,000078.SZ,ST海王,2021-12-13,医药流通
851542.SI,370402,医药流通,370400,医药商业,370000,医药生物,000411.SZ,000411.SZ,英特集团,2021-12-13,医药流通
851542.SI,370402,医药流通,370400,医药商业,370000,医药生物,000705.SZ,000705.SZ,浙江震元,2021-12-13,医药流通
851542.SI,370402,医药流通,370400,医药商业,370000,医药生物,000950.SZ,000950.SZ,重药控股,2021-12-13,医药流通
851542.SI,370402,医药流通,370400,医药商业,370000,医药生物,002462.SZ,002462.SZ,嘉事堂,2021-12-13,医药流通
851542.SI,370402,医药流通,370400,医药商业,370000,医药生物,002589.SZ,002589.SZ,瑞康医药,2021-12-13,医药流通
851542.SI,370402,医药流通,370400,医药商业,370000,医药生物,002788.SZ,002788.SZ,鹭燕医药,2021-12-13,医药流通
851542.SI,370402,医药流通,370400,医药商业,370000,医药生物,300937.SZ,300937.SZ,药易购,2021-12-13,医药流通
851542.SI,370402,医药流通,370400,医药商业,370000,医药生物,301015.SZ,301015.SZ,百洋医药,2021-12-13,医药流通
851542.SI,370402,医药流通,370400,医药商业,370000,医药生物,301126.SZ,301126.SZ,达嘉维康,2021-12-13,医药流通
851542.SI,370402,医药流通,370400,医药商业,370000,医药生物,600056.SH,600056.SH,中国医药,2021-12-13,医药流通
851542.SI,370402,医药流通,370400,医药商业,370000,医药生物,600272.SH,600272.SH,开开实业,2021-12-13,医药流通
851542.SI,370402,医药流通,370400,医药商业,370000,医药生物,600511.SH,600511.SH,国药股份,2021-12-13,医药流通
851542.SI,370402,医药流通,370400,医药商业,370000,医药生物,600538.SH,600538.SH,国发股份,2021-12-13,医药流通
851542.SI,370402,医药流通,370400,医药商业,370000,医药生物,600713.SH,600713.SH,南京医药,2021-12-13,医药流通
851542.SI,370402,医药流通,370400,医药商业,370000,医药生物,600829.SH,600829.SH,人民同泰,2021-12-13,医药流通
851542.SI,370402,医药流通,370400,医药商业,370000,医药生物,600998.SH,600998.SH,九州通,2021-12-13,医药流通
851542.SI,370402,医药流通,370400,医药商业,370000,医药生物,601607.SH,601607.SH,上海医药,2021-12-13,医药流通
851542.SI,370402,医药流通,370400,医药商业,370000,医药生物,603368.SH,603368.SH,柳药集团,2021-12-13,医药流通
851542.SI,370402,医药流通,370400,医药商业,370000,医药生物,603716.SH,603716.SH,塞力医疗,2021-12-13,医药流通
851542.SI,370402,医药流通,370400,医药商业,370000,医药生物,603122.SH,603122.SH,合富中国,2022-02-16,医药流通
851542.SI,370402,医药流通,370400,医药商业,370000,医药生物,603108.SH,603108.SH,润达医疗,2022-08-01,医药流通
851542.SI,370402,医药流通,370400,医药商业,370000,医药生物,301584.SZ,301584.SZ,建发致新,2025-09-25,医药流通
851542.SI,370402,医药流通,370400,医药商业,370000,医药生物,000028.SZ,000028.SZ,国药一致,2021-12-13,医药流通
851543.SI,370403,线下药店,370400,医药商业,370000,医药生物,301017.SZ,301017.SZ,漱玉平民,2021-12-13,线下药店
851543.SI,370403,线下药店,370400,医药商业,370000,医药生物,600833.SH,600833.SH,第一医药,2021-12-13,线下药店
851543.SI,370403,线下药店,370400,医药商业,370000,医药生物,603233.SH,603233.SH,大参林,2021-12-13,线下药店
851543.SI,370403,线下药店,370400,医药商业,370000,医药生物,603883.SH,603883.SH,老百姓,2021-12-13,线下药店
851543.SI,370403,线下药店,370400,医药商业,370000,医药生物,603939.SH,603939.SH,益丰药房,2021-12-13,线下药店
851543.SI,370403,线下药店,370400,医药商业,370000,医药生物,605266.SH,605266.SH,健之佳,2021-12-13,线下药店
851543.SI,370403,线下药店,370400,医药商业,370000,医药生物,301408.SZ,301408.SZ,华人健康,2023-03-01,线下药店
851543.SI,370403,线下药店,370400,医药商业,370000,医药生物,002727.SZ,002727.SZ,一心堂,2021-12-13,线下药店
851532.SI,370502,医疗设备,370500,医疗器械,370000,医药生物,300030.SZ,300030.SZ,阳普医疗,2021-12-13,医疗设备
851532.SI,370502,医疗设备,370500,医疗器械,370000,医药生物,300049.SZ,300049.SZ,福瑞医科,2021-12-13,医疗设备
851532.SI,370502,医疗设备,370500,医疗器械,370000,医药生物,300171.SZ,300171.SZ,东富龙,2021-12-13,医疗设备
851532.SI,370502,医疗设备,370500,医疗器械,370000,医药生物,300206.SZ,300206.SZ,理邦仪器,2021-12-13,医疗设备
851532.SI,370502,医疗设备,370500,医疗器械,370000,医药生物,300246.SZ,300246.SZ,宝莱特,2021-12-13,医疗设备
851532.SI,370502,医疗设备,370500,医疗器械,370000,医药生物,300298.SZ,300298.SZ,三诺生物,2021-12-13,医疗设备
851532.SI,370502,医疗设备,370500,医疗器械,370000,医药生物,300314.SZ,300314.SZ,戴维医疗,2021-12-13,医疗设备
851532.SI,370502,医疗设备,370500,医疗器械,370000,医药生物,300358.SZ,300358.SZ,楚天科技,2021-12-13,医疗设备
851532.SI,370502,医疗设备,370500,医疗器械,370000,医药生物,300562.SZ,300562.SZ,乐心股份,2021-12-13,医疗设备
851532.SI,370502,医疗设备,370500,医疗器械,370000,医药生物,300633.SZ,300633.SZ,开立医疗,2021-12-13,医疗设备
851532.SI,370502,医疗设备,370500,医疗器械,370000,医药生物,300753.SZ,300753.SZ,爱朋医疗,2021-12-13,医疗设备
851532.SI,370502,医疗设备,370500,医疗器械,370000,医药生物,300760.SZ,300760.SZ,迈瑞医疗,2021-12-13,医疗设备
851532.SI,370502,医疗设备,370500,医疗器械,370000,医药生物,300869.SZ,300869.SZ,康泰医学,2021-12-13,医疗设备
851532.SI,370502,医疗设备,370500,医疗器械,370000,医药生物,600055.SH,600055.SH,万东医疗,2021-12-13,医疗设备
851532.SI,370502,医疗设备,370500,医疗器械,370000,医药生物,600587.SH,600587.SH,新华医疗,2021-12-13,医疗设备
851532.SI,370502,医疗设备,370500,医疗器械,370000,医药生物,688139.SH,688139.SH,海尔生物,2021-12-13,医疗设备
851532.SI,370502,医疗设备,370500,医疗器械,370000,医药生物,688212.SH,688212.SH,澳华内镜,2021-12-13,医疗设备
851532.SI,370502,医疗设备,370500,医疗器械,370000,医药生物,688277.SH,688277.SH,天智航-U,2021-12-13,医疗设备
851532.SI,370502,医疗设备,370500,医疗器械,370000,医药生物,688301.SH,688301.SH,奕瑞科技,2021-12-13,医疗设备
851532.SI,370502,医疗设备,370500,医疗器械,370000,医药生物,688358.SH,688358.SH,祥生医疗,2021-12-13,医疗设备
851532.SI,370502,医疗设备,370500,医疗器械,370000,医药生物,688580.SH,688580.SH,伟思医疗,2021-12-13,医疗设备
851532.SI,370502,医疗设备,370500,医疗器械,370000,医药生物,688607.SH,688607.SH,康众科技,2021-12-13,医疗设备
851532.SI,370502,医疗设备,370500,医疗器械,370000,医药生物,688626.SH,688626.SH,翔宇医疗,2021-12-13,医疗设备
851532.SI,370502,医疗设备,370500,医疗器械,370000,医药生物,688677.SH,688677.SH,海泰新光,2021-12-13,医疗设备
851532.SI,370502,医疗设备,370500,医疗器械,370000,医药生物,301235.SZ,301235.SZ,华康洁净,2022-01-28,医疗设备
851532.SI,370502,医疗设备,370500,医疗器械,370000,医药生物,688273.SH,688273.SH,麦澜德,2022-08-11,医疗设备
851532.SI,370502,医疗设备,370500,医疗器械,370000,医药生物,688271.SH,688271.SH,联影医疗,2022-08-22,医疗设备
851532.SI,370502,医疗设备,370500,医疗器械,370000,医药生物,688114.SH,688114.SH,华大智造,2022-09-09,医疗设备
851532.SI,370502,医疗设备,370500,医疗器械,370000,医药生物,301363.SZ,301363.SZ,美好医疗,2022-10-12,医疗设备
851532.SI,370502,医疗设备,370500,医疗器械,370000,医药生物,301367.SZ,301367.SZ,瑞迈特,2022-11-01,医疗设备
851532.SI,370502,医疗设备,370500,医疗器械,370000,医药生物,301290.SZ,301290.SZ,东星医疗,2022-11-30,医疗设备
851532.SI,370502,医疗设备,370500,医疗器械,370000,医药生物,688410.SH,688410.SH,山外山,2022-12-26,医疗设备
851532.SI,370502,医疗设备,370500,医疗器械,370000,医药生物,300341.SZ,300341.SZ,麦克奥迪,2023-07-06,医疗设备
851532.SI,370502,医疗设备,370500,医疗器械,370000,医药生物,301515.SZ,301515.SZ,港通医疗,2023-07-25,医疗设备
851532.SI,370502,医疗设备,370500,医疗器械,370000,医药生物,301602.SZ,301602.SZ,超研股份,2025-01-22,医疗设备
851532.SI,370502,医疗设备,370500,医疗器械,370000,医药生物,688755.SH,688755.SH,汉邦科技,2025-05-16,医疗设备
851532.SI,370502,医疗设备,370500,医疗器械,370000,医药生物,688805.SH,688805.SH,健信超导,2025-12-24,医疗设备
851532.SI,370502,医疗设备,370500,医疗器械,370000,医药生物,300430.SZ,300430.SZ,*ST益通,2026-07-02,医疗设备
851532.SI,370502,医疗设备,370500,医疗器械,370000,医药生物,301087.SZ,301087.SZ,可孚医疗,2026-08-25,医疗设备
851532.SI,370502,医疗设备,370500,医疗器械,370000,医药生物,002223.SZ,002223.SZ,鱼跃医疗,2021-12-13,医疗设备
851533.SI,370503,医疗耗材,370500,医疗器械,370000,医药生物,002551.SZ,002551.SZ,尚荣医疗,2021-12-13,医疗耗材
851533.SI,370503,医疗耗材,370500,医疗器械,370000,医药生物,002901.SZ,002901.SZ,大博医疗,2021-12-13,医疗耗材
851533.SI,370503,医疗耗材,370500,医疗器械,370000,医药生物,002950.SZ,002950.SZ,奥美医疗,2021-12-13,医疗耗材
851533.SI,370503,医疗耗材,370500,医疗器械,370000,医药生物,300003.SZ,300003.SZ,乐普医疗,2021-12-13,医疗耗材
851533.SI,370503,医疗耗材,370500,医疗器械,370000,医药生物,300238.SZ,300238.SZ,冠昊生物,2021-12-13,医疗耗材
851533.SI,370503,医疗耗材,370500,医疗器械,370000,医药生物,300326.SZ,300326.SZ,ST凯利,2021-12-13,医疗耗材
851533.SI,370503,医疗耗材,370500,医疗器械,370000,医药生物,300453.SZ,300453.SZ,三鑫医疗,2021-12-13,医疗耗材
851533.SI,370503,医疗耗材,370500,医疗器械,370000,医药生物,300529.SZ,300529.SZ,健帆生物,2021-12-13,医疗耗材
851533.SI,370503,医疗耗材,370500,医疗器械,370000,医药生物,300595.SZ,300595.SZ,欧普康视,2021-12-13,医疗耗材
851533.SI,370503,医疗耗材,370500,医疗器械,370000,医药生物,300653.SZ,300653.SZ,正海生物,2021-12-13,医疗耗材
851533.SI,370503,医疗耗材,370500,医疗器械,370000,医药生物,300677.SZ,300677.SZ,英科医疗,2021-12-13,医疗耗材
851533.SI,370503,医疗耗材,370500,医疗器械,370000,医药生物,300981.SZ,300981.SZ,中红医疗,2021-12-13,医疗耗材
851533.SI,370503,医疗耗材,370500,医疗器械,370000,医药生物,301033.SZ,301033.SZ,迈普医学,2021-12-13,医疗耗材
851533.SI,370503,医疗耗材,370500,医疗器械,370000,医药生物,301093.SZ,301093.SZ,华兰股份,2021-12-13,医疗耗材
851533.SI,370503,医疗耗材,370500,医疗器械,370000,医药生物,600529.SH,600529.SH,山东药玻,2021-12-13,医疗耗材
851533.SI,370503,医疗耗材,370500,医疗器械,370000,医药生物,603222.SH,603222.SH,济民健康,2021-12-13,医疗耗材
851533.SI,370503,医疗耗材,370500,医疗器械,370000,医药生物,603301.SH,603301.SH,振德医疗,2021-12-13,医疗耗材
851533.SI,370503,医疗耗材,370500,医疗器械,370000,医药生物,603309.SH,603309.SH,维力医疗,2021-12-13,医疗耗材
851533.SI,370503,医疗耗材,370500,医疗器械,370000,医药生物,603880.SH,603880.SH,南卫股份,2021-12-13,医疗耗材
851533.SI,370503,医疗耗材,370500,医疗器械,370000,医药生物,603976.SH,603976.SH,正川股份,2021-12-13,医疗耗材
851533.SI,370503,医疗耗材,370500,医疗器械,370000,医药生物,603987.SH,603987.SH,康德莱,2021-12-13,医疗耗材
851533.SI,370503,医疗耗材,370500,医疗器械,370000,医药生物,605369.SH,605369.SH,拱东医疗,2021-12-13,医疗耗材
851533.SI,370503,医疗耗材,370500,医疗器械,370000,医药生物,688013.SH,688013.SH,天臣医疗,2021-12-13,医疗耗材
851533.SI,370503,医疗耗材,370500,医疗器械,370000,医药生物,688016.SH,688016.SH,心脉医疗,2021-12-13,医疗耗材
851533.SI,370503,医疗耗材,370500,医疗器械,370000,医药生物,688029.SH,688029.SH,南微医学,2021-12-13,医疗耗材
851533.SI,370503,医疗耗材,370500,医疗器械,370000,医药生物,688050.SH,688050.SH,爱博医疗,2021-12-13,医疗耗材
851533.SI,370503,医疗耗材,370500,医疗器械,370000,医药生物,688085.SH,688085.SH,三友医疗,2021-12-13,医疗耗材
851533.SI,370503,医疗耗材,370500,医疗器械,370000,医药生物,688108.SH,688108.SH,赛诺医疗,2021-12-13,医疗耗材
851533.SI,370503,医疗耗材,370500,医疗器械,370000,医药生物,688161.SH,688161.SH,威高骨科,2021-12-13,医疗耗材
851533.SI,370503,医疗耗材,370500,医疗器械,370000,医药生物,688198.SH,688198.SH,佰仁医疗,2021-12-13,医疗耗材
851533.SI,370503,医疗耗材,370500,医疗器械,370000,医药生物,688314.SH,688314.SH,康拓医疗,2021-12-13,医疗耗材
851533.SI,370503,医疗耗材,370500,医疗器械,370000,医药生物,688366.SH,688366.SH,昊海生科,2021-12-13,医疗耗材
851533.SI,370503,医疗耗材,370500,医疗器械,370000,医药生物,688613.SH,688613.SH,奥精医疗,2021-12-13,医疗耗材
851533.SI,370503,医疗耗材,370500,医疗器械,370000,医药生物,688617.SH,688617.SH,惠泰医疗,2021-12-13,医疗耗材
851533.SI,370503,医疗耗材,370500,医疗器械,370000,医药生物,688236.SH,688236.SH,春立医疗,2021-12-30,医疗耗材
851533.SI,370503,医疗耗材,370500,医疗器械,370000,医药生物,301122.SZ,301122.SZ,采纳股份,2022-01-26,医疗耗材
851533.SI,370503,医疗耗材,370500,医疗器械,370000,医药生物,301097.SZ,301097.SZ,天益医疗,2022-04-07,医疗耗材
851533.SI,370503,医疗耗材,370500,医疗器械,370000,医药生物,301234.SZ,301234.SZ,五洲医疗,2022-07-05,医疗耗材
851533.SI,370503,医疗耗材,370500,医疗器械,370000,医药生物,688026.SH,688026.SH,洁特生物,2022-08-01,医疗耗材
851533.SI,370503,医疗耗材,370500,医疗器械,370000,医药生物,688151.SH,688151.SH,华强科技,2022-08-01,医疗耗材
851533.SI,370503,医疗耗材,370500,医疗器械,370000,医药生物,688351.SH,688351.SH,微电生理,2022-08-31,医疗耗材
851533.SI,370503,医疗耗材,370500,医疗器械,370000,医药生物,688581.SH,688581.SH,安杰思,2023-05-19,医疗耗材
851533.SI,370503,医疗耗材,370500,医疗器械,370000,医药生物,301370.SZ,301370.SZ,国科恒泰,2023-07-12,医疗耗材
851533.SI,370503,医疗耗材,370500,医疗器械,370000,医药生物,301580.SZ,301580.SZ,爱迪特,2024-06-26,医疗耗材
851533.SI,370503,医疗耗材,370500,医疗器械,370000,医药生物,688576.SH,688576.SH,西山科技,2024-07-31,医疗耗材
851533.SI,370503,医疗耗材,370500,医疗器械,370000,医药生物,603205.SH,603205.SH,健尔康,2024-11-07,医疗耗材
851533.SI,370503,医疗耗材,370500,医疗器械,370000,医药生物,301188.SZ,301188.SZ,力诺药包,2024-11-19,医疗耗材
851533.SI,370503,医疗耗材,370500,医疗器械,370000,医药生物,603014.SH,603014.SH,威高血净,2025-05-19,医疗耗材
851533.SI,370503,医疗耗材,370500,医疗器械,370000,医药生物,603718.SH,603718.SH,*ST海利,2026-02-03,医疗耗材
851533.SI,370503,医疗耗材,370500,医疗器械,370000,医药生物,688712.SH,688712.SH,北芯生命,2026-02-05,医疗耗材
851533.SI,370503,医疗耗材,370500,医疗器械,370000,医药生物,002382.SZ,002382.SZ,蓝帆医疗,2021-12-13,医疗耗材
851534.SI,370504,体外诊断,370500,医疗器械,370000,医药生物,002030.SZ,002030.SZ,达安基因,2021-12-13,体外诊断
851534.SI,370504,体外诊断,370500,医疗器械,370000,医药生物,002932.SZ,002932.SZ,*ST明德,2021-12-13,体外诊断
851534.SI,370504,体外诊断,370500,医疗器械,370000,医药生物,300289.SZ,300289.SZ,利德曼,2021-12-13,体外诊断
851534.SI,370504,体外诊断,370500,医疗器械,370000,医药生物,300396.SZ,300396.SZ,ST迪瑞,2021-12-13,体外诊断
851534.SI,370504,体外诊断,370500,医疗器械,370000,医药生物,300406.SZ,300406.SZ,九强生物,2021-12-13,体外诊断
851534.SI,370504,体外诊断,370500,医疗器械,370000,医药生物,300439.SZ,300439.SZ,美康生物,2021-12-13,体外诊断
851534.SI,370504,体外诊断,370500,医疗器械,370000,医药生物,300463.SZ,300463.SZ,迈克生物,2021-12-13,体外诊断
851534.SI,370504,体外诊断,370500,医疗器械,370000,医药生物,300482.SZ,300482.SZ,万孚生物,2021-12-13,体外诊断
851534.SI,370504,体外诊断,370500,医疗器械,370000,医药生物,300639.SZ,300639.SZ,凯普生物,2021-12-13,体外诊断
851534.SI,370504,体外诊断,370500,医疗器械,370000,医药生物,300642.SZ,300642.SZ,透景生命,2021-12-13,体外诊断
851534.SI,370504,体外诊断,370500,医疗器械,370000,医药生物,300685.SZ,300685.SZ,艾德生物,2021-12-13,体外诊断
851534.SI,370504,体外诊断,370500,医疗器械,370000,医药生物,300832.SZ,300832.SZ,新产业,2021-12-13,体外诊断
851534.SI,370504,体外诊断,370500,医疗器械,370000,医药生物,300942.SZ,300942.SZ,易瑞生物,2021-12-13,体外诊断
851534.SI,370504,体外诊断,370500,医疗器械,370000,医药生物,600645.SH,600645.SH,中源协和,2021-12-13,体外诊断
851534.SI,370504,体外诊断,370500,医疗器械,370000,医药生物,603387.SH,603387.SH,基蛋生物,2021-12-13,体外诊断
851534.SI,370504,体外诊断,370500,医疗器械,370000,医药生物,603658.SH,603658.SH,安图生物,2021-12-13,体外诊断
851534.SI,370504,体外诊断,370500,医疗器械,370000,医药生物,688067.SH,688067.SH,爱威科技,2021-12-13,体外诊断
851534.SI,370504,体外诊断,370500,医疗器械,370000,医药生物,688068.SH,688068.SH,热景生物,2021-12-13,体外诊断
851534.SI,370504,体外诊断,370500,医疗器械,370000,医药生物,688075.SH,688075.SH,安旭生物,2021-12-13,体外诊断
851534.SI,370504,体外诊断,370500,医疗器械,370000,医药生物,688217.SH,688217.SH,睿昂基因,2021-12-13,体外诊断
851534.SI,370504,体外诊断,370500,医疗器械,370000,医药生物,688289.SH,688289.SH,圣湘生物,2021-12-13,体外诊断
851534.SI,370504,体外诊断,370500,医疗器械,370000,医药生物,688298.SH,688298.SH,东方生物,2021-12-13,体外诊断
851534.SI,370504,体外诊断,370500,医疗器械,370000,医药生物,688317.SH,688317.SH,之江生物,2021-12-13,体外诊断
851534.SI,370504,体外诊断,370500,医疗器械,370000,医药生物,688338.SH,688338.SH,赛科希德,2021-12-13,体外诊断
851534.SI,370504,体外诊断,370500,医疗器械,370000,医药生物,688389.SH,688389.SH,普门科技,2021-12-13,体外诊断
851534.SI,370504,体外诊断,370500,医疗器械,370000,医药生物,688393.SH,688393.SH,安必平,2021-12-13,体外诊断
851534.SI,370504,体外诊断,370500,医疗器械,370000,医药生物,688399.SH,688399.SH,硕世生物,2021-12-13,体外诊断
851534.SI,370504,体外诊断,370500,医疗器械,370000,医药生物,688468.SH,688468.SH,科美诊断,2021-12-13,体外诊断
851534.SI,370504,体外诊断,370500,医疗器械,370000,医药生物,688575.SH,688575.SH,亚辉龙,2021-12-13,体外诊断
851534.SI,370504,体外诊断,370500,医疗器械,370000,医药生物,688606.SH,688606.SH,奥泰生物,2021-12-13,体外诊断
851534.SI,370504,体外诊断,370500,医疗器械,370000,医药生物,688656.SH,688656.SH,浩欧博,2021-12-13,体外诊断
851534.SI,370504,体外诊断,370500,医疗器械,370000,医药生物,688767.SH,688767.SH,博拓生物,2021-12-13,体外诊断
851534.SI,370504,体外诊断,370500,医疗器械,370000,医药生物,688193.SH,688193.SH,仁度生物,2022-03-30,体外诊断
851534.SI,370504,体外诊断,370500,医疗器械,370000,医药生物,688253.SH,688253.SH,英诺特,2022-07-28,体外诊断
851534.SI,370504,体外诊断,370500,医疗器械,370000,医药生物,002432.SZ,002432.SZ,九安医疗,2022-08-01,体外诊断
851534.SI,370504,体外诊断,370500,医疗器械,370000,医药生物,688426.SH,688426.SH,康为世纪,2024-07-31,体外诊断
851534.SI,370504,体外诊断,370500,医疗器械,370000,医药生物,603392.SH,603392.SH,万泰生物,2026-07-02,体外诊断
851534.SI,370504,体外诊断,370500,医疗器械,370000,医药生物,002022.SZ,002022.SZ,科华生物,2021-12-13,体外诊断
851562.SI,370602,诊断服务,370600,医疗服务,370000,医药生物,301060.SZ,301060.SZ,兰卫医学,2021-12-13,诊断服务
851562.SI,370602,诊断服务,370600,医疗服务,370000,医药生物,603882.SH,603882.SH,金域医学,2021-12-13,诊断服务
851562.SI,370602,诊断服务,370600,医疗服务,370000,医药生物,000710.SZ,000710.SZ,贝瑞基因,2022-08-01,诊断服务
851562.SI,370602,诊断服务,370600,医疗服务,370000,医药生物,300676.SZ,300676.SZ,华大基因,2022-08-01,诊断服务
851562.SI,370602,诊断服务,370600,医疗服务,370000,医药生物,300244.SZ,300244.SZ,迪安诊断,2021-12-13,诊断服务
851563.SI,370603,医疗研发外包,370600,医疗服务,370000,医药生物,300149.SZ,300149.SZ,睿智医药,2021-12-13,医疗研发外包
851563.SI,370603,医疗研发外包,370600,医疗服务,370000,医药生物,300347.SZ,300347.SZ,泰格医药,2021-12-13,医疗研发外包
851563.SI,370603,医疗研发外包,370600,医疗服务,370000,医药生物,300363.SZ,300363.SZ,博腾股份,2021-12-13,医疗研发外包
851563.SI,370603,医疗研发外包,370600,医疗服务,370000,医药生物,300404.SZ,300404.SZ,博济医药,2021-12-13,医疗研发外包
851563.SI,370603,医疗研发外包,370600,医疗服务,370000,医药生物,300725.SZ,300725.SZ,药石科技,2021-12-13,医疗研发外包
851563.SI,370603,医疗研发外包,370600,医疗服务,370000,医药生物,300759.SZ,300759.SZ,康龙化成,2021-12-13,医疗研发外包
851563.SI,370603,医疗研发外包,370600,医疗服务,370000,医药生物,600721.SH,600721.SH,百花医药,2021-12-13,医疗研发外包
851563.SI,370603,医疗研发外包,370600,医疗服务,370000,医药生物,603127.SH,603127.SH,昭衍新药,2021-12-13,医疗研发外包
851563.SI,370603,医疗研发外包,370600,医疗服务,370000,医药生物,603259.SH,603259.SH,药明康德,2021-12-13,医疗研发外包
851563.SI,370603,医疗研发外包,370600,医疗服务,370000,医药生物,688202.SH,688202.SH,美迪西,2021-12-13,医疗研发外包
851563.SI,370603,医疗研发外包,370600,医疗服务,370000,医药生物,688222.SH,688222.SH,成都先导,2021-12-13,医疗研发外包
851563.SI,370603,医疗研发外包,370600,医疗服务,370000,医药生物,688621.SH,688621.SH,阳光诺和,2021-12-13,医疗研发外包
851563.SI,370603,医疗研发外包,370600,医疗服务,370000,医药生物,301096.SZ,301096.SZ,百诚医药,2021-12-20,医疗研发外包
851563.SI,370603,医疗研发外包,370600,医疗服务,370000,医药生物,688265.SH,688265.SH,南模生物,2021-12-28,医疗研发外包
851563.SI,370603,医疗研发外包,370600,医疗服务,370000,医药生物,301201.SZ,301201.SZ,诚达药业,2022-01-20,医疗研发外包
851563.SI,370603,医疗研发外包,370600,医疗服务,370000,医药生物,688238.SH,688238.SH,和元生物,2022-03-22,医疗研发外包
851563.SI,370603,医疗研发外包,370600,医疗服务,370000,医药生物,688046.SH,688046.SH,药康生物,2022-04-25,医疗研发外包
851563.SI,370603,医疗研发外包,370600,医疗服务,370000,医药生物,301257.SZ,301257.SZ,普蕊斯,2022-05-17,医疗研发外包
851563.SI,370603,医疗研发外包,370600,医疗服务,370000,医药生物,688131.SH,688131.SH,皓元医药,2022-08-01,医疗研发外包
851563.SI,370603,医疗研发外包,370600,医疗服务,370000,医药生物,301333.SZ,301333.SZ,诺思格,2022-08-02,医疗研发外包
851563.SI,370603,医疗研发外包,370600,医疗服务,370000,医药生物,688073.SH,688073.SH,毕得医药,2022-10-11,医疗研发外包
851563.SI,370603,医疗研发外包,370600,医疗服务,370000,医药生物,301230.SZ,301230.SZ,泓博医药,2022-11-01,医疗研发外包
851563.SI,370603,医疗研发外包,370600,医疗服务,370000,医药生物,603456.SH,603456.SH,九洲药业,2023-07-06,医疗研发外包
851563.SI,370603,医疗研发外包,370600,医疗服务,370000,医药生物,301509.SZ,301509.SZ,金凯生科,2023-08-03,医疗研发外包
851563.SI,370603,医疗研发外包,370600,医疗服务,370000,医药生物,301520.SZ,301520.SZ,万邦医药,2023-09-22,医疗研发外包
851563.SI,370603,医疗研发外包,370600,医疗服务,370000,医药生物,300683.SZ,300683.SZ,海特生物,2024-07-31,医疗研发外包
851563.SI,370603,医疗研发外包,370600,医疗服务,370000,医药生物,688710.SH,688710.SH,益诺思,2024-09-03,医疗研发外包
851563.SI,370603,医疗研发外包,370600,医疗服务,370000,医药生物,688796.SH,688796.SH,百奥赛图,2025-12-10,医疗研发外包
851563.SI,370603,医疗研发外包,370600,医疗服务,370000,医药生物,002821.SZ,002821.SZ,凯莱英,2021-12-13,医疗研发外包
851564.SI,370604,医院,370600,医疗服务,370000,医药生物,002044.SZ,002044.SZ,美年健康,2021-12-13,医院
851564.SI,370604,医院,370600,医疗服务,370000,医药生物,002173.SZ,002173.SZ,创新医疗,2021-12-13,医院
851564.SI,370604,医院,370600,医疗服务,370000,医药生物,002219.SZ,002219.SZ,新里程,2021-12-13,医院
851564.SI,370604,医院,370600,医疗服务,370000,医药生物,002524.SZ,002524.SZ,光正眼科,2021-12-13,医院
851564.SI,370604,医院,370600,医疗服务,370000,医药生物,300015.SZ,300015.SZ,爱尔眼科,2021-12-13,医院
851564.SI,370604,医院,370600,医疗服务,370000,医药生物,300143.SZ,300143.SZ,盈康生命,2021-12-13,医院
851564.SI,370604,医院,370600,医疗服务,370000,医药生物,600568.SH,600568.SH,ST中珠,2021-12-13,医院
851564.SI,370604,医院,370600,医疗服务,370000,医药生物,600763.SH,600763.SH,通策医疗,2021-12-13,医院
851564.SI,370604,医院,370600,医疗服务,370000,医药生物,301103.SZ,301103.SZ,何氏眼科,2022-03-22,医院
851564.SI,370604,医院,370600,医疗服务,370000,医药生物,301239.SZ,301239.SZ,普瑞眼科,2022-07-05,医院
851564.SI,370604,医院,370600,医疗服务,370000,医药生物,002172.SZ,002172.SZ,澳洋健康,2022-08-01,医院
851564.SI,370604,医院,370600,医疗服务,370000,医药生物,301267.SZ,301267.SZ,华厦眼科,2022-11-09,医院
851564.SI,370604,医院,370600,医疗服务,370000,医药生物,301293.SZ,301293.SZ,三博脑科,2023-05-05,医院
851564.SI,370604,医院,370600,医疗服务,370000,医药生物,002622.SZ,002622.SZ,皓宸医疗,2023-07-06,医院
851564.SI,370604,医院,370600,医疗服务,370000,医药生物,000516.SZ,000516.SZ,国际医学,2021-12-13,医院
851565.SI,370605,其他医疗服务,370600,医疗服务,370000,医药生物,688315.SH,688315.SH,诺禾致源,2021-12-13,其他医疗服务
851565.SI,370605,其他医疗服务,370600,医疗服务,370000,医药生物,000504.SZ,000504.SZ,南华生物,2021-12-13,其他医疗服务
851611.SI,410101,火力发电,410100,电力,410000,公用事业,000531.SZ,000531.SZ,穗恒运A,2021-12-13,火力发电
851611.SI,410101,火力发电,410100,电力,410000,公用事业,000539.SZ,000539.SZ,粤电力A,2021-12-13,火力发电
851611.SI,410101,火力发电,410100,电力,410000,公用事业,000543.SZ,000543.SZ,皖能电力,2021-12-13,火力发电
851611.SI,410101,火力发电,410100,电力,410000,公用事业,000600.SZ,000600.SZ,建投能源,2021-12-13,火力发电
851611.SI,410101,火力发电,410100,电力,410000,公用事业,000690.SZ,000690.SZ,宝新能源,2021-12-13,火力发电
851611.SI,410101,火力发电,410100,电力,410000,公用事业,000767.SZ,000767.SZ,晋控电力,2021-12-13,火力发电
851611.SI,410101,火力发电,410100,电力,410000,公用事业,000899.SZ,000899.SZ,赣能股份,2021-12-13,火力发电
851611.SI,410101,火力发电,410100,电力,410000,公用事业,000966.SZ,000966.SZ,长源电力,2021-12-13,火力发电
851611.SI,410101,火力发电,410100,电力,410000,公用事业,001896.SZ,001896.SZ,豫能控股,2021-12-13,火力发电
851611.SI,410101,火力发电,410100,电力,410000,公用事业,002608.SZ,002608.SZ,江苏国信,2021-12-13,火力发电
851611.SI,410101,火力发电,410100,电力,410000,公用事业,600011.SH,600011.SH,华能国际,2021-12-13,火力发电
851611.SI,410101,火力发电,410100,电力,410000,公用事业,600021.SH,600021.SH,上海电力,2021-12-13,火力发电
851611.SI,410101,火力发电,410100,电力,410000,公用事业,600023.SH,600023.SH,浙能电力,2021-12-13,火力发电
851611.SI,410101,火力发电,410100,电力,410000,公用事业,600027.SH,600027.SH,华电国际,2021-12-13,火力发电
851611.SI,410101,火力发电,410100,电力,410000,公用事业,600098.SH,600098.SH,广州发展,2021-12-13,火力发电
851611.SI,410101,火力发电,410100,电力,410000,公用事业,600396.SH,600396.SH,华电辽能,2021-12-13,火力发电
851611.SI,410101,火力发电,410100,电力,410000,公用事业,600509.SH,600509.SH,天富能源,2021-12-13,火力发电
851611.SI,410101,火力发电,410100,电力,410000,公用事业,600578.SH,600578.SH,京能电力,2021-12-13,火力发电
851611.SI,410101,火力发电,410100,电力,410000,公用事业,600642.SH,600642.SH,申能股份,2021-12-13,火力发电
851611.SI,410101,火力发电,410100,电力,410000,公用事业,600726.SH,600726.SH,华电能源,2021-12-13,火力发电
851611.SI,410101,火力发电,410100,电力,410000,公用事业,600744.SH,600744.SH,华银电力,2021-12-13,火力发电
851611.SI,410101,火力发电,410100,电力,410000,公用事业,600780.SH,600780.SH,通宝能源,2021-12-13,火力发电
851611.SI,410101,火力发电,410100,电力,410000,公用事业,600795.SH,600795.SH,国电电力,2021-12-13,火力发电
851611.SI,410101,火力发电,410100,电力,410000,公用事业,600863.SH,600863.SH,华能蒙电,2021-12-13,火力发电
851611.SI,410101,火力发电,410100,电力,410000,公用事业,601991.SH,601991.SH,大唐发电,2021-12-13,火力发电
851611.SI,410101,火力发电,410100,电力,410000,公用事业,000037.SZ,000037.SZ,深南电A,2022-08-01,火力发电
851611.SI,410101,火力发电,410100,电力,410000,公用事业,001286.SZ,001286.SZ,陕西能源,2023-05-08,火力发电
851611.SI,410101,火力发电,410100,电力,410000,公用事业,600575.SH,600575.SH,淮河能源,2026-07-02,火力发电
851611.SI,410101,火力发电,410100,电力,410000,公用事业,000027.SZ,000027.SZ,深圳能源,2021-12-13,火力发电
851612.SI,410102,水力发电,410100,电力,410000,公用事业,000722.SZ,000722.SZ,湖南发展,2021-12-13,水力发电
851612.SI,410102,水力发电,410100,电力,410000,公用事业,000791.SZ,000791.SZ,甘肃能源,2021-12-13,水力发电
851612.SI,410102,水力发电,410100,电力,410000,公用事业,000993.SZ,000993.SZ,闽东电力,2021-12-13,水力发电
851612.SI,410102,水力发电,410100,电力,410000,公用事业,002039.SZ,002039.SZ,黔源电力,2021-12-13,水力发电
851612.SI,410102,水力发电,410100,电力,410000,公用事业,600025.SH,600025.SH,华能水电,2021-12-13,水力发电
851612.SI,410102,水力发电,410100,电力,410000,公用事业,600236.SH,600236.SH,桂冠电力,2021-12-13,水力发电
851612.SI,410102,水力发电,410100,电力,410000,公用事业,600674.SH,600674.SH,川投能源,2021-12-13,水力发电
851612.SI,410102,水力发电,410100,电力,410000,公用事业,600886.SH,600886.SH,国投电力,2021-12-13,水力发电
851612.SI,410102,水力发电,410100,电力,410000,公用事业,600900.SH,600900.SH,长江电力,2021-12-13,水力发电
851612.SI,410102,水力发电,410100,电力,410000,公用事业,600868.SH,600868.SH,梅雁吉祥,2024-07-31,水力发电
851612.SI,410102,水力发电,410100,电力,410000,公用事业,600292.SH,600292.SH,电投水电,2026-07-02,水力发电
851612.SI,410102,水力发电,410100,电力,410000,公用事业,000601.SZ,000601.SZ,韶能股份,2021-12-13,水力发电
851614.SI,410104,热力服务,410100,电力,410000,公用事业,001210.SZ,001210.SZ,金房能源,2021-12-13,热力服务
851614.SI,410104,热力服务,410100,电力,410000,公用事业,002015.SZ,002015.SZ,协鑫能科,2021-12-13,热力服务
851614.SI,410104,热力服务,410100,电力,410000,公用事业,002479.SZ,002479.SZ,富春环保,2021-12-13,热力服务
851614.SI,410104,热力服务,410100,电力,410000,公用事业,002893.SZ,002893.SZ,京能热力,2021-12-13,热力服务
851614.SI,410104,热力服务,410100,电力,410000,公用事业,300335.SZ,300335.SZ,迪森股份,2021-12-13,热力服务
851614.SI,410104,热力服务,410100,电力,410000,公用事业,600149.SH,600149.SH,廊坊发展,2021-12-13,热力服务
851614.SI,410104,热力服务,410100,电力,410000,公用事业,600167.SH,600167.SH,联美控股,2021-12-13,热力服务
851614.SI,410104,热力服务,410100,电力,410000,公用事业,600719.SH,600719.SH,大连热电,2021-12-13,热力服务
851614.SI,410104,热力服务,410100,电力,410000,公用事业,600982.SH,600982.SH,宁波能源,2021-12-13,热力服务
851614.SI,410104,热力服务,410100,电力,410000,公用事业,605011.SH,605011.SH,杭州热电,2021-12-13,热力服务
851614.SI,410104,热力服务,410100,电力,410000,公用事业,605028.SH,605028.SH,世茂能源,2021-12-13,热力服务
851614.SI,410104,热力服务,410100,电力,410000,公用事业,605162.SH,605162.SH,新中港,2021-12-13,热力服务
851614.SI,410104,热力服务,410100,电力,410000,公用事业,605580.SH,605580.SH,恒盛能源,2021-12-13,热力服务
851614.SI,410104,热力服务,410100,电力,410000,公用事业,600226.SH,600226.SH,亨通股份,2022-08-01,热力服务
851614.SI,410104,热力服务,410100,电力,410000,公用事业,600052.SH,600052.SH,东望时代,2023-07-06,热力服务
851614.SI,410104,热力服务,410100,电力,410000,公用事业,001376.SZ,001376.SZ,百通能源,2023-11-02,热力服务
851614.SI,410104,热力服务,410100,电力,410000,公用事业,600475.SH,600475.SH,华光环能,2024-07-31,热力服务
851614.SI,410104,热力服务,410100,电力,410000,公用事业,603071.SH,603071.SH,物产环能,2026-07-02,热力服务
851614.SI,410104,热力服务,410100,电力,410000,公用事业,000692.SZ,000692.SZ,惠天热电,2021-12-13,热力服务
851616.SI,410106,光伏发电,410100,电力,410000,公用事业,002256.SZ,002256.SZ,兆新股份,2021-12-13,光伏发电
851616.SI,410106,光伏发电,410100,电力,410000,公用事业,002617.SZ,002617.SZ,露笑科技,2021-12-13,光伏发电
851616.SI,410106,光伏发电,410100,电力,410000,公用事业,300125.SZ,300125.SZ,聆达股份,2021-12-13,光伏发电
851616.SI,410106,光伏发电,410100,电力,410000,公用事业,300317.SZ,300317.SZ,珈伟新能,2021-12-13,光伏发电
851616.SI,410106,光伏发电,410100,电力,410000,公用事业,600032.SH,600032.SH,浙江新能,2021-12-13,光伏发电
851616.SI,410106,光伏发电,410100,电力,410000,公用事业,601778.SH,601778.SH,晶科科技,2021-12-13,光伏发电
851616.SI,410106,光伏发电,410100,电力,410000,公用事业,601908.SH,601908.SH,京运通,2021-12-13,光伏发电
851616.SI,410106,光伏发电,410100,电力,410000,公用事业,603105.SH,603105.SH,芯能科技,2021-12-13,光伏发电
851616.SI,410106,光伏发电,410100,电力,410000,公用事业,600821.SH,600821.SH,金开新能,2022-08-01,光伏发电
851616.SI,410106,光伏发电,410100,电力,410000,公用事业,002480.SZ,002480.SZ,新筑股份,2023-07-06,光伏发电
851616.SI,410106,光伏发电,410100,电力,410000,公用事业,002218.SZ,002218.SZ,拓日新能,2024-07-31,光伏发电
851616.SI,410106,光伏发电,410100,电力,410000,公用事业,002310.SZ,002310.SZ,东方新能,2026-07-02,光伏发电
851616.SI,410106,光伏发电,410100,电力,410000,公用事业,000591.SZ,000591.SZ,太阳能,2021-12-13,光伏发电
851617.SI,410107,风力发电,410100,电力,410000,公用事业,000862.SZ,000862.SZ,银星能源,2021-12-13,风力发电
851617.SI,410107,风力发电,410100,电力,410000,公用事业,600163.SH,600163.SH,中闽能源,2021-12-13,风力发电
851617.SI,410107,风力发电,410100,电力,410000,公用事业,600905.SH,600905.SH,三峡能源,2021-12-13,风力发电
851617.SI,410107,风力发电,410100,电力,410000,公用事业,600956.SH,600956.SH,新天绿能,2021-12-13,风力发电
851617.SI,410107,风力发电,410100,电力,410000,公用事业,601016.SH,601016.SH,节能风电,2021-12-13,风力发电
851617.SI,410107,风力发电,410100,电力,410000,公用事业,601619.SH,601619.SH,嘉泽新能,2021-12-13,风力发电
851617.SI,410107,风力发电,410100,电力,410000,公用事业,603693.SH,603693.SH,江苏新能,2021-12-13,风力发电
851617.SI,410107,风力发电,410100,电力,410000,公用事业,001289.SZ,001289.SZ,龙源电力,2022-02-09,风力发电
851617.SI,410107,风力发电,410100,电力,410000,公用事业,001258.SZ,001258.SZ,立新能源,2022-07-27,风力发电
851617.SI,410107,风力发电,410100,电力,410000,公用事业,000537.SZ,000537.SZ,绿发电力,2022-08-29,风力发电
851617.SI,410107,风力发电,410100,电力,410000,公用事业,000507.SZ,000507.SZ,珠海港,2023-07-06,风力发电
851617.SI,410107,风力发电,410100,电力,410000,公用事业,002053.SZ,002053.SZ,云南能投,2024-12-09,风力发电
851617.SI,410107,风力发电,410100,电力,410000,公用事业,600930.SH,600930.SH,华电新能,2025-07-16,风力发电
851617.SI,410107,风力发电,410100,电力,410000,公用事业,000595.SZ,000595.SZ,新能股份,2026-07-02,风力发电
851617.SI,410107,风力发电,410100,电力,410000,公用事业,001248.SZ,001248.SZ,华润新能,2026-07-02,风力发电
851617.SI,410107,风力发电,410100,电力,410000,公用事业,000155.SZ,000155.SZ,川能动力,2021-12-13,风力发电
851618.SI,410108,核力发电,410100,电力,410000,公用事业,601985.SH,601985.SH,中国核电,2021-12-13,核力发电
851618.SI,410108,核力发电,410100,电力,410000,公用事业,000958.SZ,000958.SZ,电投产融,2026-07-02,核力发电
851618.SI,410108,核力发电,410100,电力,410000,公用事业,003816.SZ,003816.SZ,中国广核,2021-12-13,核力发电
851619.SI,410109,其他能源发电,410100,电力,410000,公用事业,002616.SZ,002616.SZ,长青集团,2021-12-13,其他能源发电
851610.SI,410110,电能综合服务,410100,电力,410000,公用事业,000883.SZ,000883.SZ,湖北能源,2021-12-13,电能综合服务
851610.SI,410110,电能综合服务,410100,电力,410000,公用事业,003035.SZ,003035.SZ,南网能源,2021-12-13,电能综合服务
851610.SI,410110,电能综合服务,410100,电力,410000,公用事业,600101.SH,600101.SH,明星电力,2021-12-13,电能综合服务
851610.SI,410110,电能综合服务,410100,电力,410000,公用事业,600116.SH,600116.SH,三峡水利,2021-12-13,电能综合服务
851610.SI,410110,电能综合服务,410100,电力,410000,公用事业,600310.SH,600310.SH,广西能源,2021-12-13,电能综合服务
851610.SI,410110,电能综合服务,410100,电力,410000,公用事业,600452.SH,600452.SH,涪陵电力,2021-12-13,电能综合服务
851610.SI,410110,电能综合服务,410100,电力,410000,公用事业,600483.SH,600483.SH,福能股份,2021-12-13,电能综合服务
851610.SI,410110,电能综合服务,410100,电力,410000,公用事业,600505.SH,600505.SH,西昌电力,2021-12-13,电能综合服务
851610.SI,410110,电能综合服务,410100,电力,410000,公用事业,600644.SH,600644.SH,乐山电力,2021-12-13,电能综合服务
851610.SI,410110,电能综合服务,410100,电力,410000,公用事业,600969.SH,600969.SH,郴电国际,2021-12-13,电能综合服务
851610.SI,410110,电能综合服务,410100,电力,410000,公用事业,600979.SH,600979.SH,广安爱众,2021-12-13,电能综合服务
851610.SI,410110,电能综合服务,410100,电力,410000,公用事业,600995.SH,600995.SH,南网储能,2021-12-13,电能综合服务
851610.SI,410110,电能综合服务,410100,电力,410000,公用事业,300040.SZ,300040.SZ,九洲集团,2024-07-31,电能综合服务
851610.SI,410110,电能综合服务,410100,电力,410000,公用事业,000631.SZ,000631.SZ,顺发恒能,2026-07-02,电能综合服务
851610.SI,410110,电能综合服务,410100,电力,410000,公用事业,600157.SH,600157.SH,永泰能源,2026-07-02,电能综合服务
851610.SI,410110,电能综合服务,410100,电力,410000,公用事业,000875.SZ,000875.SZ,电投绿能,2021-12-13,电能综合服务
851631.SI,410301,燃气Ⅲ,410300,燃气Ⅱ,410000,公用事业,000593.SZ,000593.SZ,德龙汇能,2021-12-13,燃气Ⅲ
851631.SI,410301,燃气Ⅲ,410300,燃气Ⅱ,410000,公用事业,000669.SZ,000669.SZ,ST金鸿,2021-12-13,燃气Ⅲ
851631.SI,410301,燃气Ⅲ,410300,燃气Ⅱ,410000,公用事业,002259.SZ,002259.SZ,升达林业,2021-12-13,燃气Ⅲ
851631.SI,410301,燃气Ⅲ,410300,燃气Ⅱ,410000,公用事业,002267.SZ,002267.SZ,陕天然气,2021-12-13,燃气Ⅲ
851631.SI,410301,燃气Ⅲ,410300,燃气Ⅱ,410000,公用事业,002700.SZ,002700.SZ,万憬能源,2021-12-13,燃气Ⅲ
851631.SI,410301,燃气Ⅲ,410300,燃气Ⅱ,410000,公用事业,002911.SZ,002911.SZ,佛燃能源,2021-12-13,燃气Ⅲ
851631.SI,410301,燃气Ⅲ,410300,燃气Ⅱ,410000,公用事业,300332.SZ,300332.SZ,天壕能源,2021-12-13,燃气Ⅲ
851631.SI,410301,燃气Ⅲ,410300,燃气Ⅱ,410000,公用事业,300483.SZ,300483.SZ,首华燃气,2021-12-13,燃气Ⅲ
851631.SI,410301,燃气Ⅲ,410300,燃气Ⅱ,410000,公用事业,600333.SH,600333.SH,长春燃气,2021-12-13,燃气Ⅲ
851631.SI,410301,燃气Ⅲ,410300,燃气Ⅱ,410000,公用事业,600617.SH,600617.SH,国新能源,2021-12-13,燃气Ⅲ
851631.SI,410301,燃气Ⅲ,410300,燃气Ⅱ,410000,公用事业,600635.SH,600635.SH,大众公用,2021-12-13,燃气Ⅲ
851631.SI,410301,燃气Ⅲ,410300,燃气Ⅱ,410000,公用事业,600681.SH,600681.SH,百川能源,2021-12-13,燃气Ⅲ
851631.SI,410301,燃气Ⅲ,410300,燃气Ⅱ,410000,公用事业,600803.SH,600803.SH,新奥股份,2021-12-13,燃气Ⅲ
851631.SI,410301,燃气Ⅲ,410300,燃气Ⅱ,410000,公用事业,600903.SH,600903.SH,贵州燃气,2021-12-13,燃气Ⅲ
851631.SI,410301,燃气Ⅲ,410300,燃气Ⅱ,410000,公用事业,600917.SH,600917.SH,重庆燃气,2021-12-13,燃气Ⅲ
851631.SI,410301,燃气Ⅲ,410300,燃气Ⅱ,410000,公用事业,601139.SH,601139.SH,深圳燃气,2021-12-13,燃气Ⅲ
851631.SI,410301,燃气Ⅲ,410300,燃气Ⅱ,410000,公用事业,603053.SH,603053.SH,成都燃气,2021-12-13,燃气Ⅲ
851631.SI,410301,燃气Ⅲ,410300,燃气Ⅱ,410000,公用事业,603080.SH,603080.SH,新疆火炬,2021-12-13,燃气Ⅲ
851631.SI,410301,燃气Ⅲ,410300,燃气Ⅱ,410000,公用事业,603318.SH,603318.SH,水发燃气,2021-12-13,燃气Ⅲ
851631.SI,410301,燃气Ⅲ,410300,燃气Ⅱ,410000,公用事业,603393.SH,603393.SH,新天然气,2021-12-13,燃气Ⅲ
851631.SI,410301,燃气Ⅲ,410300,燃气Ⅱ,410000,公用事业,603689.SH,603689.SH,皖天然气,2021-12-13,燃气Ⅲ
851631.SI,410301,燃气Ⅲ,410300,燃气Ⅱ,410000,公用事业,603706.SH,603706.SH,东方环宇,2021-12-13,燃气Ⅲ
851631.SI,410301,燃气Ⅲ,410300,燃气Ⅱ,410000,公用事业,605090.SH,605090.SH,九丰能源,2021-12-13,燃气Ⅲ
851631.SI,410301,燃气Ⅲ,410300,燃气Ⅱ,410000,公用事业,605169.SH,605169.SH,洪通燃气,2021-12-13,燃气Ⅲ
851631.SI,410301,燃气Ⅲ,410300,燃气Ⅱ,410000,公用事业,605368.SH,605368.SH,蓝天燃气,2021-12-13,燃气Ⅲ
851631.SI,410301,燃气Ⅲ,410300,燃气Ⅱ,410000,公用事业,001331.SZ,001331.SZ,胜通能源,2022-09-08,燃气Ⅲ
851631.SI,410301,燃气Ⅲ,410300,燃气Ⅱ,410000,公用事业,001299.SZ,001299.SZ,美能能源,2022-10-31,燃气Ⅲ
851631.SI,410301,燃气Ⅲ,410300,燃气Ⅱ,410000,公用事业,000407.SZ,000407.SZ,胜利股份,2021-12-13,燃气Ⅲ
851782.SI,420802,原材料供应链服务,420800,物流,420000,交通运输,000906.SZ,000906.SZ,浙商中拓,2021-12-13,原材料供应链服务
851782.SI,420802,原材料供应链服务,420800,物流,420000,交通运输,001202.SZ,001202.SZ,炬申股份,2021-12-13,原材料供应链服务
851782.SI,420802,原材料供应链服务,420800,物流,420000,交通运输,600057.SH,600057.SH,厦门象屿,2021-12-13,原材料供应链服务
851782.SI,420802,原材料供应链服务,420800,物流,420000,交通运输,600153.SH,600153.SH,建发股份,2021-12-13,原材料供应链服务
851782.SI,420802,原材料供应链服务,420800,物流,420000,交通运输,600180.SH,600180.SH,*ST瑞茂,2021-12-13,原材料供应链服务
851782.SI,420802,原材料供应链服务,420800,物流,420000,交通运输,600704.SH,600704.SH,物产中大,2021-12-13,原材料供应链服务
851782.SI,420802,原材料供应链服务,420800,物流,420000,交通运输,600753.SH,600753.SH,ST海钦,2021-12-13,原材料供应链服务
851782.SI,420802,原材料供应链服务,420800,物流,420000,交通运输,600755.SH,600755.SH,厦门国贸,2021-12-13,原材料供应链服务
851782.SI,420802,原材料供应链服务,420800,物流,420000,交通运输,603329.SH,603329.SH,上海雅仕,2021-12-13,原材料供应链服务
851782.SI,420802,原材料供应链服务,420800,物流,420000,交通运输,605050.SH,605050.SH,福然德,2021-12-13,原材料供应链服务
851782.SI,420802,原材料供应链服务,420800,物流,420000,交通运输,002485.SZ,002485.SZ,ST雪发,2025-08-13,原材料供应链服务
851782.SI,420802,原材料供应链服务,420800,物流,420000,交通运输,600603.SH,600603.SH,广汇物流,2025-08-13,原材料供应链服务
851782.SI,420802,原材料供应链服务,420800,物流,420000,交通运输,000626.SZ,000626.SZ,远大控股,2021-12-13,原材料供应链服务
851783.SI,420803,中间产品及消费品供应链服务,420800,物流,420000,交通运输,002889.SZ,002889.SZ,东方嘉盛,2021-12-13,中间产品及消费品供应链服务
851783.SI,420803,中间产品及消费品供应链服务,420800,物流,420000,交通运输,300013.SZ,300013.SZ,新宁物流,2021-12-13,中间产品及消费品供应链服务
851783.SI,420803,中间产品及消费品供应链服务,420800,物流,420000,交通运输,300240.SZ,300240.SZ,飞力达,2021-12-13,中间产品及消费品供应链服务
851783.SI,420803,中间产品及消费品供应链服务,420800,物流,420000,交通运输,300350.SZ,300350.SZ,华鹏飞,2021-12-13,中间产品及消费品供应链服务
851783.SI,420803,中间产品及消费品供应链服务,420800,物流,420000,交通运输,300873.SZ,300873.SZ,海晨股份,2021-12-13,中间产品及消费品供应链服务
851783.SI,420803,中间产品及消费品供应链服务,420800,物流,420000,交通运输,603648.SH,603648.SH,畅联股份,2021-12-13,中间产品及消费品供应链服务
851783.SI,420803,中间产品及消费品供应链服务,420800,物流,420000,交通运输,001220.SZ,001220.SZ,世盟股份,2026-02-03,中间产品及消费品供应链服务
851783.SI,420803,中间产品及消费品供应链服务,420800,物流,420000,交通运输,002769.SZ,002769.SZ,普路通,2021-12-13,中间产品及消费品供应链服务
851784.SI,420804,快递,420800,物流,420000,交通运输,002352.SZ,002352.SZ,顺丰控股,2021-12-13,快递
851784.SI,420804,快递,420800,物流,420000,交通运输,002468.SZ,002468.SZ,申通快递,2021-12-13,快递
851784.SI,420804,快递,420800,物流,420000,交通运输,600233.SH,600233.SH,圆通速递,2021-12-13,快递
851784.SI,420804,快递,420800,物流,420000,交通运输,002120.SZ,002120.SZ,韵达股份,2021-12-13,快递
851785.SI,420805,跨境物流,420800,物流,420000,交通运输,601156.SH,601156.SH,东航物流,2021-12-13,跨境物流
851785.SI,420805,跨境物流,420800,物流,420000,交通运输,601598.SH,601598.SH,中国外运,2021-12-13,跨境物流
851785.SI,420805,跨境物流,420800,物流,420000,交通运输,603117.SH,603117.SH,万林物流,2021-12-13,跨境物流
851785.SI,420805,跨境物流,420800,物流,420000,交通运输,603128.SH,603128.SH,华贸物流,2021-12-13,跨境物流
851785.SI,420805,跨境物流,420800,物流,420000,交通运输,603535.SH,603535.SH,嘉诚国际,2021-12-13,跨境物流
851785.SI,420805,跨境物流,420800,物流,420000,交通运输,603836.SH,603836.SH,海程邦达,2021-12-13,跨境物流
851785.SI,420805,跨境物流,420800,物流,420000,交通运输,603871.SH,603871.SH,嘉友国际,2021-12-13,跨境物流
851785.SI,420805,跨境物流,420800,物流,420000,交通运输,603967.SH,603967.SH,中创物流,2021-12-13,跨境物流
851785.SI,420805,跨境物流,420800,物流,420000,交通运输,001228.SZ,001228.SZ,永泰运,2022-04-29,跨境物流
851785.SI,420805,跨境物流,420800,物流,420000,交通运输,001391.SZ,001391.SZ,国货航,2025-01-07,跨境物流
851785.SI,420805,跨境物流,420800,物流,420000,交通运输,002800.SZ,002800.SZ,天顺股份,2026-07-02,跨境物流
851785.SI,420805,跨境物流,420800,物流,420000,交通运输,600119.SH,600119.SH,*ST长投,2021-12-13,跨境物流
851786.SI,420806,仓储物流,420800,物流,420000,交通运输,002930.SZ,002930.SZ,宏川智慧,2021-12-13,仓储物流
851786.SI,420806,仓储物流,420800,物流,420000,交通运输,600787.SH,600787.SH,中储股份,2021-12-13,仓储物流
851786.SI,420806,仓储物流,420800,物流,420000,交通运输,600794.SH,600794.SH,保税科技,2021-12-13,仓储物流
851786.SI,420806,仓储物流,420800,物流,420000,交通运输,603713.SH,603713.SH,密尔克卫,2021-12-13,仓储物流
851786.SI,420806,仓储物流,420800,物流,420000,交通运输,603066.SH,603066.SH,音飞储存,2022-08-01,仓储物流
851786.SI,420806,仓储物流,420800,物流,420000,交通运输,002492.SZ,002492.SZ,恒基达鑫,2021-12-13,仓储物流
851787.SI,420807,公路货运,420800,物流,420000,交通运输,002682.SZ,002682.SZ,龙洲股份,2021-12-13,公路货运
851787.SI,420807,公路货运,420800,物流,420000,交通运输,603569.SH,603569.SH,长久物流,2021-12-13,公路货运
851787.SI,420807,公路货运,420800,物流,420000,交通运输,603813.SH,603813.SH,原尚股份,2021-12-13,公路货运
851787.SI,420807,公路货运,420800,物流,420000,交通运输,002010.SZ,002010.SZ,传化智联,2021-12-13,公路货运
851731.SI,420901,高速公路,420900,铁路公路,420000,交通运输,000548.SZ,000548.SZ,湖南投资,2021-12-13,高速公路
851731.SI,420901,高速公路,420900,铁路公路,420000,交通运输,000755.SZ,000755.SZ,山西高速,2021-12-13,高速公路
851731.SI,420901,高速公路,420900,铁路公路,420000,交通运输,000828.SZ,000828.SZ,东莞控股,2021-12-13,高速公路
851731.SI,420901,高速公路,420900,铁路公路,420000,交通运输,000900.SZ,000900.SZ,现代投资,2021-12-13,高速公路
851731.SI,420901,高速公路,420900,铁路公路,420000,交通运输,001965.SZ,001965.SZ,招商公路,2021-12-13,高速公路
851731.SI,420901,高速公路,420900,铁路公路,420000,交通运输,600012.SH,600012.SH,皖通高速,2021-12-13,高速公路
851731.SI,420901,高速公路,420900,铁路公路,420000,交通运输,600020.SH,600020.SH,中原高速,2021-12-13,高速公路
851731.SI,420901,高速公路,420900,铁路公路,420000,交通运输,600033.SH,600033.SH,福建高速,2021-12-13,高速公路
851731.SI,420901,高速公路,420900,铁路公路,420000,交通运输,600035.SH,600035.SH,楚天高速,2021-12-13,高速公路
851731.SI,420901,高速公路,420900,铁路公路,420000,交通运输,600106.SH,600106.SH,重庆路桥,2021-12-13,高速公路
851731.SI,420901,高速公路,420900,铁路公路,420000,交通运输,600269.SH,600269.SH,赣粤高速,2021-12-13,高速公路
851731.SI,420901,高速公路,420900,铁路公路,420000,交通运输,600350.SH,600350.SH,山东高速,2021-12-13,高速公路
851731.SI,420901,高速公路,420900,铁路公路,420000,交通运输,600368.SH,600368.SH,五洲交通,2021-12-13,高速公路
851731.SI,420901,高速公路,420900,铁路公路,420000,交通运输,600377.SH,600377.SH,宁沪高速,2021-12-13,高速公路
851731.SI,420901,高速公路,420900,铁路公路,420000,交通运输,600548.SH,600548.SH,深高速,2021-12-13,高速公路
851731.SI,420901,高速公路,420900,铁路公路,420000,交通运输,601107.SH,601107.SH,四川成渝,2021-12-13,高速公路
851731.SI,420901,高速公路,420900,铁路公路,420000,交通运输,601188.SH,601188.SH,龙江交通,2021-12-13,高速公路
851731.SI,420901,高速公路,420900,铁路公路,420000,交通运输,601518.SH,601518.SH,吉林高速,2021-12-13,高速公路
851731.SI,420901,高速公路,420900,铁路公路,420000,交通运输,000886.SZ,000886.SZ,海南高速,2025-08-13,高速公路
851731.SI,420901,高速公路,420900,铁路公路,420000,交通运输,000429.SZ,000429.SZ,粤高速A,2021-12-13,高速公路
851721.SI,420902,公交,420900,铁路公路,420000,交通运输,600561.SH,600561.SH,江西长运,2021-12-13,公交
851721.SI,420902,公交,420900,铁路公路,420000,交通运输,600611.SH,600611.SH,大众交通,2021-12-13,公交
851721.SI,420902,公交,420900,铁路公路,420000,交通运输,600650.SH,600650.SH,锦江在线,2021-12-13,公交
851721.SI,420902,公交,420900,铁路公路,420000,交通运输,600834.SH,600834.SH,申通地铁,2021-12-13,公交
851721.SI,420902,公交,420900,铁路公路,420000,交通运输,603069.SH,603069.SH,海汽集团,2021-12-13,公交
851721.SI,420902,公交,420900,铁路公路,420000,交通运输,002357.SZ,002357.SZ,富临运业,2021-12-13,公交
851771.SI,420903,铁路运输,420900,铁路公路,420000,交通运输,001213.SZ,001213.SZ,中铁特货,2021-12-13,铁路运输
851771.SI,420903,铁路运输,420900,铁路公路,420000,交通运输,001317.SZ,001317.SZ,三羊马,2021-12-13,铁路运输
851771.SI,420903,铁路运输,420900,铁路公路,420000,交通运输,600125.SH,600125.SH,铁龙物流,2021-12-13,铁路运输
851771.SI,420903,铁路运输,420900,铁路公路,420000,交通运输,601006.SH,601006.SH,大秦铁路,2021-12-13,铁路运输
851771.SI,420903,铁路运输,420900,铁路公路,420000,交通运输,601333.SH,601333.SH,广深铁路,2021-12-13,铁路运输
851771.SI,420903,铁路运输,420900,铁路公路,420000,交通运输,601816.SH,601816.SH,京沪高铁,2021-12-13,铁路运输
851771.SI,420903,铁路运输,420900,铁路公路,420000,交通运输,000557.SZ,000557.SZ,西部创业,2021-12-13,铁路运输
851741.SI,421001,航空运输,421000,航空机场,420000,交通运输,002928.SZ,002928.SZ,华夏航空,2021-12-13,航空运输
851741.SI,421001,航空运输,421000,航空机场,420000,交通运输,600029.SH,600029.SH,南方航空,2021-12-13,航空运输
851741.SI,421001,航空运输,421000,航空机场,420000,交通运输,600115.SH,600115.SH,中国东航,2021-12-13,航空运输
851741.SI,421001,航空运输,421000,航空机场,420000,交通运输,600221.SH,600221.SH,海航控股,2021-12-13,航空运输
851741.SI,421001,航空运输,421000,航空机场,420000,交通运输,601021.SH,601021.SH,春秋航空,2021-12-13,航空运输
851741.SI,421001,航空运输,421000,航空机场,420000,交通运输,601111.SH,601111.SH,中国国航,2021-12-13,航空运输
851741.SI,421001,航空运输,421000,航空机场,420000,交通运输,603885.SH,603885.SH,吉祥航空,2021-12-13,航空运输
851741.SI,421001,航空运输,421000,航空机场,420000,交通运输,000099.SZ,000099.SZ,中信海直,2021-12-13,航空运输
851751.SI,421002,机场,421000,航空机场,420000,交通运输,600004.SH,600004.SH,白云机场,2021-12-13,机场
851751.SI,421002,机场,421000,航空机场,420000,交通运输,600009.SH,600009.SH,上海机场,2021-12-13,机场
851751.SI,421002,机场,421000,航空机场,420000,交通运输,600897.SH,600897.SH,厦门空港,2021-12-13,机场
851751.SI,421002,机场,421000,航空机场,420000,交通运输,000089.SZ,000089.SZ,深圳机场,2021-12-13,机场
851761.SI,421101,航运,421100,航运港口,420000,交通运输,001205.SZ,001205.SZ,盛航股份,2021-12-13,航运
851761.SI,421101,航运,421100,航运港口,420000,交通运输,002320.SZ,002320.SZ,海峡股份,2021-12-13,航运
851761.SI,421101,航运,421100,航运港口,420000,交通运输,600026.SH,600026.SH,中远海能,2021-12-13,航运
851761.SI,421101,航运,421100,航运港口,420000,交通运输,600179.SH,600179.SH,安通控股,2021-12-13,航运
851761.SI,421101,航运,421100,航运港口,420000,交通运输,600428.SH,600428.SH,中远海特,2021-12-13,航运
851761.SI,421101,航运,421100,航运港口,420000,交通运输,600798.SH,600798.SH,宁波海运,2021-12-13,航运
851761.SI,421101,航运,421100,航运港口,420000,交通运输,601866.SH,601866.SH,中远海发,2021-12-13,航运
851761.SI,421101,航运,421100,航运港口,420000,交通运输,601872.SH,601872.SH,招商轮船,2021-12-13,航运
851761.SI,421101,航运,421100,航运港口,420000,交通运输,601919.SH,601919.SH,中远海控,2021-12-13,航运
851761.SI,421101,航运,421100,航运港口,420000,交通运输,601975.SH,601975.SH,招商南油,2021-12-13,航运
851761.SI,421101,航运,421100,航运港口,420000,交通运输,603167.SH,603167.SH,渤海轮渡,2021-12-13,航运
851761.SI,421101,航运,421100,航运港口,420000,交通运输,603565.SH,603565.SH,中谷物流,2021-12-13,航运
851761.SI,421101,航运,421100,航运港口,420000,交通运输,603209.SH,603209.SH,兴通股份,2022-03-24,航运
851761.SI,421101,航运,421100,航运港口,420000,交通运输,601022.SH,601022.SH,宁波远洋,2022-12-08,航运
851761.SI,421101,航运,421100,航运港口,420000,交通运输,603162.SH,603162.SH,海通发展,2023-03-29,航运
851761.SI,421101,航运,421100,航运港口,420000,交通运输,601083.SH,601083.SH,锦江航运,2023-12-05,航运
851761.SI,421101,航运,421100,航运港口,420000,交通运输,600751.SH,600751.SH,海航科技,2024-07-31,航运
851761.SI,421101,航运,421100,航运港口,420000,交通运输,000520.SZ,000520.SZ,凤凰航运,2021-12-13,航运
851711.SI,421102,港口,421100,航运港口,420000,交通运输,000582.SZ,000582.SZ,北部湾港,2021-12-13,港口
851711.SI,421102,港口,421100,航运港口,420000,交通运输,000905.SZ,000905.SZ,厦门港务,2021-12-13,港口
851711.SI,421102,港口,421100,航运港口,420000,交通运输,001872.SZ,001872.SZ,招商港口,2021-12-13,港口
851711.SI,421102,港口,421100,航运港口,420000,交通运输,002040.SZ,002040.SZ,南京港,2021-12-13,港口
851711.SI,421102,港口,421100,航运港口,420000,交通运输,600017.SH,600017.SH,日照港,2021-12-13,港口
851711.SI,421102,港口,421100,航运港口,420000,交通运输,600018.SH,600018.SH,上港集团,2021-12-13,港口
851711.SI,421102,港口,421100,航运港口,420000,交通运输,600279.SH,600279.SH,重庆港,2021-12-13,港口
851711.SI,421102,港口,421100,航运港口,420000,交通运输,600717.SH,600717.SH,天津港,2021-12-13,港口
851711.SI,421102,港口,421100,航运港口,420000,交通运输,601000.SH,601000.SH,唐山港,2021-12-13,港口
851711.SI,421102,港口,421100,航运港口,420000,交通运输,601008.SH,601008.SH,连云港,2021-12-13,港口
851711.SI,421102,港口,421100,航运港口,420000,交通运输,601018.SH,601018.SH,宁波港,2021-12-13,港口
851711.SI,421102,港口,421100,航运港口,420000,交通运输,601228.SH,601228.SH,广州港,2021-12-13,港口
851711.SI,421102,港口,421100,航运港口,420000,交通运输,601298.SH,601298.SH,青岛港,2021-12-13,港口
851711.SI,421102,港口,421100,航运港口,420000,交通运输,601326.SH,601326.SH,秦港股份,2021-12-13,港口
851711.SI,421102,港口,421100,航运港口,420000,交通运输,601880.SH,601880.SH,辽港股份,2021-12-13,港口
851711.SI,421102,港口,421100,航运港口,420000,交通运输,000088.SZ,000088.SZ,盐田港,2021-12-13,港口
851811.SI,430101,住宅开发,430100,房地产开发,430000,房地产,000006.SZ,000006.SZ,深振业A,2021-12-13,住宅开发
851811.SI,430101,住宅开发,430100,房地产开发,430000,房地产,000011.SZ,000011.SZ,深物业A,2021-12-13,住宅开发
851811.SI,430101,住宅开发,430100,房地产开发,430000,房地产,000014.SZ,000014.SZ,沙河股份,2021-12-13,住宅开发
851811.SI,430101,住宅开发,430100,房地产开发,430000,房地产,000029.SZ,000029.SZ,深深房A,2021-12-13,住宅开发
851811.SI,430101,住宅开发,430100,房地产开发,430000,房地产,000036.SZ,000036.SZ,华联控股,2021-12-13,住宅开发
851811.SI,430101,住宅开发,430100,房地产开发,430000,房地产,000042.SZ,000042.SZ,中洲控股,2021-12-13,住宅开发
851811.SI,430101,住宅开发,430100,房地产开发,430000,房地产,000090.SZ,000090.SZ,天健集团,2021-12-13,住宅开发
851811.SI,430101,住宅开发,430100,房地产开发,430000,房地产,000514.SZ,000514.SZ,渝开发,2021-12-13,住宅开发
851811.SI,430101,住宅开发,430100,房地产开发,430000,房地产,000517.SZ,000517.SZ,荣安地产,2021-12-13,住宅开发
851811.SI,430101,住宅开发,430100,房地产开发,430000,房地产,000573.SZ,000573.SZ,粤宏远A,2021-12-13,住宅开发
851811.SI,430101,住宅开发,430100,房地产开发,430000,房地产,000609.SZ,000609.SZ,*ST中迪,2021-12-13,住宅开发
851811.SI,430101,住宅开发,430100,房地产开发,430000,房地产,000620.SZ,000620.SZ,盈新发展,2021-12-13,住宅开发
851811.SI,430101,住宅开发,430100,房地产开发,430000,房地产,000656.SZ,000656.SZ,金科股份,2021-12-13,住宅开发
851811.SI,430101,住宅开发,430100,房地产开发,430000,房地产,000718.SZ,000718.SZ,苏宁环球,2021-12-13,住宅开发
851811.SI,430101,住宅开发,430100,房地产开发,430000,房地产,000736.SZ,000736.SZ,中交发展,2021-12-13,住宅开发
851811.SI,430101,住宅开发,430100,房地产开发,430000,房地产,000797.SZ,000797.SZ,中国武夷,2021-12-13,住宅开发
851811.SI,430101,住宅开发,430100,房地产开发,430000,房地产,000838.SZ,000838.SZ,*ST发展,2021-12-13,住宅开发
851811.SI,430101,住宅开发,430100,房地产开发,430000,房地产,000863.SZ,000863.SZ,三湘印象,2021-12-13,住宅开发
851811.SI,430101,住宅开发,430100,房地产开发,430000,房地产,000897.SZ,000897.SZ,津滨发展,2021-12-13,住宅开发
851811.SI,430101,住宅开发,430100,房地产开发,430000,房地产,000909.SZ,000909.SZ,*ST数源,2021-12-13,住宅开发
851811.SI,430101,住宅开发,430100,房地产开发,430000,房地产,000926.SZ,000926.SZ,福星股份,2021-12-13,住宅开发
851811.SI,430101,住宅开发,430100,房地产开发,430000,房地产,000965.SZ,000965.SZ,天保基建,2021-12-13,住宅开发
851811.SI,430101,住宅开发,430100,房地产开发,430000,房地产,002016.SZ,002016.SZ,世荣兆业,2021-12-13,住宅开发
851811.SI,430101,住宅开发,430100,房地产开发,430000,房地产,002133.SZ,002133.SZ,广宇集团,2021-12-13,住宅开发
851811.SI,430101,住宅开发,430100,房地产开发,430000,房地产,002146.SZ,002146.SZ,荣盛发展,2021-12-13,住宅开发
851811.SI,430101,住宅开发,430100,房地产开发,430000,房地产,002208.SZ,002208.SZ,合肥城建,2021-12-13,住宅开发
851811.SI,430101,住宅开发,430100,房地产开发,430000,房地产,002244.SZ,002244.SZ,滨江集团,2021-12-13,住宅开发
851811.SI,430101,住宅开发,430100,房地产开发,430000,房地产,002314.SZ,002314.SZ,南山控股,2021-12-13,住宅开发
851811.SI,430101,住宅开发,430100,房地产开发,430000,房地产,600048.SH,600048.SH,保利发展,2021-12-13,住宅开发
851811.SI,430101,住宅开发,430100,房地产开发,430000,房地产,600064.SH,600064.SH,南京高科,2021-12-13,住宅开发
851811.SI,430101,住宅开发,430100,房地产开发,430000,房地产,600094.SH,600094.SH,大名城,2021-12-13,住宅开发
851811.SI,430101,住宅开发,430100,房地产开发,430000,房地产,600159.SH,600159.SH,大龙地产,2021-12-13,住宅开发
851811.SI,430101,住宅开发,430100,房地产开发,430000,房地产,600162.SH,600162.SH,香江控股,2021-12-13,住宅开发
851811.SI,430101,住宅开发,430100,房地产开发,430000,房地产,600173.SH,600173.SH,卧龙新能,2021-12-13,住宅开发
851811.SI,430101,住宅开发,430100,房地产开发,430000,房地产,600208.SH,600208.SH,衢州发展,2021-12-13,住宅开发
851811.SI,430101,住宅开发,430100,房地产开发,430000,房地产,600246.SH,600246.SH,万通发展,2021-12-13,住宅开发
851811.SI,430101,住宅开发,430100,房地产开发,430000,房地产,600266.SH,600266.SH,城建发展,2021-12-13,住宅开发
851811.SI,430101,住宅开发,430100,房地产开发,430000,房地产,600322.SH,600322.SH,津投城开,2021-12-13,住宅开发
851811.SI,430101,住宅开发,430100,房地产开发,430000,房地产,600325.SH,600325.SH,华发股份,2021-12-13,住宅开发
851811.SI,430101,住宅开发,430100,房地产开发,430000,房地产,600376.SH,600376.SH,首开股份,2021-12-13,住宅开发
851811.SI,430101,住宅开发,430100,房地产开发,430000,房地产,600383.SH,600383.SH,金地集团,2021-12-13,住宅开发
851811.SI,430101,住宅开发,430100,房地产开发,430000,房地产,600503.SH,600503.SH,华丽家族,2021-12-13,住宅开发
851811.SI,430101,住宅开发,430100,房地产开发,430000,房地产,600510.SH,600510.SH,黑牡丹,2021-12-13,住宅开发
851811.SI,430101,住宅开发,430100,房地产开发,430000,房地产,600533.SH,600533.SH,栖霞建设,2021-12-13,住宅开发
851811.SI,430101,住宅开发,430100,房地产开发,430000,房地产,600606.SH,600606.SH,绿地控股,2021-12-13,住宅开发
851811.SI,430101,住宅开发,430100,房地产开发,430000,房地产,600622.SH,600622.SH,光大嘉宝,2021-12-13,住宅开发
851811.SI,430101,住宅开发,430100,房地产开发,430000,房地产,600638.SH,600638.SH,新黄浦,2021-12-13,住宅开发
851811.SI,430101,住宅开发,430100,房地产开发,430000,房地产,600649.SH,600649.SH,城投控股,2021-12-13,住宅开发
851811.SI,430101,住宅开发,430100,房地产开发,430000,房地产,600657.SH,600657.SH,信达地产,2021-12-13,住宅开发
851811.SI,430101,住宅开发,430100,房地产开发,430000,房地产,600665.SH,600665.SH,天地源,2021-12-13,住宅开发
851811.SI,430101,住宅开发,430100,房地产开发,430000,房地产,600675.SH,600675.SH,中华企业,2021-12-13,住宅开发
851811.SI,430101,住宅开发,430100,房地产开发,430000,房地产,600683.SH,600683.SH,京投发展,2021-12-13,住宅开发
851811.SI,430101,住宅开发,430100,房地产开发,430000,房地产,600692.SH,600692.SH,亚通股份,2021-12-13,住宅开发
851811.SI,430101,住宅开发,430100,房地产开发,430000,房地产,600708.SH,600708.SH,光明地产,2021-12-13,住宅开发
851811.SI,430101,住宅开发,430100,房地产开发,430000,房地产,600716.SH,600716.SH,凤凰股份,2021-12-13,住宅开发
851811.SI,430101,住宅开发,430100,房地产开发,430000,房地产,600736.SH,600736.SH,苏州高新,2021-12-13,住宅开发
851811.SI,430101,住宅开发,430100,房地产开发,430000,房地产,600748.SH,600748.SH,上实发展,2021-12-13,住宅开发
851811.SI,430101,住宅开发,430100,房地产开发,430000,房地产,600773.SH,600773.SH,西藏城投,2021-12-13,住宅开发
851811.SI,430101,住宅开发,430100,房地产开发,430000,房地产,600791.SH,600791.SH,京能置业,2021-12-13,住宅开发
851811.SI,430101,住宅开发,430100,房地产开发,430000,房地产,601588.SH,601588.SH,北辰实业,2021-12-13,住宅开发
851811.SI,430101,住宅开发,430100,房地产开发,430000,房地产,600515.SH,600515.SH,海南机场,2023-07-06,住宅开发
851811.SI,430101,住宅开发,430100,房地产开发,430000,房地产,000668.SZ,000668.SZ,荣丰控股,2024-07-31,住宅开发
851811.SI,430101,住宅开发,430100,房地产开发,430000,房地产,000002.SZ,000002.SZ,万科A,2021-12-13,住宅开发
851812.SI,430102,商业地产,430100,房地产开发,430000,房地产,000069.SZ,000069.SZ,华侨城A,2021-12-13,商业地产
851812.SI,430102,商业地产,430100,房地产开发,430000,房地产,000402.SZ,000402.SZ,金融街,2021-12-13,商业地产
851812.SI,430102,商业地产,430100,房地产开发,430000,房地产,000608.SZ,000608.SZ,阳光股份,2021-12-13,商业地产
851812.SI,430102,商业地产,430100,房地产开发,430000,房地产,001979.SZ,001979.SZ,招商蛇口,2021-12-13,商业地产
851812.SI,430102,商业地产,430100,房地产开发,430000,房地产,002305.SZ,002305.SZ,*ST南置,2021-12-13,商业地产
851812.SI,430102,商业地产,430100,房地产开发,430000,房地产,600007.SH,600007.SH,中国国贸,2021-12-13,商业地产
851812.SI,430102,商业地产,430100,房地产开发,430000,房地产,600663.SH,600663.SH,陆家嘴,2021-12-13,商业地产
851812.SI,430102,商业地产,430100,房地产开发,430000,房地产,601155.SH,601155.SH,新城控股,2021-12-13,商业地产
851812.SI,430102,商业地产,430100,房地产开发,430000,房地产,600239.SH,600239.SH,ST云城,2023-07-06,商业地产
851812.SI,430102,商业地产,430100,房地产开发,430000,房地产,000031.SZ,000031.SZ,大悦城,2021-12-13,商业地产
851813.SI,430103,产业地产,430100,房地产开发,430000,房地产,600340.SH,600340.SH,*ST华幸,2021-12-13,产业地产
851813.SI,430103,产业地产,430100,房地产开发,430000,房地产,600463.SH,600463.SH,空港股份,2021-12-13,产业地产
851813.SI,430103,产业地产,430100,房地产开发,430000,房地产,600604.SH,600604.SH,市北高新,2021-12-13,产业地产
851813.SI,430103,产业地产,430100,房地产开发,430000,房地产,600639.SH,600639.SH,浦东金桥,2021-12-13,产业地产
851813.SI,430103,产业地产,430100,房地产开发,430000,房地产,600648.SH,600648.SH,外高桥,2021-12-13,产业地产
851813.SI,430103,产业地产,430100,房地产开发,430000,房地产,600658.SH,600658.SH,电子城,2021-12-13,产业地产
851813.SI,430103,产业地产,430100,房地产开发,430000,房地产,600848.SH,600848.SH,上海临港,2021-12-13,产业地产
851813.SI,430103,产业地产,430100,房地产开发,430000,房地产,600895.SH,600895.SH,张江高科,2021-12-13,产业地产
851813.SI,430103,产业地产,430100,房地产开发,430000,房地产,601512.SH,601512.SH,中新集团,2021-12-13,产业地产
851813.SI,430103,产业地产,430100,房地产开发,430000,房地产,600082.SH,600082.SH,ST海泰,2021-12-13,产业地产
851831.SI,430301,物业管理,430300,房地产服务,430000,房地产,001914.SZ,001914.SZ,招商积余,2021-12-13,物业管理
851831.SI,430301,物业管理,430300,房地产服务,430000,房地产,002968.SZ,002968.SZ,新大正,2021-12-13,物业管理
851831.SI,430301,物业管理,430300,房地产服务,430000,房地产,300917.SZ,300917.SZ,特发服务,2021-12-13,物业管理
851831.SI,430301,物业管理,430300,房地产服务,430000,房地产,603506.SH,603506.SH,南都物业,2021-12-13,物业管理
851831.SI,430301,物业管理,430300,房地产服务,430000,房地产,002188.SZ,002188.SZ,中天服务,2022-08-01,物业管理
851831.SI,430301,物业管理,430300,房地产服务,430000,房地产,600136.SH,600136.SH,ST明诚,2025-08-13,物业管理
851831.SI,430301,物业管理,430300,房地产服务,430000,房地产,600743.SH,600743.SH,华远控股,2026-07-02,物业管理
851831.SI,430301,物业管理,430300,房地产服务,430000,房地产,000056.SZ,000056.SZ,*ST皇庭,2021-12-13,物业管理
851832.SI,430302,房产租赁经纪,430300,房地产服务,430000,房地产,002285.SZ,002285.SZ,世联行,2021-12-13,房产租赁经纪
851832.SI,430302,房产租赁经纪,430300,房地产服务,430000,房地产,600724.SH,600724.SH,宁波富达,2024-07-31,房产租赁经纪
851832.SI,430302,房产租赁经纪,430300,房地产服务,430000,房地产,000560.SZ,000560.SZ,我爱我家,2021-12-13,房产租赁经纪
851833.SI,430303,房地产综合服务,430300,房地产服务,430000,房地产,600684.SH,600684.SH,珠江股份,2024-03-04,房地产综合服务
852021.SI,450201,贸易Ⅲ,450200,贸易Ⅱ,450000,商贸零售,002091.SZ,002091.SZ,江苏国泰,2021-12-13,贸易Ⅲ
852021.SI,450201,贸易Ⅲ,450200,贸易Ⅱ,450000,商贸零售,600058.SH,600058.SH,五矿发展,2021-12-13,贸易Ⅲ
852021.SI,450201,贸易Ⅲ,450200,贸易Ⅱ,450000,商贸零售,600128.SH,600128.SH,苏豪弘业,2021-12-13,贸易Ⅲ
852021.SI,450201,贸易Ⅲ,450200,贸易Ⅱ,450000,商贸零售,600278.SH,600278.SH,东方创业,2021-12-13,贸易Ⅲ
852021.SI,450201,贸易Ⅲ,450200,贸易Ⅱ,450000,商贸零售,600287.SH,600287.SH,苏豪时尚,2021-12-13,贸易Ⅲ
852021.SI,450201,贸易Ⅲ,450200,贸易Ⅱ,450000,商贸零售,600710.SH,600710.SH,苏美达,2021-12-13,贸易Ⅲ
852021.SI,450201,贸易Ⅲ,450200,贸易Ⅱ,450000,商贸零售,600981.SH,600981.SH,苏豪汇鸿,2021-12-13,贸易Ⅲ
852021.SI,450201,贸易Ⅲ,450200,贸易Ⅱ,450000,商贸零售,601061.SH,601061.SH,中信金属,2023-04-10,贸易Ⅲ
852021.SI,450201,贸易Ⅲ,450200,贸易Ⅱ,450000,商贸零售,002072.SZ,002072.SZ,凯瑞德,2023-07-06,贸易Ⅲ
852021.SI,450201,贸易Ⅲ,450200,贸易Ⅱ,450000,商贸零售,002183.SZ,002183.SZ,怡亚通,2024-07-31,贸易Ⅲ
852021.SI,450201,贸易Ⅲ,450200,贸易Ⅱ,450000,商贸零售,000701.SZ,000701.SZ,厦门信达,2026-07-02,贸易Ⅲ
852021.SI,450201,贸易Ⅲ,450200,贸易Ⅱ,450000,商贸零售,000151.SZ,000151.SZ,中成股份,2021-12-13,贸易Ⅲ
852031.SI,450301,百货,450300,一般零售,450000,商贸零售,000564.SZ,000564.SZ,供销大集,2021-12-13,百货
852031.SI,450301,百货,450300,一般零售,450000,商贸零售,000715.SZ,000715.SZ,中兴商业,2021-12-13,百货
852031.SI,450301,百货,450300,一般零售,450000,商贸零售,002187.SZ,002187.SZ,广百股份,2021-12-13,百货
852031.SI,450301,百货,450300,一般零售,450000,商贸零售,002277.SZ,002277.SZ,友阿股份,2021-12-13,百货
852031.SI,450301,百货,450300,一般零售,450000,商贸零售,002419.SZ,002419.SZ,天虹股份,2021-12-13,百货
852031.SI,450301,百货,450300,一般零售,450000,商贸零售,002561.SZ,002561.SZ,徐家汇,2021-12-13,百货
852031.SI,450301,百货,450300,一般零售,450000,商贸零售,600280.SH,600280.SH,中央商场,2021-12-13,百货
852031.SI,450301,百货,450300,一般零售,450000,商贸零售,600628.SH,600628.SH,新世界,2021-12-13,百货
852031.SI,450301,百货,450300,一般零售,450000,商贸零售,600693.SH,600693.SH,东百集团,2021-12-13,百货
852031.SI,450301,百货,450300,一般零售,450000,商贸零售,600712.SH,600712.SH,南宁百货,2021-12-13,百货
852031.SI,450301,百货,450300,一般零售,450000,商贸零售,600814.SH,600814.SH,杭州解百,2021-12-13,百货
852031.SI,450301,百货,450300,一般零售,450000,商贸零售,600828.SH,600828.SH,茂业商业,2021-12-13,百货
852031.SI,450301,百货,450300,一般零售,450000,商贸零售,600857.SH,600857.SH,宁波中百,2021-12-13,百货
852031.SI,450301,百货,450300,一般零售,450000,商贸零售,600859.SH,600859.SH,王府井,2021-12-13,百货
852031.SI,450301,百货,450300,一般零售,450000,商贸零售,600865.SH,600865.SH,百大集团,2021-12-13,百货
852031.SI,450301,百货,450300,一般零售,450000,商贸零售,601086.SH,601086.SH,国芳集团,2021-12-13,百货
852031.SI,450301,百货,450300,一般零售,450000,商贸零售,603123.SH,603123.SH,翠微股份,2021-12-13,百货
852031.SI,450301,百货,450300,一般零售,450000,商贸零售,000679.SZ,000679.SZ,大连友谊,2022-08-01,百货
852031.SI,450301,百货,450300,一般零售,450000,商贸零售,600327.SH,600327.SH,大东方,2023-07-06,百货
852031.SI,450301,百货,450300,一般零售,450000,商贸零售,000501.SZ,000501.SZ,武商集团,2021-12-13,百货
852032.SI,450302,超市,450300,一般零售,450000,商贸零售,002251.SZ,002251.SZ,步步高,2021-12-13,超市
852032.SI,450302,超市,450300,一般零售,450000,商贸零售,002697.SZ,002697.SZ,红旗连锁,2021-12-13,超市
852032.SI,450302,超市,450300,一般零售,450000,商贸零售,601116.SH,601116.SH,三江购物,2021-12-13,超市
852032.SI,450302,超市,450300,一般零售,450000,商贸零售,601933.SH,601933.SH,永辉超市,2021-12-13,超市
852032.SI,450302,超市,450300,一般零售,450000,商贸零售,603708.SH,603708.SH,家家悦,2021-12-13,超市
852032.SI,450302,超市,450300,一般零售,450000,商贸零售,605188.SH,605188.SH,国光连锁,2021-12-13,超市
852032.SI,450302,超市,450300,一般零售,450000,商贸零售,300972.SZ,300972.SZ,万辰集团,2026-03-06,超市
852032.SI,450302,超市,450300,一般零售,450000,商贸零售,000759.SZ,000759.SZ,中百集团,2021-12-13,超市
852033.SI,450303,多业态零售,450300,一般零售,450000,商贸零售,002356.SZ,002356.SZ,鹏飞绿能,2021-12-13,多业态零售
852033.SI,450303,多业态零售,450300,一般零售,450000,商贸零售,600694.SH,600694.SH,大商股份,2021-12-13,多业态零售
852033.SI,450303,多业态零售,450300,一般零售,450000,商贸零售,600697.SH,600697.SH,欧亚集团,2021-12-13,多业态零售
852033.SI,450303,多业态零售,450300,一般零售,450000,商贸零售,600729.SH,600729.SH,重百集团,2021-12-13,多业态零售
852033.SI,450303,多业态零售,450300,一般零售,450000,商贸零售,600778.SH,600778.SH,友好集团,2021-12-13,多业态零售
852033.SI,450303,多业态零售,450300,一般零售,450000,商贸零售,600785.SH,600785.SH,新华百货,2021-12-13,多业态零售
852033.SI,450303,多业态零售,450300,一般零售,450000,商贸零售,600824.SH,600824.SH,益民集团,2021-12-13,多业态零售
852033.SI,450303,多业态零售,450300,一般零售,450000,商贸零售,600827.SH,600827.SH,百联股份,2021-12-13,多业态零售
852033.SI,450303,多业态零售,450300,一般零售,450000,商贸零售,600838.SH,600838.SH,上海九百,2021-12-13,多业态零售
852033.SI,450303,多业态零售,450300,一般零售,450000,商贸零售,600858.SH,600858.SH,银座股份,2021-12-13,多业态零售
852033.SI,450303,多业态零售,450300,一般零售,450000,商贸零售,601010.SH,601010.SH,ST文峰,2021-12-13,多业态零售
852033.SI,450303,多业态零售,450300,一般零售,450000,商贸零售,601366.SH,601366.SH,利群股份,2021-12-13,多业态零售
852033.SI,450303,多业态零售,450300,一般零售,450000,商贸零售,000417.SZ,000417.SZ,合百集团,2023-07-06,多业态零售
852033.SI,450303,多业态零售,450300,一般零售,450000,商贸零售,603101.SH,603101.SH,汇嘉时代,2023-07-06,多业态零售
852033.SI,450303,多业态零售,450300,一般零售,450000,商贸零售,000419.SZ,000419.SZ,通程控股,2021-12-13,多业态零售
852034.SI,450304,商业物业经营,450300,一般零售,450000,商贸零售,000058.SZ,000058.SZ,深赛格,2021-12-13,商业物业经营
852034.SI,450304,商业物业经营,450300,一般零售,450000,商贸零售,000061.SZ,000061.SZ,农产品,2021-12-13,商业物业经营
852034.SI,450304,商业物业经营,450300,一般零售,450000,商贸零售,000785.SZ,000785.SZ,居然智家,2021-12-13,商业物业经营
852034.SI,450304,商业物业经营,450300,一般零售,450000,商贸零售,002344.SZ,002344.SZ,海宁皮城,2021-12-13,商业物业经营
852034.SI,450304,商业物业经营,450300,一般零售,450000,商贸零售,002818.SZ,002818.SZ,富森美,2021-12-13,商业物业经营
852034.SI,450304,商业物业经营,450300,一般零售,450000,商贸零售,300947.SZ,300947.SZ,德必集团,2021-12-13,商业物业经营
852034.SI,450304,商业物业经营,450300,一般零售,450000,商贸零售,600113.SH,600113.SH,浙江东日,2021-12-13,商业物业经营
852034.SI,450304,商业物业经营,450300,一般零售,450000,商贸零售,600415.SH,600415.SH,小商品城,2021-12-13,商业物业经营
852034.SI,450304,商业物业经营,450300,一般零售,450000,商贸零售,600605.SH,600605.SH,汇通能源,2021-12-13,商业物业经营
852034.SI,450304,商业物业经营,450300,一般零售,450000,商贸零售,600655.SH,600655.SH,豫园股份,2021-12-13,商业物业经营
852034.SI,450304,商业物业经营,450300,一般零售,450000,商贸零售,600790.SH,600790.SH,轻纺城,2021-12-13,商业物业经营
852034.SI,450304,商业物业经营,450300,一般零售,450000,商贸零售,601828.SH,601828.SH,美凯龙,2021-12-13,商业物业经营
852034.SI,450304,商业物业经营,450300,一般零售,450000,商贸零售,603682.SH,603682.SH,锦和商管,2021-12-13,商业物业经营
852034.SI,450304,商业物业经营,450300,一般零售,450000,商贸零售,000882.SZ,000882.SZ,华联股份,2026-07-02,商业物业经营
852034.SI,450304,商业物业经营,450300,一般零售,450000,商贸零售,002177.SZ,002177.SZ,御银股份,2026-07-02,商业物业经营
852034.SI,450304,商业物业经营,450300,一般零售,450000,商贸零售,600738.SH,600738.SH,丽尚国潮,2026-07-02,商业物业经营
852034.SI,450304,商业物业经营,450300,一般零售,450000,商贸零售,000007.SZ,000007.SZ,全新好,2021-12-13,商业物业经营
852041.SI,450401,专业连锁Ⅲ,450400,专业连锁Ⅱ,450000,商贸零售,002416.SZ,002416.SZ,爱施德,2021-12-13,专业连锁Ⅲ
852041.SI,450401,专业连锁Ⅲ,450400,专业连锁Ⅱ,450000,商贸零售,300022.SZ,300022.SZ,吉峰科技,2021-12-13,专业连锁Ⅲ
852041.SI,450401,专业连锁Ⅲ,450400,专业连锁Ⅱ,450000,商贸零售,300622.SZ,300622.SZ,博士眼镜,2021-12-13,专业连锁Ⅲ
852041.SI,450401,专业连锁Ⅲ,450400,专业连锁Ⅱ,450000,商贸零售,300755.SZ,300755.SZ,华致酒行,2021-12-13,专业连锁Ⅲ
852041.SI,450401,专业连锁Ⅲ,450400,专业连锁Ⅱ,450000,商贸零售,301078.SZ,301078.SZ,孩子王,2021-12-13,专业连锁Ⅲ
852041.SI,450401,专业连锁Ⅲ,450400,专业连锁Ⅱ,450000,商贸零售,603214.SH,603214.SH,爱婴室,2021-12-13,专业连锁Ⅲ
852041.SI,450401,专业连锁Ⅲ,450400,专业连锁Ⅱ,450000,商贸零售,000829.SZ,000829.SZ,天音控股,2021-12-13,专业连锁Ⅲ
852061.SI,450601,综合电商,450600,互联网电商,450000,商贸零售,603613.SH,603613.SH,国联股份,2021-12-13,综合电商
852061.SI,450601,综合电商,450600,互联网电商,450000,商贸零售,600365.SH,600365.SH,ST通葡,2022-08-01,综合电商
852061.SI,450601,综合电商,450600,互联网电商,450000,商贸零售,002024.SZ,002024.SZ,ST易购,2021-12-13,综合电商
852062.SI,450602,跨境电商,450600,互联网电商,450000,商贸零售,002640.SZ,002640.SZ,跨境通,2021-12-13,跨境电商
852062.SI,450602,跨境电商,450600,互联网电商,450000,商贸零售,002803.SZ,002803.SZ,吉宏股份,2021-12-13,跨境电商
852062.SI,450602,跨境电商,450600,互联网电商,450000,商贸零售,300464.SZ,300464.SZ,星徽股份,2021-12-13,跨境电商
852062.SI,450602,跨境电商,450600,互联网电商,450000,商贸零售,300592.SZ,300592.SZ,华凯易佰,2022-08-01,跨境电商
852062.SI,450602,跨境电商,450600,互联网电商,450000,商贸零售,301381.SZ,301381.SZ,赛维时代,2023-07-12,跨境电商
852062.SI,450602,跨境电商,450600,互联网电商,450000,商贸零售,301558.SZ,301558.SZ,三态股份,2023-09-28,跨境电商
852062.SI,450602,跨境电商,450600,互联网电商,450000,商贸零售,002315.SZ,002315.SZ,焦点科技,2021-12-13,跨境电商
852063.SI,450603,电商服务,450600,互联网电商,450000,商贸零售,003010.SZ,003010.SZ,若羽臣,2021-12-13,电商服务
852063.SI,450603,电商服务,450600,互联网电商,450000,商贸零售,300792.SZ,300792.SZ,壹网壹创,2021-12-13,电商服务
852063.SI,450603,电商服务,450600,互联网电商,450000,商贸零售,301001.SZ,301001.SZ,凯淳股份,2021-12-13,电商服务
852063.SI,450603,电商服务,450600,互联网电商,450000,商贸零售,605136.SH,605136.SH,丽人丽妆,2021-12-13,电商服务
852063.SI,450603,电商服务,450600,互联网电商,450000,商贸零售,301110.SZ,301110.SZ,青木科技,2022-03-11,电商服务
852063.SI,450603,电商服务,450600,互联网电商,450000,商贸零售,300518.SZ,300518.SZ,新迅达,2022-08-01,电商服务
852063.SI,450603,电商服务,450600,互联网电商,450000,商贸零售,600539.SH,600539.SH,狮头股份,2022-08-01,电商服务
852063.SI,450603,电商服务,450600,互联网电商,450000,商贸零售,002127.SZ,002127.SZ,南极电商,2021-12-13,电商服务
852071.SI,450701,旅游零售Ⅲ,450700,旅游零售Ⅱ,450000,商贸零售,600185.SH,600185.SH,珠免集团,2026-03-06,旅游零售Ⅲ
852071.SI,450701,旅游零售Ⅲ,450700,旅游零售Ⅱ,450000,商贸零售,601888.SH,601888.SH,中国中免,2021-12-13,旅游零售Ⅲ
852161.SI,460601,体育Ⅲ,460600,体育Ⅱ,460000,社会服务,600158.SH,600158.SH,中体产业,2021-12-13,体育Ⅲ
852161.SI,460601,体育Ⅲ,460600,体育Ⅱ,460000,社会服务,002858.SZ,002858.SZ,力盛体育,2021-12-13,体育Ⅲ
852181.SI,460801,人力资源服务,460800,专业服务,460000,社会服务,600662.SH,600662.SH,外服控股,2022-08-01,人力资源服务
852181.SI,460801,人力资源服务,460800,专业服务,460000,社会服务,600861.SH,600861.SH,北京人力,2024-07-31,人力资源服务
852181.SI,460801,人力资源服务,460800,专业服务,460000,社会服务,300662.SZ,300662.SZ,科锐国际,2021-12-13,人力资源服务
852182.SI,460802,检测服务,460800,专业服务,460000,社会服务,003008.SZ,003008.SZ,开普检测,2021-12-13,检测服务
852182.SI,460802,检测服务,460800,专业服务,460000,社会服务,300012.SZ,300012.SZ,华测检测,2021-12-13,检测服务
852182.SI,460802,检测服务,460800,专业服务,460000,社会服务,300215.SZ,300215.SZ,电科院,2021-12-13,检测服务
852182.SI,460802,检测服务,460800,专业服务,460000,社会服务,300887.SZ,300887.SZ,谱尼测试,2021-12-13,检测服务
852182.SI,460802,检测服务,460800,专业服务,460000,社会服务,300938.SZ,300938.SZ,信测标准,2021-12-13,检测服务
852182.SI,460802,检测服务,460800,专业服务,460000,社会服务,603060.SH,603060.SH,国检集团,2021-12-13,检测服务
852182.SI,460802,检测服务,460800,专业服务,460000,社会服务,603183.SH,603183.SH,建研院,2021-12-13,检测服务
852182.SI,460802,检测服务,460800,专业服务,460000,社会服务,301228.SZ,301228.SZ,实朴检测,2022-01-28,检测服务
852182.SI,460802,检测服务,460800,专业服务,460000,社会服务,301289.SZ,301289.SZ,国缆检测,2022-06-22,检测服务
852182.SI,460802,检测服务,460800,专业服务,460000,社会服务,300416.SZ,300416.SZ,苏试试验,2022-08-01,检测服务
852182.SI,460802,检测服务,460800,专业服务,460000,社会服务,300797.SZ,300797.SZ,钢研纳克,2022-08-01,检测服务
852182.SI,460802,检测服务,460800,专业服务,460000,社会服务,301115.SZ,301115.SZ,联检科技,2022-08-31,检测服务
852182.SI,460802,检测服务,460800,专业服务,460000,社会服务,688334.SH,688334.SH,西高院,2023-06-19,检测服务
852182.SI,460802,检测服务,460800,专业服务,460000,社会服务,002057.SZ,002057.SZ,中钢天源,2023-07-06,检测服务
852182.SI,460802,检测服务,460800,专业服务,460000,社会服务,301508.SZ,301508.SZ,中机认检,2023-12-01,检测服务
852182.SI,460802,检测服务,460800,专业服务,460000,社会服务,688757.SH,688757.SH,胜科纳米,2025-03-25,检测服务
852182.SI,460802,检测服务,460800,专业服务,460000,社会服务,301632.SZ,301632.SZ,广东建科,2025-08-12,检测服务
852182.SI,460802,检测服务,460800,专业服务,460000,社会服务,301449.SZ,301449.SZ,天溯计量,2025-12-23,检测服务
852182.SI,460802,检测服务,460800,专业服务,460000,社会服务,002967.SZ,002967.SZ,广电计量,2021-12-13,检测服务
852183.SI,460803,会展服务,460800,专业服务,460000,社会服务,300860.SZ,300860.SZ,锋尚文化,2021-12-13,会展服务
852183.SI,460803,会展服务,460800,专业服务,460000,社会服务,600826.SH,600826.SH,兰生股份,2021-12-13,会展服务
852183.SI,460803,会展服务,460800,专业服务,460000,社会服务,300795.SZ,300795.SZ,米奥会展,2021-12-13,会展服务
852184.SI,460804,其他专业服务,460800,专业服务,460000,社会服务,301169.SZ,301169.SZ,零点有数,2021-12-13,其他专业服务
852184.SI,460804,其他专业服务,460800,专业服务,460000,社会服务,603373.SH,603373.SH,安邦护卫,2023-12-20,其他专业服务
852184.SI,460804,其他专业服务,460800,专业服务,460000,社会服务,002243.SZ,002243.SZ,力合科创,2025-08-13,其他专业服务
852184.SI,460804,其他专业服务,460800,专业服务,460000,社会服务,300962.SZ,300962.SZ,中金辐照,2021-12-13,其他专业服务
852121.SI,460901,酒店,460900,酒店餐饮,460000,社会服务,301073.SZ,301073.SZ,君亭酒店,2021-12-13,酒店
852121.SI,460901,酒店,460900,酒店餐饮,460000,社会服务,600258.SH,600258.SH,首旅酒店,2021-12-13,酒店
852121.SI,460901,酒店,460900,酒店餐饮,460000,社会服务,600754.SH,600754.SH,锦江酒店,2021-12-13,酒店
852121.SI,460901,酒店,460900,酒店餐饮,460000,社会服务,601007.SH,601007.SH,金陵饭店,2021-12-13,酒店
852121.SI,460901,酒店,460900,酒店餐饮,460000,社会服务,000428.SZ,000428.SZ,华天酒店,2021-12-13,酒店
852141.SI,460902,餐饮,460900,酒店餐饮,460000,社会服务,002186.SZ,002186.SZ,全聚德,2021-12-13,餐饮
852141.SI,460902,餐饮,460900,酒店餐饮,460000,社会服务,605108.SH,605108.SH,同庆楼,2021-12-13,餐饮
852141.SI,460902,餐饮,460900,酒店餐饮,460000,社会服务,002306.SZ,002306.SZ,ST云网,2023-07-06,餐饮
852141.SI,460902,餐饮,460900,酒店餐饮,460000,社会服务,000721.SZ,000721.SZ,西安饮食,2021-12-13,餐饮
852111.SI,461002,人工景区,461000,旅游及景区,460000,社会服务,300144.SZ,300144.SZ,宋城演艺,2021-12-13,人工景区
852111.SI,461002,人工景区,461000,旅游及景区,460000,社会服务,600138.SH,600138.SH,中青旅,2021-12-13,人工景区
852111.SI,461002,人工景区,461000,旅游及景区,460000,社会服务,600593.SH,600593.SH,大连圣亚,2021-12-13,人工景区
852111.SI,461002,人工景区,461000,旅游及景区,460000,社会服务,600706.SH,600706.SH,曲江文旅,2021-12-13,人工景区
852111.SI,461002,人工景区,461000,旅游及景区,460000,社会服务,002059.SZ,002059.SZ,云南旅游,2021-12-13,人工景区
852112.SI,461003,自然景区,461000,旅游及景区,460000,社会服务,000888.SZ,000888.SZ,峨眉山A,2021-12-13,自然景区
852112.SI,461003,自然景区,461000,旅游及景区,460000,社会服务,000978.SZ,000978.SZ,桂林旅游,2021-12-13,自然景区
852112.SI,461003,自然景区,461000,旅游及景区,460000,社会服务,002033.SZ,002033.SZ,丽江股份,2021-12-13,自然景区
852112.SI,461003,自然景区,461000,旅游及景区,460000,社会服务,002159.SZ,002159.SZ,三特索道,2021-12-13,自然景区
852112.SI,461003,自然景区,461000,旅游及景区,460000,社会服务,300859.SZ,300859.SZ,西域旅游,2021-12-13,自然景区
852112.SI,461003,自然景区,461000,旅游及景区,460000,社会服务,600054.SH,600054.SH,黄山旅游,2021-12-13,自然景区
852112.SI,461003,自然景区,461000,旅游及景区,460000,社会服务,600749.SH,600749.SH,西藏旅游,2021-12-13,自然景区
852112.SI,461003,自然景区,461000,旅游及景区,460000,社会服务,603099.SH,603099.SH,长白山,2021-12-13,自然景区
852112.SI,461003,自然景区,461000,旅游及景区,460000,社会服务,603199.SH,603199.SH,九华旅游,2021-12-13,自然景区
852112.SI,461003,自然景区,461000,旅游及景区,460000,社会服务,603136.SH,603136.SH,天目湖,2022-08-01,自然景区
852112.SI,461003,自然景区,461000,旅游及景区,460000,社会服务,600576.SH,600576.SH,祥源文旅,2023-07-06,自然景区
852112.SI,461003,自然景区,461000,旅游及景区,460000,社会服务,000558.SZ,000558.SZ,天府文旅,2025-03-10,自然景区
852112.SI,461003,自然景区,461000,旅游及景区,460000,社会服务,000430.SZ,000430.SZ,张家界,2021-12-13,自然景区
852131.SI,461004,旅游综合,461000,旅游及景区,460000,社会服务,000796.SZ,000796.SZ,凯撒旅业,2021-12-13,旅游综合
852131.SI,461004,旅游综合,461000,旅游及景区,460000,社会服务,002707.SZ,002707.SZ,众信旅游,2021-12-13,旅游综合
852131.SI,461004,旅游综合,461000,旅游及景区,460000,社会服务,000610.SZ,000610.SZ,*ST西旅,2024-07-31,旅游综合
852131.SI,461004,旅游综合,461000,旅游及景区,460000,社会服务,002627.SZ,002627.SZ,三峡旅游,2025-09-29,旅游综合
852131.SI,461004,旅游综合,461000,旅游及景区,460000,社会服务,603402.SH,603402.SH,陕西旅游,2026-01-06,旅游综合
852131.SI,461004,旅游综合,461000,旅游及景区,460000,社会服务,600250.SH,600250.SH,南京商旅,2026-07-02,旅游综合
852131.SI,461004,旅游综合,461000,旅游及景区,460000,社会服务,000524.SZ,000524.SZ,岭南控股,2021-12-13,旅游综合
859851.SI,461101,学历教育,461100,教育,460000,社会服务,002093.SZ,002093.SZ,国脉科技,2024-07-31,学历教育
859851.SI,461101,学历教育,461100,教育,460000,社会服务,002659.SZ,002659.SZ,凯文教育,2021-12-13,学历教育
859852.SI,461102,培训教育,461100,教育,460000,社会服务,002607.SZ,002607.SZ,中公教育,2021-12-13,培训教育
859852.SI,461102,培训教育,461100,教育,460000,社会服务,003032.SZ,003032.SZ,传智教育,2021-12-13,培训教育
859852.SI,461102,培训教育,461100,教育,460000,社会服务,300192.SZ,300192.SZ,科德教育,2021-12-13,培训教育
859852.SI,461102,培训教育,461100,教育,460000,社会服务,300338.SZ,300338.SZ,*ST开元,2021-12-13,培训教育
859852.SI,461102,培训教育,461100,教育,460000,社会服务,300359.SZ,300359.SZ,全通教育,2021-12-13,培训教育
859852.SI,461102,培训教育,461100,教育,460000,社会服务,300688.SZ,300688.SZ,创业黑马,2021-12-13,培训教育
859852.SI,461102,培训教育,461100,教育,460000,社会服务,600661.SH,600661.SH,昂立教育,2021-12-13,培训教育
859852.SI,461102,培训教育,461100,教育,460000,社会服务,600730.SH,600730.SH,*ST高科,2021-12-13,培训教育
859852.SI,461102,培训教育,461100,教育,460000,社会服务,603377.SH,603377.SH,ST东时,2021-12-13,培训教育
859852.SI,461102,培训教育,461100,教育,460000,社会服务,605098.SH,605098.SH,行动教育,2021-12-13,培训教育
859852.SI,461102,培训教育,461100,教育,460000,社会服务,300050.SZ,300050.SZ,世纪鼎利,2026-07-02,培训教育
859852.SI,461102,培训教育,461100,教育,460000,社会服务,300492.SZ,300492.SZ,华图山鼎,2026-07-02,培训教育
859852.SI,461102,培训教育,461100,教育,460000,社会服务,000526.SZ,000526.SZ,学大教育,2021-12-13,培训教育
859853.SI,461103,教育运营及其他,461100,教育,460000,社会服务,600880.SH,600880.SH,博瑞传播,2022-08-01,教育运营及其他
859853.SI,461103,教育运营及其他,461100,教育,460000,社会服务,300010.SZ,300010.SZ,ST豆神,2022-08-01,教育运营及其他
857821.SI,480201,国有大型银行Ⅲ,480200,国有大型银行Ⅱ,480000,银行,601328.SH,601328.SH,交通银行,2021-12-13,国有大型银行Ⅲ
857821.SI,480201,国有大型银行Ⅲ,480200,国有大型银行Ⅱ,480000,银行,601398.SH,601398.SH,工商银行,2021-12-13,国有大型银行Ⅲ
857821.SI,480201,国有大型银行Ⅲ,480200,国有大型银行Ⅱ,480000,银行,601658.SH,601658.SH,邮储银行,2021-12-13,国有大型银行Ⅲ
857821.SI,480201,国有大型银行Ⅲ,480200,国有大型银行Ⅱ,480000,银行,601939.SH,601939.SH,建设银行,2021-12-13,国有大型银行Ⅲ
857821.SI,480201,国有大型银行Ⅲ,480200,国有大型银行Ⅱ,480000,银行,601988.SH,601988.SH,中国银行,2021-12-13,国有大型银行Ⅲ
857821.SI,480201,国有大型银行Ⅲ,480200,国有大型银行Ⅱ,480000,银行,601288.SH,601288.SH,农业银行,2021-12-13,国有大型银行Ⅲ
857831.SI,480301,股份制银行Ⅲ,480300,股份制银行Ⅱ,480000,银行,600000.SH,600000.SH,浦发银行,2021-12-13,股份制银行Ⅲ
857831.SI,480301,股份制银行Ⅲ,480300,股份制银行Ⅱ,480000,银行,600015.SH,600015.SH,华夏银行,2021-12-13,股份制银行Ⅲ
857831.SI,480301,股份制银行Ⅲ,480300,股份制银行Ⅱ,480000,银行,600016.SH,600016.SH,民生银行,2021-12-13,股份制银行Ⅲ
857831.SI,480301,股份制银行Ⅲ,480300,股份制银行Ⅱ,480000,银行,600036.SH,600036.SH,招商银行,2021-12-13,股份制银行Ⅲ
857831.SI,480301,股份制银行Ⅲ,480300,股份制银行Ⅱ,480000,银行,601166.SH,601166.SH,兴业银行,2021-12-13,股份制银行Ⅲ
857831.SI,480301,股份制银行Ⅲ,480300,股份制银行Ⅱ,480000,银行,601818.SH,601818.SH,光大银行,2021-12-13,股份制银行Ⅲ
857831.SI,480301,股份制银行Ⅲ,480300,股份制银行Ⅱ,480000,银行,601916.SH,601916.SH,浙商银行,2021-12-13,股份制银行Ⅲ
857831.SI,480301,股份制银行Ⅲ,480300,股份制银行Ⅱ,480000,银行,601998.SH,601998.SH,中信银行,2021-12-13,股份制银行Ⅲ
857831.SI,480301,股份制银行Ⅲ,480300,股份制银行Ⅱ,480000,银行,000001.SZ,000001.SZ,平安银行,2021-12-13,股份制银行Ⅲ
857841.SI,480401,城商行Ⅲ,480400,城商行Ⅱ,480000,银行,002936.SZ,002936.SZ,郑州银行,2021-12-13,城商行Ⅲ
857841.SI,480401,城商行Ⅲ,480400,城商行Ⅱ,480000,银行,002948.SZ,002948.SZ,青岛银行,2021-12-13,城商行Ⅲ
857841.SI,480401,城商行Ⅲ,480400,城商行Ⅱ,480000,银行,002966.SZ,002966.SZ,苏州银行,2021-12-13,城商行Ⅲ
857841.SI,480401,城商行Ⅲ,480400,城商行Ⅱ,480000,银行,600919.SH,600919.SH,江苏银行,2021-12-13,城商行Ⅲ
857841.SI,480401,城商行Ⅲ,480400,城商行Ⅱ,480000,银行,600926.SH,600926.SH,杭州银行,2021-12-13,城商行Ⅲ
857841.SI,480401,城商行Ⅲ,480400,城商行Ⅱ,480000,银行,600928.SH,600928.SH,西安银行,2021-12-13,城商行Ⅲ
857841.SI,480401,城商行Ⅲ,480400,城商行Ⅱ,480000,银行,601009.SH,601009.SH,南京银行,2021-12-13,城商行Ⅲ
857841.SI,480401,城商行Ⅲ,480400,城商行Ⅱ,480000,银行,601169.SH,601169.SH,北京银行,2021-12-13,城商行Ⅲ
857841.SI,480401,城商行Ⅲ,480400,城商行Ⅱ,480000,银行,601187.SH,601187.SH,厦门银行,2021-12-13,城商行Ⅲ
857841.SI,480401,城商行Ⅲ,480400,城商行Ⅱ,480000,银行,601229.SH,601229.SH,上海银行,2021-12-13,城商行Ⅲ
857841.SI,480401,城商行Ⅲ,480400,城商行Ⅱ,480000,银行,601577.SH,601577.SH,长沙银行,2021-12-13,城商行Ⅲ
857841.SI,480401,城商行Ⅲ,480400,城商行Ⅱ,480000,银行,601665.SH,601665.SH,齐鲁银行,2021-12-13,城商行Ⅲ
857841.SI,480401,城商行Ⅲ,480400,城商行Ⅱ,480000,银行,601838.SH,601838.SH,成都银行,2021-12-13,城商行Ⅲ
857841.SI,480401,城商行Ⅲ,480400,城商行Ⅱ,480000,银行,601963.SH,601963.SH,重庆银行,2021-12-13,城商行Ⅲ
857841.SI,480401,城商行Ⅲ,480400,城商行Ⅱ,480000,银行,601997.SH,601997.SH,贵阳银行,2021-12-13,城商行Ⅲ
857841.SI,480401,城商行Ⅲ,480400,城商行Ⅱ,480000,银行,001227.SZ,001227.SZ,兰州银行,2022-01-17,城商行Ⅲ
857841.SI,480401,城商行Ⅲ,480400,城商行Ⅱ,480000,银行,002142.SZ,002142.SZ,宁波银行,2021-12-13,城商行Ⅲ
857851.SI,480501,农商行Ⅲ,480500,农商行Ⅱ,480000,银行,002839.SZ,002839.SZ,张家港行,2021-12-13,农商行Ⅲ
857851.SI,480501,农商行Ⅲ,480500,农商行Ⅱ,480000,银行,002958.SZ,002958.SZ,青农商行,2021-12-13,农商行Ⅲ
857851.SI,480501,农商行Ⅲ,480500,农商行Ⅱ,480000,银行,600908.SH,600908.SH,无锡银行,2021-12-13,农商行Ⅲ
857851.SI,480501,农商行Ⅲ,480500,农商行Ⅱ,480000,银行,601077.SH,601077.SH,渝农商行,2021-12-13,农商行Ⅲ
857851.SI,480501,农商行Ⅲ,480500,农商行Ⅱ,480000,银行,601128.SH,601128.SH,常熟银行,2021-12-13,农商行Ⅲ
857851.SI,480501,农商行Ⅲ,480500,农商行Ⅱ,480000,银行,601528.SH,601528.SH,瑞丰银行,2021-12-13,农商行Ⅲ
857851.SI,480501,农商行Ⅲ,480500,农商行Ⅱ,480000,银行,601825.SH,601825.SH,沪农商行,2021-12-13,农商行Ⅲ
857851.SI,480501,农商行Ⅲ,480500,农商行Ⅱ,480000,银行,601860.SH,601860.SH,紫金银行,2021-12-13,农商行Ⅲ
857851.SI,480501,农商行Ⅲ,480500,农商行Ⅱ,480000,银行,603323.SH,603323.SH,苏农银行,2021-12-13,农商行Ⅲ
857851.SI,480501,农商行Ⅲ,480500,农商行Ⅱ,480000,银行,002807.SZ,002807.SZ,江阴银行,2021-12-13,农商行Ⅲ
851931.SI,490101,证券Ⅲ,490100,证券Ⅱ,490000,非银金融,000686.SZ,000686.SZ,东北证券,2021-12-13,证券Ⅲ
851931.SI,490101,证券Ⅲ,490100,证券Ⅱ,490000,非银金融,000712.SZ,000712.SZ,锦龙股份,2021-12-13,证券Ⅲ
851931.SI,490101,证券Ⅲ,490100,证券Ⅱ,490000,非银金融,000728.SZ,000728.SZ,国元证券,2021-12-13,证券Ⅲ
851931.SI,490101,证券Ⅲ,490100,证券Ⅱ,490000,非银金融,000750.SZ,000750.SZ,国海证券,2021-12-13,证券Ⅲ
851931.SI,490101,证券Ⅲ,490100,证券Ⅱ,490000,非银金融,000776.SZ,000776.SZ,广发证券,2021-12-13,证券Ⅲ
851931.SI,490101,证券Ⅲ,490100,证券Ⅱ,490000,非银金融,000783.SZ,000783.SZ,长江证券,2021-12-13,证券Ⅲ
851931.SI,490101,证券Ⅲ,490100,证券Ⅱ,490000,非银金融,002500.SZ,002500.SZ,山西证券,2021-12-13,证券Ⅲ
851931.SI,490101,证券Ⅲ,490100,证券Ⅱ,490000,非银金融,002670.SZ,002670.SZ,国盛证券,2021-12-13,证券Ⅲ
851931.SI,490101,证券Ⅲ,490100,证券Ⅱ,490000,非银金融,002673.SZ,002673.SZ,西部证券,2021-12-13,证券Ⅲ
851931.SI,490101,证券Ⅲ,490100,证券Ⅱ,490000,非银金融,002736.SZ,002736.SZ,国信证券,2021-12-13,证券Ⅲ
851931.SI,490101,证券Ⅲ,490100,证券Ⅱ,490000,非银金融,002797.SZ,002797.SZ,第一创业,2021-12-13,证券Ⅲ
851931.SI,490101,证券Ⅲ,490100,证券Ⅱ,490000,非银金融,002926.SZ,002926.SZ,华西证券,2021-12-13,证券Ⅲ
851931.SI,490101,证券Ⅲ,490100,证券Ⅱ,490000,非银金融,002939.SZ,002939.SZ,长城证券,2021-12-13,证券Ⅲ
851931.SI,490101,证券Ⅲ,490100,证券Ⅱ,490000,非银金融,002945.SZ,002945.SZ,华林证券,2021-12-13,证券Ⅲ
851931.SI,490101,证券Ⅲ,490100,证券Ⅱ,490000,非银金融,300059.SZ,300059.SZ,东方财富,2021-12-13,证券Ⅲ
851931.SI,490101,证券Ⅲ,490100,证券Ⅱ,490000,非银金融,600030.SH,600030.SH,中信证券,2021-12-13,证券Ⅲ
851931.SI,490101,证券Ⅲ,490100,证券Ⅱ,490000,非银金融,600095.SH,600095.SH,湘财股份,2021-12-13,证券Ⅲ
851931.SI,490101,证券Ⅲ,490100,证券Ⅱ,490000,非银金融,600109.SH,600109.SH,国金证券,2021-12-13,证券Ⅲ
851931.SI,490101,证券Ⅲ,490100,证券Ⅱ,490000,非银金融,600155.SH,600155.SH,华创云信,2021-12-13,证券Ⅲ
851931.SI,490101,证券Ⅲ,490100,证券Ⅱ,490000,非银金融,600369.SH,600369.SH,西南证券,2021-12-13,证券Ⅲ
851931.SI,490101,证券Ⅲ,490100,证券Ⅱ,490000,非银金融,600621.SH,600621.SH,华鑫股份,2021-12-13,证券Ⅲ
851931.SI,490101,证券Ⅲ,490100,证券Ⅱ,490000,非银金融,600864.SH,600864.SH,哈投股份,2021-12-13,证券Ⅲ
851931.SI,490101,证券Ⅲ,490100,证券Ⅱ,490000,非银金融,600906.SH,600906.SH,财达证券,2021-12-13,证券Ⅲ
851931.SI,490101,证券Ⅲ,490100,证券Ⅱ,490000,非银金融,600909.SH,600909.SH,华安证券,2021-12-13,证券Ⅲ
851931.SI,490101,证券Ⅲ,490100,证券Ⅱ,490000,非银金融,600918.SH,600918.SH,中泰证券,2021-12-13,证券Ⅲ
851931.SI,490101,证券Ⅲ,490100,证券Ⅱ,490000,非银金融,600958.SH,600958.SH,东方证券,2021-12-13,证券Ⅲ
851931.SI,490101,证券Ⅲ,490100,证券Ⅱ,490000,非银金融,600999.SH,600999.SH,招商证券,2021-12-13,证券Ⅲ
851931.SI,490101,证券Ⅲ,490100,证券Ⅱ,490000,非银金融,601066.SH,601066.SH,中信建投,2021-12-13,证券Ⅲ
851931.SI,490101,证券Ⅲ,490100,证券Ⅱ,490000,非银金融,601099.SH,601099.SH,太平洋,2021-12-13,证券Ⅲ
851931.SI,490101,证券Ⅲ,490100,证券Ⅱ,490000,非银金融,601108.SH,601108.SH,财通证券,2021-12-13,证券Ⅲ
851931.SI,490101,证券Ⅲ,490100,证券Ⅱ,490000,非银金融,601162.SH,601162.SH,天风证券,2021-12-13,证券Ⅲ
851931.SI,490101,证券Ⅲ,490100,证券Ⅱ,490000,非银金融,601198.SH,601198.SH,东兴证券,2021-12-13,证券Ⅲ
851931.SI,490101,证券Ⅲ,490100,证券Ⅱ,490000,非银金融,601211.SH,601211.SH,国泰海通,2021-12-13,证券Ⅲ
851931.SI,490101,证券Ⅲ,490100,证券Ⅱ,490000,非银金融,601236.SH,601236.SH,红塔证券,2021-12-13,证券Ⅲ
851931.SI,490101,证券Ⅲ,490100,证券Ⅱ,490000,非银金融,601375.SH,601375.SH,中原证券,2021-12-13,证券Ⅲ
851931.SI,490101,证券Ⅲ,490100,证券Ⅱ,490000,非银金融,601377.SH,601377.SH,兴业证券,2021-12-13,证券Ⅲ
851931.SI,490101,证券Ⅲ,490100,证券Ⅱ,490000,非银金融,601456.SH,601456.SH,国联民生,2021-12-13,证券Ⅲ
851931.SI,490101,证券Ⅲ,490100,证券Ⅱ,490000,非银金融,601555.SH,601555.SH,东吴证券,2021-12-13,证券Ⅲ
851931.SI,490101,证券Ⅲ,490100,证券Ⅱ,490000,非银金融,601688.SH,601688.SH,华泰证券,2021-12-13,证券Ⅲ
851931.SI,490101,证券Ⅲ,490100,证券Ⅱ,490000,非银金融,601696.SH,601696.SH,中银证券,2021-12-13,证券Ⅲ
851931.SI,490101,证券Ⅲ,490100,证券Ⅱ,490000,非银金融,601788.SH,601788.SH,光大证券,2021-12-13,证券Ⅲ
851931.SI,490101,证券Ⅲ,490100,证券Ⅱ,490000,非银金融,601878.SH,601878.SH,浙商证券,2021-12-13,证券Ⅲ
851931.SI,490101,证券Ⅲ,490100,证券Ⅱ,490000,非银金融,601881.SH,601881.SH,中国银河,2021-12-13,证券Ⅲ
851931.SI,490101,证券Ⅲ,490100,证券Ⅱ,490000,非银金融,601901.SH,601901.SH,方正证券,2021-12-13,证券Ⅲ
851931.SI,490101,证券Ⅲ,490100,证券Ⅱ,490000,非银金融,601990.SH,601990.SH,南京证券,2021-12-13,证券Ⅲ
851931.SI,490101,证券Ⅲ,490100,证券Ⅱ,490000,非银金融,601995.SH,601995.SH,中金公司,2021-12-13,证券Ⅲ
851931.SI,490101,证券Ⅲ,490100,证券Ⅱ,490000,非银金融,601136.SH,601136.SH,首创证券,2022-12-22,证券Ⅲ
851931.SI,490101,证券Ⅲ,490100,证券Ⅱ,490000,非银金融,601059.SH,601059.SH,信达证券,2023-02-01,证券Ⅲ
851931.SI,490101,证券Ⅲ,490100,证券Ⅱ,490000,非银金融,600061.SH,600061.SH,国投资本,2025-08-13,证券Ⅲ
851931.SI,490101,证券Ⅲ,490100,证券Ⅱ,490000,非银金融,000166.SZ,000166.SZ,申万宏源,2021-12-13,证券Ⅲ
851941.SI,490201,保险Ⅲ,490200,保险Ⅱ,490000,非银金融,601319.SH,601319.SH,中国人保,2021-12-13,保险Ⅲ
851941.SI,490201,保险Ⅲ,490200,保险Ⅱ,490000,非银金融,601336.SH,601336.SH,新华保险,2021-12-13,保险Ⅲ
851941.SI,490201,保险Ⅲ,490200,保险Ⅱ,490000,非银金融,601601.SH,601601.SH,中国太保,2021-12-13,保险Ⅲ
851941.SI,490201,保险Ⅲ,490200,保险Ⅱ,490000,非银金融,601628.SH,601628.SH,中国人寿,2021-12-13,保险Ⅲ
851941.SI,490201,保险Ⅲ,490200,保险Ⅱ,490000,非银金融,601318.SH,601318.SH,中国平安,2021-12-13,保险Ⅲ
851922.SI,490302,金融控股,490300,多元金融,490000,非银金融,000987.SZ,000987.SZ,越秀资本,2021-12-13,金融控股
851922.SI,490302,金融控股,490300,多元金融,490000,非银金融,002423.SZ,002423.SZ,中粮资本,2021-12-13,金融控股
851922.SI,490302,金融控股,490300,多元金融,490000,非银金融,600120.SH,600120.SH,浙江东方,2021-12-13,金融控股
851922.SI,490302,金融控股,490300,多元金融,490000,非银金融,600318.SH,600318.SH,新力金融,2021-12-13,金融控股
851922.SI,490302,金融控股,490300,多元金融,490000,非银金融,600390.SH,600390.SH,五矿资本,2021-12-13,金融控股
851922.SI,490302,金融控股,490300,多元金融,490000,非银金融,600643.SH,600643.SH,爱建集团,2021-12-13,金融控股
851922.SI,490302,金融控股,490300,多元金融,490000,非银金融,600830.SH,600830.SH,香溢融通,2021-12-13,金融控股
851922.SI,490302,金融控股,490300,多元金融,490000,非银金融,000617.SZ,000617.SZ,中油资本,2021-12-13,金融控股
851923.SI,490303,期货,490300,多元金融,490000,非银金融,603093.SH,603093.SH,南华期货,2021-12-13,期货
851923.SI,490303,期货,490300,多元金融,490000,非银金融,600927.SH,600927.SH,永安期货,2021-12-23,期货
851923.SI,490303,期货,490300,多元金融,490000,非银金融,001236.SZ,001236.SZ,弘业期货,2022-08-05,期货
851923.SI,490303,期货,490300,多元金融,490000,非银金融,002961.SZ,002961.SZ,瑞达期货,2021-12-13,期货
851924.SI,490304,信托,490300,多元金融,490000,非银金融,600816.SH,600816.SH,建元信托,2021-12-13,信托
851924.SI,490304,信托,490300,多元金融,490000,非银金融,600517.SH,600517.SH,国网英大,2022-08-01,信托
851924.SI,490304,信托,490300,多元金融,490000,非银金融,000563.SZ,000563.SZ,陕国投A,2021-12-13,信托
851925.SI,490305,租赁,490300,多元金融,490000,非银金融,600901.SH,600901.SH,江苏金租,2021-12-13,租赁
851925.SI,490305,租赁,490300,多元金融,490000,非银金融,603300.SH,603300.SH,海南华铁,2021-12-13,租赁
851925.SI,490305,租赁,490300,多元金融,490000,非银金融,000415.SZ,000415.SZ,渤海租赁,2021-12-13,租赁
851926.SI,490306,金融信息服务,490300,多元金融,490000,非银金融,300773.SZ,300773.SZ,拉卡拉,2021-12-13,金融信息服务
851926.SI,490306,金融信息服务,490300,多元金融,490000,非银金融,002647.SZ,002647.SZ,仁东控股,2021-12-13,金融信息服务
851927.SI,490307,资产管理,490300,多元金融,490000,非银金融,000567.SZ,000567.SZ,海德股份,2021-12-13,资产管理
851927.SI,490307,资产管理,490300,多元金融,490000,非银金融,600053.SH,600053.SH,*ST九鼎,2021-12-13,资产管理
851927.SI,490307,资产管理,490300,多元金融,490000,非银金融,000935.SZ,000935.SZ,四川双马,2023-07-06,资产管理
851927.SI,490307,资产管理,490300,多元金融,490000,非银金融,000532.SZ,000532.SZ,华金资本,2021-12-13,资产管理
852311.SI,510101,综合Ⅲ,510100,综合Ⅱ,510000,综合,000652.SZ,000652.SZ,泰达股份,2021-12-13,综合Ⅲ
852311.SI,510101,综合Ⅲ,510100,综合Ⅱ,510000,综合,000753.SZ,000753.SZ,漳州发展,2021-12-13,综合Ⅲ
852311.SI,510101,综合Ⅲ,510100,综合Ⅱ,510000,综合,000833.SZ,000833.SZ,粤桂股份,2021-12-13,综合Ⅲ
852311.SI,510101,综合Ⅲ,510100,综合Ⅱ,510000,综合,600051.SH,600051.SH,宁波联合,2021-12-13,综合Ⅲ
852311.SI,510101,综合Ⅲ,510100,综合Ⅱ,510000,综合,600620.SH,600620.SH,天宸股份,2021-12-13,综合Ⅲ
852311.SI,510101,综合Ⅲ,510100,综合Ⅱ,510000,综合,600770.SH,600770.SH,综艺股份,2021-12-13,综合Ⅲ
852311.SI,510101,综合Ⅲ,510100,综合Ⅱ,510000,综合,600805.SH,600805.SH,悦达投资,2021-12-13,综合Ⅲ
852311.SI,510101,综合Ⅲ,510100,综合Ⅱ,510000,综合,600881.SH,600881.SH,亚泰集团,2021-12-13,综合Ⅲ
852311.SI,510101,综合Ⅲ,510100,综合Ⅱ,510000,综合,600689.SH,600689.SH,上海三毛,2022-08-01,综合Ⅲ
852311.SI,510101,综合Ⅲ,510100,综合Ⅱ,510000,综合,000025.SZ,000025.SZ,特力A,2023-07-06,综合Ⅲ
852311.SI,510101,综合Ⅲ,510100,综合Ⅱ,510000,综合,000421.SZ,000421.SZ,南京公用,2023-07-06,综合Ⅲ
852311.SI,510101,综合Ⅲ,510100,综合Ⅱ,510000,综合,600673.SH,600673.SH,东阳光,2023-07-06,综合Ⅲ
852311.SI,510101,综合Ⅲ,510100,综合Ⅱ,510000,综合,600682.SH,600682.SH,南京新百,2023-07-06,综合Ⅲ
852311.SI,510101,综合Ⅲ,510100,综合Ⅱ,510000,综合,000523.SZ,000523.SZ,红棉股份,2024-07-31,综合Ⅲ
852311.SI,510101,综合Ⅲ,510100,综合Ⅱ,510000,综合,002316.SZ,002316.SZ,亚联发展,2026-07-02,综合Ⅲ
852311.SI,510101,综合Ⅲ,510100,综合Ⅱ,510000,综合,002420.SZ,002420.SZ,毅昌科技,2026-07-02,综合Ⅲ
852311.SI,510101,综合Ⅲ,510100,综合Ⅱ,510000,综合,002575.SZ,002575.SZ,群兴玩具,2026-07-02,综合Ⅲ
852311.SI,510101,综合Ⅲ,510100,综合Ⅱ,510000,综合,600458.SH,600458.SH,时代新材,2026-07-02,综合Ⅲ
852311.SI,510101,综合Ⅲ,510100,综合Ⅱ,510000,综合,600807.SH,600807.SH,济高发展,2026-07-02,综合Ⅲ
852311.SI,510101,综合Ⅲ,510100,综合Ⅱ,510000,综合,000632.SZ,000632.SZ,ST三木,2021-12-13,综合Ⅲ
857111.SI,610101,水泥制造,610100,水泥,610000,建筑材料,000672.SZ,000672.SZ,上峰材料,2021-12-13,水泥制造
857111.SI,610101,水泥制造,610100,水泥,610000,建筑材料,000789.SZ,000789.SZ,万年青,2021-12-13,水泥制造
857111.SI,610101,水泥制造,610100,水泥,610000,建筑材料,000877.SZ,000877.SZ,天山股份,2021-12-13,水泥制造
857111.SI,610101,水泥制造,610100,水泥,610000,建筑材料,002233.SZ,002233.SZ,塔牌集团,2021-12-13,水泥制造
857111.SI,610101,水泥制造,610100,水泥,610000,建筑材料,600326.SH,600326.SH,西藏天路,2021-12-13,水泥制造
857111.SI,610101,水泥制造,610100,水泥,610000,建筑材料,600425.SH,600425.SH,青松建化,2021-12-13,水泥制造
857111.SI,610101,水泥制造,610100,水泥,610000,建筑材料,600449.SH,600449.SH,宁夏建材,2021-12-13,水泥制造
857111.SI,610101,水泥制造,610100,水泥,610000,建筑材料,600585.SH,600585.SH,海螺水泥,2021-12-13,水泥制造
857111.SI,610101,水泥制造,610100,水泥,610000,建筑材料,600678.SH,600678.SH,ST金顶,2021-12-13,水泥制造
857111.SI,610101,水泥制造,610100,水泥,610000,建筑材料,600801.SH,600801.SH,华新建材,2021-12-13,水泥制造
857111.SI,610101,水泥制造,610100,水泥,610000,建筑材料,600802.SH,600802.SH,福建水泥,2021-12-13,水泥制造
857111.SI,610101,水泥制造,610100,水泥,610000,建筑材料,601992.SH,601992.SH,金隅集团,2021-12-13,水泥制造
857111.SI,610101,水泥制造,610100,水泥,610000,建筑材料,600668.SH,600668.SH,尖峰集团,2022-08-01,水泥制造
857111.SI,610101,水泥制造,610100,水泥,610000,建筑材料,000401.SZ,000401.SZ,金隅冀东,2021-12-13,水泥制造
857112.SI,610102,水泥制品,610100,水泥,610000,建筑材料,002596.SZ,002596.SZ,海南瑞泽,2021-12-13,水泥制品
857112.SI,610102,水泥制品,610100,水泥,610000,建筑材料,002671.SZ,002671.SZ,龙泉股份,2021-12-13,水泥制品
857112.SI,610102,水泥制品,610100,水泥,610000,建筑材料,603616.SH,603616.SH,韩建河山,2021-12-13,水泥制品
857112.SI,610102,水泥制品,610100,水泥,610000,建筑材料,605122.SH,605122.SH,四方新材,2021-12-13,水泥制品
857112.SI,610102,水泥制品,610100,水泥,610000,建筑材料,003037.SZ,003037.SZ,三和管桩,2022-08-01,水泥制品
857112.SI,610102,水泥制品,610100,水泥,610000,建筑材料,002205.SZ,002205.SZ,国统股份,2023-07-06,水泥制品
857112.SI,610102,水泥制品,610100,水泥,610000,建筑材料,002302.SZ,002302.SZ,西部建设,2021-12-13,水泥制品
857121.SI,610201,玻璃制造,610200,玻璃玻纤,610000,建筑材料,002613.SZ,002613.SZ,北玻股份,2021-12-13,玻璃制造
857121.SI,610201,玻璃制造,610200,玻璃玻纤,610000,建筑材料,600293.SH,600293.SH,三峡新材,2021-12-13,玻璃制造
857121.SI,610201,玻璃制造,610200,玻璃玻纤,610000,建筑材料,600586.SH,600586.SH,金晶科技,2021-12-13,玻璃制造
857121.SI,610201,玻璃制造,610200,玻璃玻纤,610000,建筑材料,600819.SH,600819.SH,耀皮玻璃,2021-12-13,玻璃制造
857121.SI,610201,玻璃制造,610200,玻璃玻纤,610000,建筑材料,600876.SH,600876.SH,凯盛新能,2021-12-13,玻璃制造
857121.SI,610201,玻璃制造,610200,玻璃玻纤,610000,建筑材料,601636.SH,601636.SH,旗滨集团,2021-12-13,玻璃制造
857121.SI,610201,玻璃制造,610200,玻璃玻纤,610000,建筑材料,000012.SZ,000012.SZ,南玻A,2021-12-13,玻璃制造
857122.SI,610202,玻纤制造,610200,玻璃玻纤,610000,建筑材料,002201.SZ,002201.SZ,九鼎新材,2021-12-13,玻纤制造
857122.SI,610202,玻纤制造,610200,玻璃玻纤,610000,建筑材料,300196.SZ,300196.SZ,长海股份,2021-12-13,玻纤制造
857122.SI,610202,玻纤制造,610200,玻璃玻纤,610000,建筑材料,600176.SH,600176.SH,中国巨石,2021-12-13,玻纤制造
857122.SI,610202,玻纤制造,610200,玻璃玻纤,610000,建筑材料,603256.SH,603256.SH,宏和科技,2021-12-13,玻纤制造
857122.SI,610202,玻纤制造,610200,玻璃玻纤,610000,建筑材料,603601.SH,603601.SH,再升科技,2021-12-13,玻纤制造
857122.SI,610202,玻纤制造,610200,玻璃玻纤,610000,建筑材料,605006.SH,605006.SH,山东玻纤,2021-12-13,玻纤制造
857122.SI,610202,玻纤制造,610200,玻璃玻纤,610000,建筑材料,301526.SZ,301526.SZ,国际复材,2023-12-26,玻纤制造
857122.SI,610202,玻纤制造,610200,玻璃玻纤,610000,建筑材料,601112.SH,601112.SH,振石股份,2026-01-29,玻纤制造
857122.SI,610202,玻纤制造,610200,玻璃玻纤,610000,建筑材料,002080.SZ,002080.SZ,中材科技,2021-12-13,玻纤制造
850615.SI,610301,耐火材料,610300,装修建材,610000,建筑材料,002088.SZ,002088.SZ,鲁阳节能,2021-12-13,耐火材料
850615.SI,610301,耐火材料,610300,装修建材,610000,建筑材料,002225.SZ,002225.SZ,濮耐股份,2021-12-13,耐火材料
850615.SI,610301,耐火材料,610300,装修建材,610000,建筑材料,002392.SZ,002392.SZ,北京利尔,2021-12-13,耐火材料
850615.SI,610301,耐火材料,610300,装修建材,610000,建筑材料,300374.SZ,300374.SZ,中铁装配,2021-12-13,耐火材料
850615.SI,610301,耐火材料,610300,装修建材,610000,建筑材料,688119.SH,688119.SH,中钢洛耐,2022-06-06,耐火材料
850615.SI,610301,耐火材料,610300,装修建材,610000,建筑材料,002066.SZ,002066.SZ,瑞泰科技,2021-12-13,耐火材料
850616.SI,610302,管材,610300,装修建材,610000,建筑材料,002457.SZ,002457.SZ,青龙管业,2021-12-13,管材
850616.SI,610302,管材,610300,装修建材,610000,建筑材料,002641.SZ,002641.SZ,公元股份,2021-12-13,管材
850616.SI,610302,管材,610300,装修建材,610000,建筑材料,002694.SZ,002694.SZ,*ST顾地,2021-12-13,管材
850616.SI,610302,管材,610300,装修建材,610000,建筑材料,300198.SZ,300198.SZ,*ST纳川,2021-12-13,管材
850616.SI,610302,管材,610300,装修建材,610000,建筑材料,300599.SZ,300599.SZ,雄塑科技,2021-12-13,管材
850616.SI,610302,管材,610300,装修建材,610000,建筑材料,603856.SH,603856.SH,东宏股份,2021-12-13,管材
850616.SI,610302,管材,610300,装修建材,610000,建筑材料,002372.SZ,002372.SZ,伟星新材,2021-12-13,管材
850614.SI,610303,其他建材,610300,装修建材,610000,建筑材料,000619.SZ,000619.SZ,海螺新材,2021-12-13,其他建材
850614.SI,610303,其他建材,610300,装修建材,610000,建筑材料,000786.SZ,000786.SZ,北新建材,2021-12-13,其他建材
850614.SI,610303,其他建材,610300,装修建材,610000,建筑材料,001212.SZ,001212.SZ,中旗新材,2021-12-13,其他建材
850614.SI,610303,其他建材,610300,装修建材,610000,建筑材料,002043.SZ,002043.SZ,兔宝宝,2021-12-13,其他建材
850614.SI,610303,其他建材,610300,装修建材,610000,建筑材料,002333.SZ,002333.SZ,罗普斯金,2021-12-13,其他建材
850614.SI,610303,其他建材,610300,装修建材,610000,建筑材料,002398.SZ,002398.SZ,垒知集团,2021-12-13,其他建材
850614.SI,610303,其他建材,610300,装修建材,610000,建筑材料,002652.SZ,002652.SZ,扬子新材,2021-12-13,其他建材
850614.SI,610303,其他建材,610300,装修建材,610000,建筑材料,002718.SZ,002718.SZ,友邦吊顶,2021-12-13,其他建材
850614.SI,610303,其他建材,610300,装修建材,610000,建筑材料,002785.SZ,002785.SZ,万里石,2021-12-13,其他建材
850614.SI,610303,其他建材,610300,装修建材,610000,建筑材料,002791.SZ,002791.SZ,坚朗五金,2021-12-13,其他建材
850614.SI,610303,其他建材,610300,装修建材,610000,建筑材料,300234.SZ,300234.SZ,开尔新材,2021-12-13,其他建材
850614.SI,610303,其他建材,610300,装修建材,610000,建筑材料,301010.SZ,301010.SZ,晶雪节能,2021-12-13,其他建材
850614.SI,610303,其他建材,610300,装修建材,610000,建筑材料,603038.SH,603038.SH,华立股份,2021-12-13,其他建材
850614.SI,610303,其他建材,610300,装修建材,610000,建筑材料,605318.SH,605318.SH,法狮龙,2021-12-13,其他建材
850614.SI,610303,其他建材,610300,装修建材,610000,建筑材料,002247.SZ,002247.SZ,聚力文化,2022-08-01,其他建材
850614.SI,610303,其他建材,610300,装修建材,610000,建筑材料,301429.SZ,301429.SZ,森泰股份,2023-04-17,其他建材
850614.SI,610303,其他建材,610300,装修建材,610000,建筑材料,000055.SZ,000055.SZ,方大集团,2021-12-13,其他建材
850617.SI,610304,防水材料,610300,装修建材,610000,建筑材料,300715.SZ,300715.SZ,凯伦股份,2021-12-13,防水材料
850617.SI,610304,防水材料,610300,装修建材,610000,建筑材料,300737.SZ,300737.SZ,科顺股份,2021-12-13,防水材料
850617.SI,610304,防水材料,610300,装修建材,610000,建筑材料,002271.SZ,002271.SZ,东方雨虹,2021-12-13,防水材料
850618.SI,610305,涂料,610300,装修建材,610000,建筑材料,603737.SH,603737.SH,三棵树,2021-12-13,涂料
850618.SI,610305,涂料,610300,装修建材,610000,建筑材料,603378.SH,603378.SH,*ST亚士,2021-12-13,涂料
850623.SI,620101,房屋建设Ⅲ,620100,房屋建设Ⅱ,620000,建筑装饰,002761.SZ,002761.SZ,浙江建投,2021-12-13,房屋建设Ⅲ
850623.SI,620101,房屋建设Ⅲ,620100,房屋建设Ⅱ,620000,建筑装饰,600170.SH,600170.SH,上海建工,2021-12-13,房屋建设Ⅲ
850623.SI,620101,房屋建设Ⅲ,620100,房屋建设Ⅱ,620000,建筑装饰,600248.SH,600248.SH,陕建股份,2021-12-13,房屋建设Ⅲ
850623.SI,620101,房屋建设Ⅲ,620100,房屋建设Ⅱ,620000,建筑装饰,600491.SH,600491.SH,ST龙元,2021-12-13,房屋建设Ⅲ
850623.SI,620101,房屋建设Ⅲ,620100,房屋建设Ⅱ,620000,建筑装饰,600939.SH,600939.SH,重庆建工,2021-12-13,房屋建设Ⅲ
850623.SI,620101,房屋建设Ⅲ,620100,房屋建设Ⅱ,620000,建筑装饰,601668.SH,601668.SH,中国建筑,2021-12-13,房屋建设Ⅲ
850623.SI,620101,房屋建设Ⅲ,620100,房屋建设Ⅱ,620000,建筑装饰,601789.SH,601789.SH,宁波建工,2021-12-13,房屋建设Ⅲ
850623.SI,620101,房屋建设Ⅲ,620100,房屋建设Ⅱ,620000,建筑装饰,000628.SZ,000628.SZ,高新发展,2021-12-13,房屋建设Ⅲ
857221.SI,620201,装修装饰Ⅲ,620200,装修装饰Ⅱ,620000,建筑装饰,002081.SZ,002081.SZ,金螳螂,2021-12-13,装修装饰Ⅲ
857221.SI,620201,装修装饰Ⅲ,620200,装修装饰Ⅱ,620000,建筑装饰,002375.SZ,002375.SZ,亚厦股份,2021-12-13,装修装饰Ⅲ
857221.SI,620201,装修装饰Ⅲ,620200,装修装饰Ⅱ,620000,建筑装饰,002482.SZ,002482.SZ,广田集团,2021-12-13,装修装饰Ⅲ
857221.SI,620201,装修装饰Ⅲ,620200,装修装饰Ⅱ,620000,建筑装饰,002620.SZ,002620.SZ,*ST瑞和,2021-12-13,装修装饰Ⅲ
857221.SI,620201,装修装饰Ⅲ,620200,装修装饰Ⅱ,620000,建筑装饰,002713.SZ,002713.SZ,东易日盛,2021-12-13,装修装饰Ⅲ
857221.SI,620201,装修装饰Ⅲ,620200,装修装饰Ⅱ,620000,建筑装饰,002789.SZ,002789.SZ,*ST建艺,2021-12-13,装修装饰Ⅲ
857221.SI,620201,装修装饰Ⅲ,620200,装修装饰Ⅱ,620000,建筑装饰,002811.SZ,002811.SZ,郑中设计,2021-12-13,装修装饰Ⅲ
857221.SI,620201,装修装饰Ⅲ,620200,装修装饰Ⅱ,620000,建筑装饰,002822.SZ,002822.SZ,ST中装,2021-12-13,装修装饰Ⅲ
857221.SI,620201,装修装饰Ⅲ,620200,装修装饰Ⅱ,620000,建筑装饰,002830.SZ,002830.SZ,名雕股份,2021-12-13,装修装饰Ⅲ
857221.SI,620201,装修装饰Ⅲ,620200,装修装饰Ⅱ,620000,建筑装饰,002856.SZ,002856.SZ,*ST美芝,2021-12-13,装修装饰Ⅲ
857221.SI,620201,装修装饰Ⅲ,620200,装修装饰Ⅱ,620000,建筑装饰,002963.SZ,002963.SZ,豪尔赛,2021-12-13,装修装饰Ⅲ
857221.SI,620201,装修装饰Ⅲ,620200,装修装饰Ⅱ,620000,建筑装饰,002989.SZ,002989.SZ,中天精装,2021-12-13,装修装饰Ⅲ
857221.SI,620201,装修装饰Ⅲ,620200,装修装饰Ⅱ,620000,建筑装饰,300506.SZ,300506.SZ,名家汇,2021-12-13,装修装饰Ⅲ
857221.SI,620201,装修装饰Ⅲ,620200,装修装饰Ⅱ,620000,建筑装饰,300621.SZ,300621.SZ,维业股份,2021-12-13,装修装饰Ⅲ
857221.SI,620201,装修装饰Ⅲ,620200,装修装饰Ⅱ,620000,建筑装饰,601886.SH,601886.SH,江河集团,2021-12-13,装修装饰Ⅲ
857221.SI,620201,装修装饰Ⅲ,620200,装修装饰Ⅱ,620000,建筑装饰,603030.SH,603030.SH,全筑股份,2021-12-13,装修装饰Ⅲ
857221.SI,620201,装修装饰Ⅲ,620200,装修装饰Ⅱ,620000,建筑装饰,603828.SH,603828.SH,*ST利达,2021-12-13,装修装饰Ⅲ
857221.SI,620201,装修装饰Ⅲ,620200,装修装饰Ⅱ,620000,建筑装饰,605287.SH,605287.SH,德才股份,2021-12-13,装修装饰Ⅲ
857221.SI,620201,装修装饰Ⅲ,620200,装修装饰Ⅱ,620000,建筑装饰,002163.SZ,002163.SZ,海南发展,2022-08-01,装修装饰Ⅲ
857221.SI,620201,装修装饰Ⅲ,620200,装修装饰Ⅱ,620000,建筑装饰,603137.SH,603137.SH,恒尚节能,2023-04-19,装修装饰Ⅲ
857221.SI,620201,装修装饰Ⅲ,620200,装修装饰Ⅱ,620000,建筑装饰,600234.SH,600234.SH,科新发展,2023-07-06,装修装饰Ⅲ
857221.SI,620201,装修装饰Ⅲ,620200,装修装饰Ⅱ,620000,建筑装饰,002047.SZ,002047.SZ,宝鹰股份,2021-12-13,装修装饰Ⅲ
857236.SI,620306,基建市政工程,620300,基础建设,620000,建筑装饰,002061.SZ,002061.SZ,浙江交科,2021-12-13,基建市政工程
857236.SI,620306,基建市政工程,620300,基础建设,620000,建筑装饰,002062.SZ,002062.SZ,宏润建设,2021-12-13,基建市政工程
857236.SI,620306,基建市政工程,620300,基础建设,620000,建筑装饰,002307.SZ,002307.SZ,北新路桥,2021-12-13,基建市政工程
857236.SI,620306,基建市政工程,620300,基础建设,620000,建筑装饰,002586.SZ,002586.SZ,围海股份,2021-12-13,基建市政工程
857236.SI,620306,基建市政工程,620300,基础建设,620000,建筑装饰,002628.SZ,002628.SZ,成都路桥,2021-12-13,基建市政工程
857236.SI,620306,基建市政工程,620300,基础建设,620000,建筑装饰,002941.SZ,002941.SZ,新疆交建,2021-12-13,基建市政工程
857236.SI,620306,基建市政工程,620300,基础建设,620000,建筑装饰,300982.SZ,300982.SZ,苏文电能,2021-12-13,基建市政工程
857236.SI,620306,基建市政工程,620300,基础建设,620000,建筑装饰,600039.SH,600039.SH,四川路桥,2021-12-13,基建市政工程
857236.SI,620306,基建市政工程,620300,基础建设,620000,建筑装饰,600284.SH,600284.SH,浦东建设,2021-12-13,基建市政工程
857236.SI,620306,基建市政工程,620300,基础建设,620000,建筑装饰,600512.SH,600512.SH,腾达建设,2021-12-13,基建市政工程
857236.SI,620306,基建市政工程,620300,基础建设,620000,建筑装饰,600820.SH,600820.SH,隧道股份,2021-12-13,基建市政工程
857236.SI,620306,基建市政工程,620300,基础建设,620000,建筑装饰,600853.SH,600853.SH,龙建股份,2021-12-13,基建市政工程
857236.SI,620306,基建市政工程,620300,基础建设,620000,建筑装饰,601186.SH,601186.SH,中国铁建,2021-12-13,基建市政工程
857236.SI,620306,基建市政工程,620300,基础建设,620000,建筑装饰,601390.SH,601390.SH,中国中铁,2021-12-13,基建市政工程
857236.SI,620306,基建市政工程,620300,基础建设,620000,建筑装饰,601611.SH,601611.SH,中国核建,2021-12-13,基建市政工程
857236.SI,620306,基建市政工程,620300,基础建设,620000,建筑装饰,601669.SH,601669.SH,中国电建,2021-12-13,基建市政工程
857236.SI,620306,基建市政工程,620300,基础建设,620000,建筑装饰,601800.SH,601800.SH,中国交建,2021-12-13,基建市政工程
857236.SI,620306,基建市政工程,620300,基础建设,620000,建筑装饰,601868.SH,601868.SH,中国能建,2021-12-13,基建市政工程
857236.SI,620306,基建市政工程,620300,基础建设,620000,建筑装饰,603815.SH,603815.SH,交建股份,2021-12-13,基建市政工程
857236.SI,620306,基建市政工程,620300,基础建设,620000,建筑装饰,603843.SH,603843.SH,*ST正平,2021-12-13,基建市政工程
857236.SI,620306,基建市政工程,620300,基础建设,620000,建筑装饰,603176.SH,603176.SH,汇通集团,2021-12-31,基建市政工程
857236.SI,620306,基建市政工程,620300,基础建设,620000,建筑装饰,600502.SH,600502.SH,安徽建工,2022-08-01,基建市政工程
857236.SI,620306,基建市政工程,620300,基础建设,620000,建筑装饰,001396.SZ,001396.SZ,誉帆科技,2025-12-30,基建市政工程
857236.SI,620306,基建市政工程,620300,基础建设,620000,建筑装饰,002060.SZ,002060.SZ,广东建工,2026-07-02,基建市政工程
857236.SI,620306,基建市政工程,620300,基础建设,620000,建筑装饰,000498.SZ,000498.SZ,山东路桥,2021-12-13,基建市政工程
857251.SI,620307,园林工程,620300,基础建设,620000,建筑装饰,002200.SZ,002200.SZ,交投生态,2021-12-13,园林工程
857251.SI,620307,园林工程,620300,基础建设,620000,建筑装饰,002431.SZ,002431.SZ,ST棕榈,2021-12-13,园林工程
857251.SI,620307,园林工程,620300,基础建设,620000,建筑装饰,002663.SZ,002663.SZ,普邦股份,2021-12-13,园林工程
857251.SI,620307,园林工程,620300,基础建设,620000,建筑装饰,002717.SZ,002717.SZ,*ST岭南,2021-12-13,园林工程
857251.SI,620307,园林工程,620300,基础建设,620000,建筑装饰,002775.SZ,002775.SZ,文科股份,2021-12-13,园林工程
857251.SI,620307,园林工程,620300,基础建设,620000,建筑装饰,300197.SZ,300197.SZ,节能铁汉,2021-12-13,园林工程
857251.SI,620307,园林工程,620300,基础建设,620000,建筑装饰,300355.SZ,300355.SZ,蒙草生态,2021-12-13,园林工程
857251.SI,620307,园林工程,620300,基础建设,620000,建筑装饰,300649.SZ,300649.SZ,杭州园林,2021-12-13,园林工程
857251.SI,620307,园林工程,620300,基础建设,620000,建筑装饰,300948.SZ,300948.SZ,冠中生态,2021-12-13,园林工程
857251.SI,620307,园林工程,620300,基础建设,620000,建筑装饰,300949.SZ,300949.SZ,奥雅股份,2021-12-13,园林工程
857251.SI,620307,园林工程,620300,基础建设,620000,建筑装饰,301098.SZ,301098.SZ,金埔园林,2021-12-13,园林工程
857251.SI,620307,园林工程,620300,基础建设,620000,建筑装饰,603359.SH,603359.SH,*ST东珠,2021-12-13,园林工程
857251.SI,620307,园林工程,620300,基础建设,620000,建筑装饰,603955.SH,603955.SH,大千生态,2021-12-13,园林工程
857251.SI,620307,园林工程,620300,基础建设,620000,建筑装饰,605303.SH,605303.SH,园林股份,2021-12-13,园林工程
857251.SI,620307,园林工程,620300,基础建设,620000,建筑装饰,000010.SZ,000010.SZ,*ST美丽,2021-12-13,园林工程
857241.SI,620401,钢结构,620400,专业工程,620000,建筑装饰,002541.SZ,002541.SZ,鸿路钢构,2021-12-13,钢结构
857241.SI,620401,钢结构,620400,专业工程,620000,建筑装饰,002593.SZ,002593.SZ,日上集团,2021-12-13,钢结构
857241.SI,620401,钢结构,620400,专业工程,620000,建筑装饰,002743.SZ,002743.SZ,ST富煌,2021-12-13,钢结构
857241.SI,620401,钢结构,620400,专业工程,620000,建筑装饰,300517.SZ,300517.SZ,海波重科,2021-12-13,钢结构
857241.SI,620401,钢结构,620400,专业工程,620000,建筑装饰,600477.SH,600477.SH,杭萧钢构,2021-12-13,钢结构
857241.SI,620401,钢结构,620400,专业工程,620000,建筑装饰,600496.SH,600496.SH,精工钢构,2021-12-13,钢结构
857241.SI,620401,钢结构,620400,专业工程,620000,建筑装饰,603098.SH,603098.SH,森特股份,2021-12-13,钢结构
857241.SI,620401,钢结构,620400,专业工程,620000,建筑装饰,601096.SH,601096.SH,宏盛华源,2023-12-22,钢结构
857241.SI,620401,钢结构,620400,专业工程,620000,建筑装饰,002135.SZ,002135.SZ,东南网架,2021-12-13,钢结构
857242.SI,620402,化学工程,620400,专业工程,620000,建筑装饰,002469.SZ,002469.SZ,三维化学,2021-12-13,化学工程
857242.SI,620402,化学工程,620400,专业工程,620000,建筑装饰,300384.SZ,300384.SZ,三联虹普,2021-12-13,化学工程
857242.SI,620402,化学工程,620400,专业工程,620000,建筑装饰,601117.SH,601117.SH,中国化学,2021-12-13,化学工程
857242.SI,620402,化学工程,620400,专业工程,620000,建筑装饰,603637.SH,603637.SH,镇海股份,2021-12-13,化学工程
857242.SI,620402,化学工程,620400,专业工程,620000,建筑装饰,603959.SH,603959.SH,ST百利,2021-12-13,化学工程
857242.SI,620402,化学工程,620400,专业工程,620000,建筑装饰,605167.SH,605167.SH,利柏特,2021-12-13,化学工程
857242.SI,620402,化学工程,620400,专业工程,620000,建筑装饰,002140.SZ,002140.SZ,东华科技,2021-12-13,化学工程
857243.SI,620403,国际工程,620400,专业工程,620000,建筑装饰,000928.SZ,000928.SZ,中钢国际,2021-12-13,国际工程
857243.SI,620403,国际工程,620400,专业工程,620000,建筑装饰,002051.SZ,002051.SZ,中工国际,2021-12-13,国际工程
857243.SI,620403,国际工程,620400,专业工程,620000,建筑装饰,600970.SH,600970.SH,中材国际,2021-12-13,国际工程
857243.SI,620403,国际工程,620400,专业工程,620000,建筑装饰,000065.SZ,000065.SZ,北方国际,2021-12-13,国际工程
857244.SI,620404,其他专业工程,620400,专业工程,620000,建筑装饰,002542.SZ,002542.SZ,*ST中岩,2021-12-13,其他专业工程
857244.SI,620404,其他专业工程,620400,专业工程,620000,建筑装饰,003001.SZ,003001.SZ,中岩大地,2021-12-13,其他专业工程
857244.SI,620404,其他专业工程,620400,专业工程,620000,建筑装饰,300712.SZ,300712.SZ,永福股份,2021-12-13,其他专业工程
857244.SI,620404,其他专业工程,620400,专业工程,620000,建筑装饰,301046.SZ,301046.SZ,能辉科技,2021-12-13,其他专业工程
857244.SI,620404,其他专业工程,620400,专业工程,620000,建筑装饰,601068.SH,601068.SH,中铝国际,2021-12-13,其他专业工程
857244.SI,620404,其他专业工程,620400,专业工程,620000,建筑装饰,601226.SH,601226.SH,华电科工,2021-12-13,其他专业工程
857244.SI,620404,其他专业工程,620400,专业工程,620000,建筑装饰,601618.SH,601618.SH,中国中冶,2021-12-13,其他专业工程
857244.SI,620404,其他专业工程,620400,专业工程,620000,建筑装饰,603929.SH,603929.SH,亚翔集成,2021-12-13,其他专业工程
857244.SI,620404,其他专业工程,620400,专业工程,620000,建筑装饰,605289.SH,605289.SH,罗曼股份,2021-12-13,其他专业工程
857244.SI,620404,其他专业工程,620400,专业工程,620000,建筑装饰,605598.SH,605598.SH,上海港湾,2021-12-13,其他专业工程
857244.SI,620404,其他专业工程,620400,专业工程,620000,建筑装饰,300986.SZ,300986.SZ,志特新材,2022-07-28,其他专业工程
857244.SI,620404,其他专业工程,620400,专业工程,620000,建筑装饰,000032.SZ,000032.SZ,深桑达A,2022-08-01,其他专业工程
857244.SI,620404,其他专业工程,620400,专业工程,620000,建筑装饰,002323.SZ,002323.SZ,*ST雅博,2022-08-01,其他专业工程
857244.SI,620404,其他专业工程,620400,专业工程,620000,建筑装饰,605178.SH,605178.SH,时空科技,2022-08-01,其他专业工程
857244.SI,620404,其他专业工程,620400,专业工程,620000,建筑装饰,603163.SH,603163.SH,圣晖集成,2022-10-13,其他专业工程
857244.SI,620404,其他专业工程,620400,专业工程,620000,建筑装饰,601133.SH,601133.SH,柏诚股份,2023-04-10,其他专业工程
857244.SI,620404,其他专业工程,620400,专业工程,620000,建筑装饰,002116.SZ,002116.SZ,中国海诚,2021-12-13,其他专业工程
857261.SI,620601,工程咨询服务Ⅲ,620600,工程咨询服务Ⅱ,620000,建筑装饰,002883.SZ,002883.SZ,*ST中设,2021-12-13,工程咨询服务Ⅲ
857261.SI,620601,工程咨询服务Ⅲ,620600,工程咨询服务Ⅱ,620000,建筑装饰,002949.SZ,002949.SZ,华阳国际,2021-12-13,工程咨询服务Ⅲ
857261.SI,620601,工程咨询服务Ⅲ,620600,工程咨询服务Ⅱ,620000,建筑装饰,003013.SZ,003013.SZ,地铁设计,2021-12-13,工程咨询服务Ⅲ
857261.SI,620601,工程咨询服务Ⅲ,620600,工程咨询服务Ⅱ,620000,建筑装饰,300284.SZ,300284.SZ,苏交科,2021-12-13,工程咨询服务Ⅲ
857261.SI,620601,工程咨询服务Ⅲ,620600,工程咨询服务Ⅱ,620000,建筑装饰,300500.SZ,300500.SZ,启迪设计,2021-12-13,工程咨询服务Ⅲ
857261.SI,620601,工程咨询服务Ⅲ,620600,工程咨询服务Ⅱ,620000,建筑装饰,300564.SZ,300564.SZ,筑博设计,2021-12-13,工程咨询服务Ⅲ
857261.SI,620601,工程咨询服务Ⅲ,620600,工程咨询服务Ⅱ,620000,建筑装饰,300635.SZ,300635.SZ,中达安,2021-12-13,工程咨询服务Ⅲ
857261.SI,620601,工程咨询服务Ⅲ,620600,工程咨询服务Ⅱ,620000,建筑装饰,300668.SZ,300668.SZ,杰恩股份,2021-12-13,工程咨询服务Ⅲ
857261.SI,620601,工程咨询服务Ⅲ,620600,工程咨询服务Ⅱ,620000,建筑装饰,300675.SZ,300675.SZ,建科院,2021-12-13,工程咨询服务Ⅲ
857261.SI,620601,工程咨询服务Ⅲ,620600,工程咨询服务Ⅱ,620000,建筑装饰,300732.SZ,300732.SZ,设研院,2021-12-13,工程咨询服务Ⅲ
857261.SI,620601,工程咨询服务Ⅲ,620600,工程咨询服务Ⅱ,620000,建筑装饰,300746.SZ,300746.SZ,汉嘉数智,2021-12-13,工程咨询服务Ⅲ
857261.SI,620601,工程咨询服务Ⅲ,620600,工程咨询服务Ⅱ,620000,建筑装饰,300778.SZ,300778.SZ,新城市,2021-12-13,工程咨询服务Ⅲ
857261.SI,620601,工程咨询服务Ⅲ,620600,工程咨询服务Ⅱ,620000,建筑装饰,300826.SZ,300826.SZ,测绘股份,2021-12-13,工程咨询服务Ⅲ
857261.SI,620601,工程咨询服务Ⅲ,620600,工程咨询服务Ⅱ,620000,建筑装饰,300844.SZ,300844.SZ,山水比德,2021-12-13,工程咨询服务Ⅲ
857261.SI,620601,工程咨询服务Ⅲ,620600,工程咨询服务Ⅱ,620000,建筑装饰,300977.SZ,300977.SZ,深圳瑞捷,2021-12-13,工程咨询服务Ⅲ
857261.SI,620601,工程咨询服务Ⅲ,620600,工程咨询服务Ⅱ,620000,建筑装饰,300983.SZ,300983.SZ,尤安设计,2021-12-13,工程咨询服务Ⅲ
857261.SI,620601,工程咨询服务Ⅲ,620600,工程咨询服务Ⅱ,620000,建筑装饰,300989.SZ,300989.SZ,蕾奥规划,2021-12-13,工程咨询服务Ⅲ
857261.SI,620601,工程咨询服务Ⅲ,620600,工程咨询服务Ⅱ,620000,建筑装饰,301024.SZ,301024.SZ,霍普股份,2021-12-13,工程咨询服务Ⅲ
857261.SI,620601,工程咨询服务Ⅲ,620600,工程咨询服务Ⅱ,620000,建筑装饰,301027.SZ,301027.SZ,华蓝集团,2021-12-13,工程咨询服务Ⅲ
857261.SI,620601,工程咨询服务Ⅲ,620600,工程咨询服务Ⅱ,620000,建筑装饰,301038.SZ,301038.SZ,深水规院,2021-12-13,工程咨询服务Ⅲ
857261.SI,620601,工程咨询服务Ⅲ,620600,工程咨询服务Ⅱ,620000,建筑装饰,301058.SZ,301058.SZ,中粮科工,2021-12-13,工程咨询服务Ⅲ
857261.SI,620601,工程咨询服务Ⅲ,620600,工程咨询服务Ⅱ,620000,建筑装饰,301091.SZ,301091.SZ,深城交,2021-12-13,工程咨询服务Ⅲ
857261.SI,620601,工程咨询服务Ⅲ,620600,工程咨询服务Ⅱ,620000,建筑装饰,301167.SZ,301167.SZ,建研设计,2021-12-13,工程咨询服务Ⅲ
857261.SI,620601,工程咨询服务Ⅲ,620600,工程咨询服务Ⅱ,620000,建筑装饰,600629.SH,600629.SH,华建集团,2021-12-13,工程咨询服务Ⅲ
857261.SI,620601,工程咨询服务Ⅲ,620600,工程咨询服务Ⅱ,620000,建筑装饰,603017.SH,603017.SH,中衡设计,2021-12-13,工程咨询服务Ⅲ
857261.SI,620601,工程咨询服务Ⅲ,620600,工程咨询服务Ⅱ,620000,建筑装饰,603018.SH,603018.SH,华设集团,2021-12-13,工程咨询服务Ⅲ
857261.SI,620601,工程咨询服务Ⅲ,620600,工程咨询服务Ⅱ,620000,建筑装饰,603357.SH,603357.SH,设计总院,2021-12-13,工程咨询服务Ⅲ
857261.SI,620601,工程咨询服务Ⅲ,620600,工程咨询服务Ⅱ,620000,建筑装饰,603458.SH,603458.SH,勘设股份,2021-12-13,工程咨询服务Ⅲ
857261.SI,620601,工程咨询服务Ⅲ,620600,工程咨询服务Ⅱ,620000,建筑装饰,603860.SH,603860.SH,中公高科,2021-12-13,工程咨询服务Ⅲ
857261.SI,620601,工程咨询服务Ⅲ,620600,工程咨询服务Ⅱ,620000,建筑装饰,603909.SH,603909.SH,建发合诚,2021-12-13,工程咨询服务Ⅲ
857261.SI,620601,工程咨询服务Ⅲ,620600,工程咨询服务Ⅱ,620000,建筑装饰,301136.SZ,301136.SZ,招标股份,2022-01-11,工程咨询服务Ⅲ
857261.SI,620601,工程咨询服务Ⅲ,620600,工程咨询服务Ⅱ,620000,建筑装饰,600667.SH,600667.SH,太极实业,2022-08-01,工程咨询服务Ⅲ
857261.SI,620601,工程咨询服务Ⅲ,620600,工程咨询服务Ⅱ,620000,建筑装饰,301365.SZ,301365.SZ,矩阵股份,2022-11-22,工程咨询服务Ⅲ
857261.SI,620601,工程咨询服务Ⅲ,620600,工程咨询服务Ⅱ,620000,建筑装饰,603153.SH,603153.SH,上海建科,2023-03-13,工程咨询服务Ⅲ
857261.SI,620601,工程咨询服务Ⅲ,620600,工程咨询服务Ⅱ,620000,建筑装饰,600846.SH,600846.SH,同济科技,2023-07-06,工程咨询服务Ⅲ
857261.SI,620601,工程咨询服务Ⅲ,620600,工程咨询服务Ⅱ,620000,建筑装饰,301505.SZ,301505.SZ,苏州规划,2023-07-19,工程咨询服务Ⅲ
857261.SI,620601,工程咨询服务Ⅲ,620600,工程咨询服务Ⅱ,620000,建筑装饰,600720.SH,600720.SH,中交设计,2024-01-22,工程咨询服务Ⅲ
857261.SI,620601,工程咨询服务Ⅲ,620600,工程咨询服务Ⅱ,620000,建筑装饰,301390.SZ,301390.SZ,经纬股份,2024-07-31,工程咨询服务Ⅲ
857261.SI,620601,工程咨询服务Ⅲ,620600,工程咨询服务Ⅱ,620000,建筑装饰,603257.SH,603257.SH,中国瑞林,2025-04-08,工程咨询服务Ⅲ
857261.SI,620601,工程咨询服务Ⅲ,620600,工程咨询服务Ⅱ,620000,建筑装饰,000779.SZ,000779.SZ,甘咨询,2021-12-13,工程咨询服务Ⅲ
850741.SI,630101,电机Ⅲ,630100,电机Ⅱ,630000,电力设备,002196.SZ,002196.SZ,方正电机,2021-12-13,电机Ⅲ
850741.SI,630101,电机Ⅲ,630100,电机Ⅱ,630000,电力设备,002249.SZ,002249.SZ,大洋电机,2021-12-13,电机Ⅲ
850741.SI,630101,电机Ⅲ,630100,电机Ⅱ,630000,电力设备,002576.SZ,002576.SZ,通达动力,2021-12-13,电机Ⅲ
850741.SI,630101,电机Ⅲ,630100,电机Ⅱ,630000,电力设备,002801.SZ,002801.SZ,微光股份,2021-12-13,电机Ⅲ
850741.SI,630101,电机Ⅲ,630100,电机Ⅱ,630000,电力设备,002823.SZ,002823.SZ,凯中精密,2021-12-13,电机Ⅲ
850741.SI,630101,电机Ⅲ,630100,电机Ⅱ,630000,电力设备,002892.SZ,002892.SZ,科力尔,2021-12-13,电机Ⅲ
850741.SI,630101,电机Ⅲ,630100,电机Ⅱ,630000,电力设备,003021.SZ,003021.SZ,兆威机电,2021-12-13,电机Ⅲ
850741.SI,630101,电机Ⅲ,630100,电机Ⅱ,630000,电力设备,300626.SZ,300626.SZ,华瑞股份,2021-12-13,电机Ⅲ
850741.SI,630101,电机Ⅲ,630100,电机Ⅱ,630000,电力设备,300660.SZ,300660.SZ,江苏雷利,2021-12-13,电机Ⅲ
850741.SI,630101,电机Ⅲ,630100,电机Ⅱ,630000,电力设备,300907.SZ,300907.SZ,康平科技,2021-12-13,电机Ⅲ
850741.SI,630101,电机Ⅲ,630100,电机Ⅱ,630000,电力设备,301023.SZ,301023.SZ,奕帆传动,2021-12-13,电机Ⅲ
850741.SI,630101,电机Ⅲ,630100,电机Ⅱ,630000,电力设备,600580.SH,600580.SH,卧龙电驱,2021-12-13,电机Ⅲ
850741.SI,630101,电机Ⅲ,630100,电机Ⅱ,630000,电力设备,603320.SH,603320.SH,迪贝电气,2021-12-13,电机Ⅲ
850741.SI,630101,电机Ⅲ,630100,电机Ⅱ,630000,电力设备,603489.SH,603489.SH,八方股份,2021-12-13,电机Ⅲ
850741.SI,630101,电机Ⅲ,630100,电机Ⅱ,630000,电力设备,603728.SH,603728.SH,鸣志电器,2021-12-13,电机Ⅲ
850741.SI,630101,电机Ⅲ,630100,电机Ⅱ,630000,电力设备,603819.SH,603819.SH,神力股份,2021-12-13,电机Ⅲ
850741.SI,630101,电机Ⅲ,630100,电机Ⅱ,630000,电力设备,603988.SH,603988.SH,中电电机,2021-12-13,电机Ⅲ
850741.SI,630101,电机Ⅲ,630100,电机Ⅱ,630000,电力设备,301226.SZ,301226.SZ,祥明智能,2022-03-25,电机Ⅲ
850741.SI,630101,电机Ⅲ,630100,电机Ⅱ,630000,电力设备,301502.SZ,301502.SZ,华阳智能,2024-02-02,电机Ⅲ
850741.SI,630101,电机Ⅲ,630100,电机Ⅱ,630000,电力设备,603344.SH,603344.SH,星德胜,2024-03-20,电机Ⅲ
850741.SI,630101,电机Ⅲ,630100,电机Ⅱ,630000,电力设备,603350.SH,603350.SH,安乃达,2024-07-03,电机Ⅲ
850741.SI,630101,电机Ⅲ,630100,电机Ⅱ,630000,电力设备,002176.SZ,002176.SZ,江特电机,2024-07-31,电机Ⅲ
850741.SI,630101,电机Ⅲ,630100,电机Ⅱ,630000,电力设备,600416.SH,600416.SH,湘电股份,2024-07-31,电机Ⅲ
850741.SI,630101,电机Ⅲ,630100,电机Ⅱ,630000,电力设备,603370.SH,603370.SH,华新精科,2025-09-05,电机Ⅲ
850741.SI,630101,电机Ⅲ,630100,电机Ⅱ,630000,电力设备,301696.SZ,301696.SZ,三瑞智能,2026-04-10,电机Ⅲ
850741.SI,630101,电机Ⅲ,630100,电机Ⅱ,630000,电力设备,000922.SZ,000922.SZ,佳电股份,2021-12-13,电机Ⅲ
857331.SI,630301,综合电力设备商,630300,其他电源设备Ⅱ,630000,电力设备,601727.SH,601727.SH,上海电气,2021-12-13,综合电力设备商
857331.SI,630301,综合电力设备商,630300,其他电源设备Ⅱ,630000,电力设备,600875.SH,600875.SH,东方电气,2021-12-13,综合电力设备商
857334.SI,630304,火电设备,630300,其他电源设备Ⅱ,630000,电力设备,002534.SZ,002534.SZ,西子洁能,2021-12-13,火电设备
857334.SI,630304,火电设备,630300,其他电源设备Ⅱ,630000,电力设备,002630.SZ,002630.SZ,*ST华西,2021-12-13,火电设备
857334.SI,630304,火电设备,630300,其他电源设备Ⅱ,630000,电力设备,002255.SZ,002255.SZ,海陆重工,2021-12-13,火电设备
857336.SI,630306,其他电源设备Ⅲ,630300,其他电源设备Ⅱ,630000,电力设备,002364.SZ,002364.SZ,中恒电气,2021-12-13,其他电源设备Ⅲ
857336.SI,630306,其他电源设备Ⅲ,630300,其他电源设备Ⅱ,630000,电力设备,002366.SZ,002366.SZ,融发核电,2021-12-13,其他电源设备Ⅲ
857336.SI,630306,其他电源设备Ⅲ,630300,其他电源设备Ⅱ,630000,电力设备,002518.SZ,002518.SZ,科士达,2021-12-13,其他电源设备Ⅲ
857336.SI,630306,其他电源设备Ⅲ,630300,其他电源设备Ⅱ,630000,电力设备,002851.SZ,002851.SZ,麦格米特,2021-12-13,其他电源设备Ⅲ
857336.SI,630306,其他电源设备Ⅲ,630300,其他电源设备Ⅱ,630000,电力设备,300153.SZ,300153.SZ,科泰电源,2021-12-13,其他电源设备Ⅲ
857336.SI,630306,其他电源设备Ⅲ,630300,其他电源设备Ⅱ,630000,电力设备,300376.SZ,300376.SZ,易事特,2021-12-13,其他电源设备Ⅲ
857336.SI,630306,其他电源设备Ⅲ,630300,其他电源设备Ⅱ,630000,电力设备,300491.SZ,300491.SZ,通合科技,2021-12-13,其他电源设备Ⅲ
857336.SI,630306,其他电源设备Ⅲ,630300,其他电源设备Ⅱ,630000,电力设备,300593.SZ,300593.SZ,新雷能,2021-12-13,其他电源设备Ⅲ
857336.SI,630306,其他电源设备Ⅲ,630300,其他电源设备Ⅱ,630000,电力设备,300693.SZ,300693.SZ,盛弘股份,2021-12-13,其他电源设备Ⅲ
857336.SI,630306,其他电源设备Ⅲ,630300,其他电源设备Ⅱ,630000,电力设备,300713.SZ,300713.SZ,英可瑞,2021-12-13,其他电源设备Ⅲ
857336.SI,630306,其他电源设备Ⅲ,630300,其他电源设备Ⅱ,630000,电力设备,300820.SZ,300820.SZ,英杰电气,2021-12-13,其他电源设备Ⅲ
857336.SI,630306,其他电源设备Ⅲ,630300,其他电源设备Ⅱ,630000,电力设备,300870.SZ,300870.SZ,欧陆通,2021-12-13,其他电源设备Ⅲ
857336.SI,630306,其他电源设备Ⅲ,630300,其他电源设备Ⅱ,630000,电力设备,600405.SH,600405.SH,动力源,2021-12-13,其他电源设备Ⅲ
857336.SI,630306,其他电源设备Ⅲ,630300,其他电源设备Ⅱ,630000,电力设备,688551.SH,688551.SH,科威尔,2021-12-13,其他电源设备Ⅲ
857336.SI,630306,其他电源设备Ⅲ,630300,其他电源设备Ⅱ,630000,电力设备,002227.SZ,002227.SZ,*ST特迅,2022-08-01,其他电源设备Ⅲ
857336.SI,630306,其他电源设备Ⅲ,630300,其他电源设备Ⅱ,630000,电力设备,600482.SH,600482.SH,中国动力,2022-08-01,其他电源设备Ⅲ
857336.SI,630306,其他电源设备Ⅲ,630300,其他电源设备Ⅱ,630000,电力设备,301157.SZ,301157.SZ,华塑科技,2023-03-13,其他电源设备Ⅲ
857336.SI,630306,其他电源设备Ⅲ,630300,其他电源设备Ⅱ,630000,电力设备,600212.SH,600212.SH,绿能慧充,2023-07-06,其他电源设备Ⅲ
857336.SI,630306,其他电源设备Ⅲ,630300,其他电源设备Ⅱ,630000,电力设备,688719.SH,688719.SH,爱科赛博,2023-09-28,其他电源设备Ⅲ
857336.SI,630306,其他电源设备Ⅲ,630300,其他电源设备Ⅱ,630000,电力设备,301516.SZ,301516.SZ,中远通,2023-12-08,其他电源设备Ⅲ
857336.SI,630306,其他电源设备Ⅲ,630300,其他电源设备Ⅱ,630000,电力设备,688411.SH,688411.SH,海博思创,2025-01-27,其他电源设备Ⅲ
857336.SI,630306,其他电源设备Ⅲ,630300,其他电源设备Ⅱ,630000,电力设备,301590.SZ,301590.SZ,优优绿能,2025-06-05,其他电源设备Ⅲ
857336.SI,630306,其他电源设备Ⅲ,630300,其他电源设备Ⅱ,630000,电力设备,002951.SZ,002951.SZ,金时科技,2025-08-13,其他电源设备Ⅲ
857336.SI,630306,其他电源设备Ⅲ,630300,其他电源设备Ⅱ,630000,电力设备,301669.SZ,301669.SZ,高特电子,2026-06-09,其他电源设备Ⅲ
857336.SI,630306,其他电源设备Ⅲ,630300,其他电源设备Ⅱ,630000,电力设备,002052.SZ,002052.SZ,同洲电子,2026-07-02,其他电源设备Ⅲ
857336.SI,630306,其他电源设备Ⅲ,630300,其他电源设备Ⅱ,630000,电力设备,600590.SH,600590.SH,泰豪科技,2026-07-02,其他电源设备Ⅲ
857336.SI,630306,其他电源设备Ⅲ,630300,其他电源设备Ⅱ,630000,电力设备,002335.SZ,002335.SZ,科华数据,2021-12-13,其他电源设备Ⅲ
857351.SI,630501,硅料硅片,630500,光伏设备,630000,电力设备,600438.SH,600438.SH,通威股份,2021-12-13,硅料硅片
857351.SI,630501,硅料硅片,630500,光伏设备,630000,电力设备,688303.SH,688303.SH,大全能源,2021-12-13,硅料硅片
857351.SI,630501,硅料硅片,630500,光伏设备,630000,电力设备,600481.SH,600481.SH,双良节能,2023-07-06,硅料硅片
857351.SI,630501,硅料硅片,630500,光伏设备,630000,电力设备,603185.SH,603185.SH,弘元绿能,2023-07-06,硅料硅片
857351.SI,630501,硅料硅片,630500,光伏设备,630000,电力设备,603398.SH,603398.SH,*ST沐邦,2023-07-06,硅料硅片
857351.SI,630501,硅料硅片,630500,光伏设备,630000,电力设备,300345.SZ,300345.SZ,华民股份,2024-07-31,硅料硅片
857351.SI,630501,硅料硅片,630500,光伏设备,630000,电力设备,002129.SZ,002129.SZ,TCL中环,2021-12-13,硅料硅片
857352.SI,630502,光伏电池组件,630500,光伏设备,630000,电力设备,002506.SZ,002506.SZ,协鑫集成,2021-12-13,光伏电池组件
857352.SI,630502,光伏电池组件,630500,光伏设备,630000,电力设备,300118.SZ,300118.SZ,东方日升,2021-12-13,光伏电池组件
857352.SI,630502,光伏电池组件,630500,光伏设备,630000,电力设备,300393.SZ,300393.SZ,中来股份,2021-12-13,光伏电池组件
857352.SI,630502,光伏电池组件,630500,光伏设备,630000,电力设备,600537.SH,600537.SH,*ST亿晶,2021-12-13,光伏电池组件
857352.SI,630502,光伏电池组件,630500,光伏设备,630000,电力设备,600732.SH,600732.SH,爱旭股份,2021-12-13,光伏电池组件
857352.SI,630502,光伏电池组件,630500,光伏设备,630000,电力设备,688599.SH,688599.SH,天合光能,2021-12-13,光伏电池组件
857352.SI,630502,光伏电池组件,630500,光伏设备,630000,电力设备,688223.SH,688223.SH,晶科能源,2022-01-26,光伏电池组件
857352.SI,630502,光伏电池组件,630500,光伏设备,630000,电力设备,002865.SZ,002865.SZ,钧达股份,2022-08-01,光伏电池组件
857352.SI,630502,光伏电池组件,630500,光伏设备,630000,电力设备,601012.SH,601012.SH,隆基绿能,2022-08-01,光伏电池组件
857352.SI,630502,光伏电池组件,630500,光伏设备,630000,电力设备,688472.SH,688472.SH,阿特斯,2023-06-09,光伏电池组件
857352.SI,630502,光伏电池组件,630500,光伏设备,630000,电力设备,688429.SH,688429.SH,时创能源,2023-06-29,光伏电池组件
857352.SI,630502,光伏电池组件,630500,光伏设备,630000,电力设备,002056.SZ,002056.SZ,横店东磁,2023-07-06,光伏电池组件
857352.SI,630502,光伏电池组件,630500,光伏设备,630000,电力设备,300080.SZ,300080.SZ,易成新能,2023-07-06,光伏电池组件
857352.SI,630502,光伏电池组件,630500,光伏设备,630000,电力设备,300051.SZ,300051.SZ,琏升科技,2024-04-09,光伏电池组件
857352.SI,630502,光伏电池组件,630500,光伏设备,630000,电力设备,300093.SZ,300093.SZ,金刚光伏,2024-07-31,光伏电池组件
857352.SI,630502,光伏电池组件,630500,光伏设备,630000,电力设备,301168.SZ,301168.SZ,通灵股份,2024-07-31,光伏电池组件
857352.SI,630502,光伏电池组件,630500,光伏设备,630000,电力设备,301278.SZ,301278.SZ,快可电子,2024-07-31,光伏电池组件
857352.SI,630502,光伏电池组件,630500,光伏设备,630000,电力设备,301636.SZ,301636.SZ,泽润新能,2025-05-16,光伏电池组件
857352.SI,630502,光伏电池组件,630500,光伏设备,630000,电力设备,300716.SZ,300716.SZ,*ST泉为,2025-08-13,光伏电池组件
857352.SI,630502,光伏电池组件,630500,光伏设备,630000,电力设备,301030.SZ,301030.SZ,*ST仕净,2026-07-02,光伏电池组件
857352.SI,630502,光伏电池组件,630500,光伏设备,630000,电力设备,603778.SH,603778.SH,国晟科技,2026-07-02,光伏电池组件
857352.SI,630502,光伏电池组件,630500,光伏设备,630000,电力设备,002459.SZ,002459.SZ,晶澳科技,2021-12-13,光伏电池组件
857353.SI,630503,逆变器,630500,光伏设备,630000,电力设备,300763.SZ,300763.SZ,锦浪科技,2021-12-13,逆变器
857353.SI,630503,逆变器,630500,光伏设备,630000,电力设备,300827.SZ,300827.SZ,上能电气,2021-12-13,逆变器
857353.SI,630503,逆变器,630500,光伏设备,630000,电力设备,688390.SH,688390.SH,固德威,2021-12-13,逆变器
857353.SI,630503,逆变器,630500,光伏设备,630000,电力设备,688032.SH,688032.SH,禾迈股份,2021-12-20,逆变器
857353.SI,630503,逆变器,630500,光伏设备,630000,电力设备,688348.SH,688348.SH,昱能科技,2022-06-08,逆变器
857353.SI,630503,逆变器,630500,光伏设备,630000,电力设备,605117.SH,605117.SH,德业股份,2023-07-06,逆变器
857353.SI,630503,逆变器,630500,光伏设备,630000,电力设备,688717.SH,688717.SH,艾罗能源,2024-01-03,逆变器
857353.SI,630503,逆变器,630500,光伏设备,630000,电力设备,301658.SZ,301658.SZ,首航新能,2025-04-02,逆变器
857353.SI,630503,逆变器,630500,光伏设备,630000,电力设备,002150.SZ,002150.SZ,正泰电源,2026-07-02,逆变器
857353.SI,630503,逆变器,630500,光伏设备,630000,电力设备,300274.SZ,300274.SZ,阳光电源,2021-12-13,逆变器
857354.SI,630504,光伏辅材,630500,光伏设备,630000,电力设备,003022.SZ,003022.SZ,联泓新科,2021-12-13,光伏辅材
857354.SI,630504,光伏辅材,630500,光伏设备,630000,电力设备,300842.SZ,300842.SZ,帝科股份,2021-12-13,光伏辅材
857354.SI,630504,光伏辅材,630500,光伏设备,630000,电力设备,600207.SH,600207.SH,安彩高科,2021-12-13,光伏辅材
857354.SI,630504,光伏辅材,630500,光伏设备,630000,电力设备,601865.SH,601865.SH,福莱特,2021-12-13,光伏辅材
857354.SI,630504,光伏辅材,630500,光伏设备,630000,电力设备,603212.SH,603212.SH,赛伍技术,2021-12-13,光伏辅材
857354.SI,630504,光伏辅材,630500,光伏设备,630000,电力设备,603628.SH,603628.SH,清源股份,2021-12-13,光伏辅材
857354.SI,630504,光伏辅材,630500,光伏设备,630000,电力设备,603806.SH,603806.SH,福斯特,2021-12-13,光伏辅材
857354.SI,630504,光伏辅材,630500,光伏设备,630000,电力设备,688408.SH,688408.SH,中信博,2021-12-13,光伏辅材
857354.SI,630504,光伏辅材,630500,光伏设备,630000,电力设备,688560.SH,688560.SH,明冠新材,2021-12-13,光伏辅材
857354.SI,630504,光伏辅材,630500,光伏设备,630000,电力设备,688680.SH,688680.SH,海优新材,2021-12-13,光伏辅材
857354.SI,630504,光伏辅材,630500,光伏设备,630000,电力设备,301266.SZ,301266.SZ,宇邦新材,2022-06-08,光伏辅材
857354.SI,630504,光伏辅材,630500,光伏设备,630000,电力设备,001269.SZ,001269.SZ,欧晶科技,2022-09-30,光伏辅材
857354.SI,630504,光伏辅材,630500,光伏设备,630000,电力设备,688503.SH,688503.SH,聚和材料,2023-07-06,光伏辅材
857354.SI,630504,光伏辅材,630500,光伏设备,630000,电力设备,603381.SH,603381.SH,永臻股份,2024-06-26,光伏辅材
857354.SI,630504,光伏辅材,630500,光伏设备,630000,电力设备,000159.SZ,000159.SZ,国际实业,2024-07-31,光伏辅材
857354.SI,630504,光伏辅材,630500,光伏设备,630000,电力设备,002079.SZ,002079.SZ,苏州固锝,2026-07-02,光伏辅材
857354.SI,630504,光伏辅材,630500,光伏设备,630000,电力设备,301697.SZ,301697.SZ,贝特利,2026-09-01,光伏辅材
857354.SI,630504,光伏辅材,630500,光伏设备,630000,电力设备,002623.SZ,002623.SZ,亚玛顿,2021-12-13,光伏辅材
857355.SI,630505,光伏加工设备,630500,光伏设备,630000,电力设备,300724.SZ,300724.SZ,捷佳伟创,2021-12-13,光伏加工设备
857355.SI,630505,光伏加工设备,630500,光伏设备,630000,电力设备,300751.SZ,300751.SZ,迈为股份,2021-12-13,光伏加工设备
857355.SI,630505,光伏加工设备,630500,光伏设备,630000,电力设备,300776.SZ,300776.SZ,帝尔激光,2021-12-13,光伏加工设备
857355.SI,630505,光伏加工设备,630500,光伏设备,630000,电力设备,603396.SH,603396.SH,金辰股份,2021-12-13,光伏加工设备
857355.SI,630505,光伏加工设备,630500,光伏设备,630000,电力设备,688516.SH,688516.SH,奥特维,2021-12-13,光伏加工设备
857355.SI,630505,光伏加工设备,630500,光伏设备,630000,电力设备,688556.SH,688556.SH,高测股份,2021-12-13,光伏加工设备
857355.SI,630505,光伏加工设备,630500,光伏设备,630000,电力设备,000821.SZ,000821.SZ,ST京机,2022-08-01,光伏加工设备
857355.SI,630505,光伏加工设备,630500,光伏设备,630000,电力设备,688147.SH,688147.SH,微导纳米,2022-12-23,光伏加工设备
857355.SI,630505,光伏加工设备,630500,光伏设备,630000,电力设备,688726.SH,688726.SH,拉普拉斯,2024-10-29,光伏加工设备
857355.SI,630505,光伏加工设备,630500,光伏设备,630000,电力设备,300316.SZ,300316.SZ,晶盛机电,2021-12-13,光伏加工设备
857361.SI,630601,风电整机,630600,风电设备,630000,电力设备,300772.SZ,300772.SZ,运达股份,2021-12-13,风电整机
857361.SI,630601,风电整机,630600,风电设备,630000,电力设备,601615.SH,601615.SH,明阳智能,2021-12-13,风电整机
857361.SI,630601,风电整机,630600,风电设备,630000,电力设备,688660.SH,688660.SH,电气风电,2021-12-13,风电整机
857361.SI,630601,风电整机,630600,风电设备,630000,电力设备,688349.SH,688349.SH,三一重能,2022-06-22,风电整机
857361.SI,630601,风电整机,630600,风电设备,630000,电力设备,002202.SZ,002202.SZ,金风科技,2021-12-13,风电整机
857362.SI,630602,风电零部件,630600,风电设备,630000,电力设备,002531.SZ,002531.SZ,天顺风能,2021-12-13,风电零部件
857362.SI,630602,风电零部件,630600,风电设备,630000,电力设备,300129.SZ,300129.SZ,泰胜风能,2021-12-13,风电零部件
857362.SI,630602,风电零部件,630600,风电设备,630000,电力设备,300185.SZ,300185.SZ,通裕重工,2021-12-13,风电零部件
857362.SI,630602,风电零部件,630600,风电设备,630000,电力设备,300443.SZ,300443.SZ,金雷股份,2021-12-13,风电零部件
857362.SI,630602,风电零部件,630600,风电设备,630000,电力设备,300569.SZ,300569.SZ,天能重工,2021-12-13,风电零部件
857362.SI,630602,风电零部件,630600,风电设备,630000,电力设备,300690.SZ,300690.SZ,双一科技,2021-12-13,风电零部件
857362.SI,630602,风电零部件,630600,风电设备,630000,电力设备,300850.SZ,300850.SZ,新强联,2021-12-13,风电零部件
857362.SI,630602,风电零部件,630600,风电设备,630000,电力设备,301040.SZ,301040.SZ,中环海陆,2021-12-13,风电零部件
857362.SI,630602,风电零部件,630600,风电设备,630000,电力设备,301155.SZ,301155.SZ,海力风电,2021-12-13,风电零部件
857362.SI,630602,风电零部件,630600,风电设备,630000,电力设备,601218.SH,601218.SH,吉鑫科技,2021-12-13,风电零部件
857362.SI,630602,风电零部件,630600,风电设备,630000,电力设备,603063.SH,603063.SH,禾望电气,2021-12-13,风电零部件
857362.SI,630602,风电零部件,630600,风电设备,630000,电力设备,603218.SH,603218.SH,日月股份,2021-12-13,风电零部件
857362.SI,630602,风电零部件,630600,风电设备,630000,电力设备,603507.SH,603507.SH,振江股份,2021-12-13,风电零部件
857362.SI,630602,风电零部件,630600,风电设备,630000,电力设备,301163.SZ,301163.SZ,宏德股份,2022-08-01,风电零部件
857362.SI,630602,风电零部件,630600,风电设备,630000,电力设备,603985.SH,603985.SH,恒润股份,2022-08-01,风电零部件
857362.SI,630602,风电零部件,630600,风电设备,630000,电力设备,301232.SZ,301232.SZ,飞沃科技,2023-06-15,风电零部件
857362.SI,630602,风电零部件,630600,风电设备,630000,电力设备,301456.SZ,301456.SZ,盘古智能,2023-07-14,风电零部件
857362.SI,630602,风电零部件,630600,风电设备,630000,电力设备,300904.SZ,300904.SZ,威力传动,2023-08-09,风电零部件
857362.SI,630602,风电零部件,630600,风电设备,630000,电力设备,600072.SH,600072.SH,中船科技,2024-07-31,风电零部件
857362.SI,630602,风电零部件,630600,风电设备,630000,电力设备,301557.SZ,301557.SZ,常友科技,2025-03-04,风电零部件
857362.SI,630602,风电零部件,630600,风电设备,630000,电力设备,688186.SH,688186.SH,广大特材,2025-05-13,风电零部件
857362.SI,630602,风电零部件,630600,风电设备,630000,电力设备,603092.SH,603092.SH,德力佳,2025-11-07,风电零部件
857362.SI,630602,风电零部件,630600,风电设备,630000,电力设备,603248.SH,603248.SH,锡华科技,2025-12-23,风电零部件
857362.SI,630602,风电零部件,630600,风电设备,630000,电力设备,000809.SZ,000809.SZ,和展能源,2026-07-02,风电零部件
857362.SI,630602,风电零部件,630600,风电设备,630000,电力设备,301699.SZ,301699.SZ,洛轴股份,2026-09-09,风电零部件
857362.SI,630602,风电零部件,630600,风电设备,630000,电力设备,002487.SZ,002487.SZ,大金重工,2021-12-13,风电零部件
857371.SI,630701,锂电池,630700,电池,630000,电力设备,002074.SZ,002074.SZ,国轩高科,2021-12-13,锂电池
857371.SI,630701,锂电池,630700,电池,630000,电力设备,002245.SZ,002245.SZ,蔚蓝锂芯,2021-12-13,锂电池
857371.SI,630701,锂电池,630700,电池,630000,电力设备,002850.SZ,002850.SZ,科达利,2021-12-13,锂电池
857371.SI,630701,锂电池,630700,电池,630000,电力设备,300014.SZ,300014.SZ,亿纬锂能,2021-12-13,锂电池
857371.SI,630701,锂电池,630700,电池,630000,电力设备,300207.SZ,300207.SZ,欣旺达,2021-12-13,锂电池
857371.SI,630701,锂电池,630700,电池,630000,电力设备,300438.SZ,300438.SZ,鹏辉能源,2021-12-13,锂电池
857371.SI,630701,锂电池,630700,电池,630000,电力设备,300750.SZ,300750.SZ,宁德时代,2021-12-13,锂电池
857371.SI,630701,锂电池,630700,电池,630000,电力设备,600152.SH,600152.SH,维科技术,2021-12-13,锂电池
857371.SI,630701,锂电池,630700,电池,630000,电力设备,600478.SH,600478.SH,科力远,2021-12-13,锂电池
857371.SI,630701,锂电池,630700,电池,630000,电力设备,688063.SH,688063.SH,派能科技,2021-12-13,锂电池
857371.SI,630701,锂电池,630700,电池,630000,电力设备,688345.SH,688345.SH,博力威,2021-12-13,锂电池
857371.SI,630701,锂电池,630700,电池,630000,电力设备,688567.SH,688567.SH,孚能科技,2021-12-13,锂电池
857371.SI,630701,锂电池,630700,电池,630000,电力设备,688772.SH,688772.SH,珠海冠宇,2021-12-13,锂电池
857371.SI,630701,锂电池,630700,电池,630000,电力设备,300953.SZ,300953.SZ,震裕科技,2022-08-01,锂电池
857371.SI,630701,锂电池,630700,电池,630000,电力设备,301150.SZ,301150.SZ,中一科技,2022-08-01,锂电池
857371.SI,630701,锂电池,630700,电池,630000,电力设备,600110.SH,600110.SH,诺德股份,2022-08-01,锂电池
857371.SI,630701,锂电池,630700,电池,630000,电力设备,600241.SH,600241.SH,时代万恒,2022-08-01,锂电池
857371.SI,630701,锂电池,630700,电池,630000,电力设备,688388.SH,688388.SH,嘉元科技,2022-08-01,锂电池
857371.SI,630701,锂电池,630700,电池,630000,电力设备,301121.SZ,301121.SZ,紫建电子,2022-08-08,锂电池
857371.SI,630701,锂电池,630700,电池,630000,电力设备,001283.SZ,001283.SZ,豪鹏科技,2022-09-05,锂电池
857371.SI,630701,锂电池,630700,电池,630000,电力设备,301327.SZ,301327.SZ,华宝新能,2022-09-19,锂电池
857371.SI,630701,锂电池,630700,电池,630000,电力设备,301210.SZ,301210.SZ,金杨精密,2023-06-30,锂电池
857371.SI,630701,锂电池,630700,电池,630000,电力设备,301217.SZ,301217.SZ,铜冠铜箔,2023-07-06,锂电池
857371.SI,630701,锂电池,630700,电池,630000,电力设备,301511.SZ,301511.SZ,德福科技,2023-08-17,锂电池
857371.SI,630701,锂电池,630700,电池,630000,电力设备,301587.SZ,301587.SZ,中瑞股份,2024-04-08,锂电池
857371.SI,630701,锂电池,630700,电池,630000,电力设备,300530.SZ,300530.SZ,领湃科技,2026-07-02,锂电池
857371.SI,630701,锂电池,630700,电池,630000,电力设备,000049.SZ,000049.SZ,德赛电池,2021-12-13,锂电池
857372.SI,630702,电池化学品,630700,电池,630000,电力设备,002340.SZ,002340.SZ,格林美,2021-12-13,电池化学品
857372.SI,630702,电池化学品,630700,电池,630000,电力设备,002709.SZ,002709.SZ,天赐材料,2021-12-13,电池化学品
857372.SI,630702,电池化学品,630700,电池,630000,电力设备,002759.SZ,002759.SZ,ST天际,2021-12-13,电池化学品
857372.SI,630702,电池化学品,630700,电池,630000,电力设备,002812.SZ,002812.SZ,恩捷股份,2021-12-13,电池化学品
857372.SI,630702,电池化学品,630700,电池,630000,电力设备,300035.SZ,300035.SZ,中科电气,2021-12-13,电池化学品
857372.SI,630702,电池化学品,630700,电池,630000,电力设备,300037.SZ,300037.SZ,新宙邦,2021-12-13,电池化学品
857372.SI,630702,电池化学品,630700,电池,630000,电力设备,300073.SZ,300073.SZ,当升科技,2021-12-13,电池化学品
857372.SI,630702,电池化学品,630700,电池,630000,电力设备,300340.SZ,300340.SZ,科恒股份,2021-12-13,电池化学品
857372.SI,630702,电池化学品,630700,电池,630000,电力设备,300409.SZ,300409.SZ,道氏技术,2021-12-13,电池化学品
857372.SI,630702,电池化学品,630700,电池,630000,电力设备,300568.SZ,300568.SZ,星源材质,2021-12-13,电池化学品
857372.SI,630702,电池化学品,630700,电池,630000,电力设备,300769.SZ,300769.SZ,德方纳米,2021-12-13,电池化学品
857372.SI,630702,电池化学品,630700,电池,630000,电力设备,300890.SZ,300890.SZ,翔丰华,2021-12-13,电池化学品
857372.SI,630702,电池化学品,630700,电池,630000,电力设备,300919.SZ,300919.SZ,中伟新材,2021-12-13,电池化学品
857372.SI,630702,电池化学品,630700,电池,630000,电力设备,600884.SH,600884.SH,杉杉股份,2021-12-13,电池化学品
857372.SI,630702,电池化学品,630700,电池,630000,电力设备,603026.SH,603026.SH,石大胜华,2021-12-13,电池化学品
857372.SI,630702,电池化学品,630700,电池,630000,电力设备,603659.SH,603659.SH,璞泰来,2021-12-13,电池化学品
857372.SI,630702,电池化学品,630700,电池,630000,电力设备,688005.SH,688005.SH,容百科技,2021-12-13,电池化学品
857372.SI,630702,电池化学品,630700,电池,630000,电力设备,688116.SH,688116.SH,天奈科技,2021-12-13,电池化学品
857372.SI,630702,电池化学品,630700,电池,630000,电力设备,688148.SH,688148.SH,芳源股份,2021-12-13,电池化学品
857372.SI,630702,电池化学品,630700,电池,630000,电力设备,688707.SH,688707.SH,振华新材,2021-12-13,电池化学品
857372.SI,630702,电池化学品,630700,电池,630000,电力设备,688733.SH,688733.SH,壹石通,2021-12-13,电池化学品
857372.SI,630702,电池化学品,630700,电池,630000,电力设备,688778.SH,688778.SH,厦钨新能,2021-12-13,电池化学品
857372.SI,630702,电池化学品,630700,电池,630000,电力设备,688779.SH,688779.SH,五矿新能,2021-12-13,电池化学品
857372.SI,630702,电池化学品,630700,电池,630000,电力设备,301238.SZ,301238.SZ,瑞泰新材,2022-06-17,电池化学品
857372.SI,630702,电池化学品,630700,电池,630000,电力设备,688353.SH,688353.SH,华盛锂电,2022-07-13,电池化学品
857372.SI,630702,电池化学品,630700,电池,630000,电力设备,002125.SZ,002125.SZ,湘潭电化,2022-08-01,电池化学品
857372.SI,630702,电池化学品,630700,电池,630000,电力设备,002805.SZ,002805.SZ,丰元股份,2022-08-01,电池化学品
857372.SI,630702,电池化学品,630700,电池,630000,电力设备,301152.SZ,301152.SZ,天力锂能,2022-08-29,电池化学品
857372.SI,630702,电池化学品,630700,电池,630000,电力设备,301349.SZ,301349.SZ,信德新材,2022-09-09,电池化学品
857372.SI,630702,电池化学品,630700,电池,630000,电力设备,688275.SH,688275.SH,万润新能,2022-09-29,电池化学品
857372.SI,630702,电池化学品,630700,电池,630000,电力设备,001301.SZ,001301.SZ,尚太科技,2022-12-28,电池化学品
857372.SI,630702,电池化学品,630700,电池,630000,电力设备,301358.SZ,301358.SZ,湖南裕能,2023-02-09,电池化学品
857372.SI,630702,电池化学品,630700,电池,630000,电力设备,300432.SZ,300432.SZ,富临精工,2023-07-06,电池化学品
857372.SI,630702,电池化学品,630700,电池,630000,电力设备,300477.SZ,300477.SZ,ST合纵,2023-07-06,电池化学品
857372.SI,630702,电池化学品,630700,电池,630000,电力设备,688184.SH,688184.SH,ST帕瓦,2023-07-06,电池化学品
857372.SI,630702,电池化学品,630700,电池,630000,电力设备,301292.SZ,301292.SZ,海科新源,2023-07-07,电池化学品
857372.SI,630702,电池化学品,630700,电池,630000,电力设备,301487.SZ,301487.SZ,盟固利,2023-08-09,电池化学品
857372.SI,630702,电池化学品,630700,电池,630000,电力设备,300390.SZ,300390.SZ,天华新能,2023-09-19,电池化学品
857372.SI,630702,电池化学品,630700,电池,630000,电力设备,603906.SH,603906.SH,龙蟠科技,2023-09-19,电池化学品
857372.SI,630702,电池化学品,630700,电池,630000,电力设备,000695.SZ,000695.SZ,滨海能源,2024-07-31,电池化学品
857372.SI,630702,电池化学品,630700,电池,630000,电力设备,002058.SZ,002058.SZ,紫竹高科,2026-07-02,电池化学品
857372.SI,630702,电池化学品,630700,电池,630000,电力设备,000009.SZ,000009.SZ,中国宝安,2021-12-13,电池化学品
857373.SI,630703,锂电专用设备,630700,电池,630000,电力设备,300457.SZ,300457.SZ,赢合科技,2021-12-13,锂电专用设备
857373.SI,630703,锂电专用设备,630700,电池,630000,电力设备,300619.SZ,300619.SZ,金银河,2021-12-13,锂电专用设备
857373.SI,630703,锂电专用设备,630700,电池,630000,电力设备,300648.SZ,300648.SZ,星云股份,2021-12-13,锂电专用设备
857373.SI,630703,锂电专用设备,630700,电池,630000,电力设备,688006.SH,688006.SH,杭可科技,2021-12-13,锂电专用设备
857373.SI,630703,锂电专用设备,630700,电池,630000,电力设备,688155.SH,688155.SH,先惠技术,2021-12-13,锂电专用设备
857373.SI,630703,锂电专用设备,630700,电池,630000,电力设备,688499.SH,688499.SH,利元亨,2021-12-13,锂电专用设备
857373.SI,630703,锂电专用设备,630700,电池,630000,电力设备,300173.SZ,300173.SZ,ST福能,2022-08-01,锂电专用设备
857373.SI,630703,锂电专用设备,630700,电池,630000,电力设备,300410.SZ,300410.SZ,正业科技,2022-08-01,锂电专用设备
857373.SI,630703,锂电专用设备,630700,电池,630000,电力设备,688392.SH,688392.SH,骄成超声,2022-09-27,锂电专用设备
857373.SI,630703,锂电专用设备,630700,电池,630000,电力设备,301325.SZ,301325.SZ,曼恩斯特,2023-05-12,锂电专用设备
857373.SI,630703,锂电专用设备,630700,电池,630000,电力设备,300490.SZ,300490.SZ,华自科技,2023-07-06,锂电专用设备
857373.SI,630703,锂电专用设备,630700,电池,630000,电力设备,688638.SH,688638.SH,誉辰智能,2023-07-12,锂电专用设备
857373.SI,630703,锂电专用设备,630700,电池,630000,电力设备,688573.SH,688573.SH,信宇人,2023-08-17,锂电专用设备
857373.SI,630703,锂电专用设备,630700,电池,630000,电力设备,603032.SH,603032.SH,德新科技,2023-09-21,锂电专用设备
857373.SI,630703,锂电专用设备,630700,电池,630000,电力设备,301662.SZ,301662.SZ,宏工科技,2025-04-17,锂电专用设备
857373.SI,630703,锂电专用设备,630700,电池,630000,电力设备,301513.SZ,301513.SZ,尚水智能,2026-04-17,锂电专用设备
857373.SI,630703,锂电专用设备,630700,电池,630000,电力设备,301599.SZ,301599.SZ,理奇智能,2026-04-30,锂电专用设备
857373.SI,630703,锂电专用设备,630700,电池,630000,电力设备,300450.SZ,300450.SZ,先导智能,2021-12-13,锂电专用设备
857374.SI,630704,燃料电池,630700,电池,630000,电力设备,688339.SH,688339.SH,亿华通-U,2021-12-13,燃料电池
857375.SI,630705,蓄电池及其他电池,630700,电池,630000,电力设备,002733.SZ,002733.SZ,雄韬股份,2021-12-13,蓄电池及其他电池
857375.SI,630705,蓄电池及其他电池,630700,电池,630000,电力设备,300068.SZ,300068.SZ,ST南都,2021-12-13,蓄电池及其他电池
857375.SI,630705,蓄电池及其他电池,630700,电池,630000,电力设备,600847.SH,600847.SH,万里股份,2021-12-13,蓄电池及其他电池
857375.SI,630705,蓄电池及其他电池,630700,电池,630000,电力设备,601311.SH,601311.SH,骆驼股份,2021-12-13,蓄电池及其他电池
857375.SI,630705,蓄电池及其他电池,630700,电池,630000,电力设备,605378.SH,605378.SH,野马电池,2021-12-13,蓄电池及其他电池
857375.SI,630705,蓄电池及其他电池,630700,电池,630000,电力设备,688819.SH,688819.SH,天能股份,2021-12-13,蓄电池及其他电池
857375.SI,630705,蓄电池及其他电池,630700,电池,630000,电力设备,301222.SZ,301222.SZ,浙江恒威,2022-03-09,蓄电池及其他电池
857375.SI,630705,蓄电池及其他电池,630700,电池,630000,电力设备,603031.SH,603031.SH,安孚科技,2023-07-06,蓄电池及其他电池
857375.SI,630705,蓄电池及其他电池,630700,电池,630000,电力设备,002580.SZ,002580.SZ,圣阳股份,2021-12-13,蓄电池及其他电池
857381.SI,630801,输变电设备,630800,电网设备,630000,电力设备,002028.SZ,002028.SZ,思源电气,2021-12-13,输变电设备
857381.SI,630801,输变电设备,630800,电网设备,630000,电力设备,002112.SZ,002112.SZ,三变科技,2021-12-13,输变电设备
857381.SI,630801,输变电设备,630800,电网设备,630000,电力设备,002270.SZ,002270.SZ,华明装备,2021-12-13,输变电设备
857381.SI,630801,输变电设备,630800,电网设备,630000,电力设备,002358.SZ,002358.SZ,森源电气,2021-12-13,输变电设备
857381.SI,630801,输变电设备,630800,电网设备,630000,电力设备,002452.SZ,002452.SZ,长高电气,2021-12-13,输变电设备
857381.SI,630801,输变电设备,630800,电网设备,630000,电力设备,300001.SZ,300001.SZ,特锐德,2021-12-13,输变电设备
857381.SI,630801,输变电设备,630800,电网设备,630000,电力设备,300062.SZ,300062.SZ,中能电气,2021-12-13,输变电设备
857381.SI,630801,输变电设备,630800,电网设备,630000,电力设备,300423.SZ,300423.SZ,昇辉科技,2021-12-13,输变电设备
857381.SI,630801,输变电设备,630800,电网设备,630000,电力设备,300444.SZ,300444.SZ,双杰电气,2021-12-13,输变电设备
857381.SI,630801,输变电设备,630800,电网设备,630000,电力设备,301002.SZ,301002.SZ,崧盛股份,2021-12-13,输变电设备
857381.SI,630801,输变电设备,630800,电网设备,630000,电力设备,301012.SZ,301012.SZ,扬电科技,2021-12-13,输变电设备
857381.SI,630801,输变电设备,630800,电网设备,630000,电力设备,600089.SH,600089.SH,特变电工,2021-12-13,输变电设备
857381.SI,630801,输变电设备,630800,电网设备,630000,电力设备,600192.SH,600192.SH,长城电工,2021-12-13,输变电设备
857381.SI,630801,输变电设备,630800,电网设备,630000,电力设备,600312.SH,600312.SH,平高电气,2021-12-13,输变电设备
857381.SI,630801,输变电设备,630800,电网设备,630000,电力设备,600379.SH,600379.SH,宝光股份,2021-12-13,输变电设备
857381.SI,630801,输变电设备,630800,电网设备,630000,电力设备,600525.SH,600525.SH,长园集团,2021-12-13,输变电设备
857381.SI,630801,输变电设备,630800,电网设备,630000,电力设备,600550.SH,600550.SH,保变电气,2021-12-13,输变电设备
857381.SI,630801,输变电设备,630800,电网设备,630000,电力设备,601179.SH,601179.SH,中国西电,2021-12-13,输变电设备
857381.SI,630801,输变电设备,630800,电网设备,630000,电力设备,688676.SH,688676.SH,金盘科技,2021-12-13,输变电设备
857381.SI,630801,输变电设备,630800,电网设备,630000,电力设备,301120.SZ,301120.SZ,新特电气,2022-04-19,输变电设备
857381.SI,630801,输变电设备,630800,电网设备,630000,电力设备,603191.SH,603191.SH,望变电气,2022-04-28,输变电设备
857381.SI,630801,输变电设备,630800,电网设备,630000,电力设备,603097.SH,603097.SH,江苏华辰,2022-05-12,输变电设备
857381.SI,630801,输变电设备,630800,电网设备,630000,电力设备,301295.SZ,301295.SZ,美硕科技,2023-06-28,输变电设备
857381.SI,630801,输变电设备,630800,电网设备,630000,电力设备,603312.SH,603312.SH,西典新能,2024-01-11,输变电设备
857381.SI,630801,输变电设备,630800,电网设备,630000,电力设备,300617.SZ,300617.SZ,安靠智电,2024-07-31,输变电设备
857381.SI,630801,输变电设备,630800,电网设备,630000,电力设备,001393.SZ,001393.SZ,维通利,2026-05-15,输变电设备
857381.SI,630801,输变电设备,630800,电网设备,630000,电力设备,000533.SZ,000533.SZ,顺钠股份,2021-12-13,输变电设备
857382.SI,630802,配电设备,630800,电网设备,630000,电力设备,002441.SZ,002441.SZ,众业达,2021-12-13,配电设备
857382.SI,630802,配电设备,630800,电网设备,630000,电力设备,002706.SZ,002706.SZ,良信股份,2021-12-13,配电设备
857382.SI,630802,配电设备,630800,电网设备,630000,电力设备,002927.SZ,002927.SZ,泰永长征,2021-12-13,配电设备
857382.SI,630802,配电设备,630800,电网设备,630000,电力设备,300141.SZ,300141.SZ,和顺电气,2021-12-13,配电设备
857382.SI,630802,配电设备,630800,电网设备,630000,电力设备,300283.SZ,300283.SZ,温州宏丰,2021-12-13,配电设备
857382.SI,630802,配电设备,630800,电网设备,630000,电力设备,300670.SZ,300670.SZ,大烨智能,2021-12-13,配电设备
857382.SI,630802,配电设备,630800,电网设备,630000,电力设备,300932.SZ,300932.SZ,三友联众,2021-12-13,配电设备
857382.SI,630802,配电设备,630800,电网设备,630000,电力设备,600468.SH,600468.SH,百利电气,2021-12-13,配电设备
857382.SI,630802,配电设备,630800,电网设备,630000,电力设备,601616.SH,601616.SH,广电电气,2021-12-13,配电设备
857382.SI,630802,配电设备,630800,电网设备,630000,电力设备,601877.SH,601877.SH,正泰电器,2021-12-13,配电设备
857382.SI,630802,配电设备,630800,电网设备,630000,电力设备,603016.SH,603016.SH,新宏泰,2021-12-13,配电设备
857382.SI,630802,配电设备,630800,电网设备,630000,电力设备,603829.SH,603829.SH,洛凯股份,2021-12-13,配电设备
857382.SI,630802,配电设备,630800,电网设备,630000,电力设备,603861.SH,603861.SH,白云电器,2021-12-13,配电设备
857382.SI,630802,配电设备,630800,电网设备,630000,电力设备,605066.SH,605066.SH,天正电气,2021-12-13,配电设备
857382.SI,630802,配电设备,630800,电网设备,630000,电力设备,688517.SH,688517.SH,金冠电气,2021-12-13,配电设备
857382.SI,630802,配电设备,630800,电网设备,630000,电力设备,603070.SH,603070.SH,万控智造,2022-03-10,配电设备
857382.SI,630802,配电设备,630800,电网设备,630000,电力设备,002346.SZ,002346.SZ,柘中股份,2022-08-01,配电设备
857382.SI,630802,配电设备,630800,电网设备,630000,电力设备,601567.SH,601567.SH,三星电气,2022-08-01,配电设备
857382.SI,630802,配电设备,630800,电网设备,630000,电力设备,301388.SZ,301388.SZ,欣灵电气,2022-11-09,配电设备
857382.SI,630802,配电设备,630800,电网设备,630000,电力设备,301361.SZ,301361.SZ,众智科技,2022-11-16,配电设备
857382.SI,630802,配电设备,630800,电网设备,630000,电力设备,301386.SZ,301386.SZ,未来电器,2023-03-28,配电设备
857382.SI,630802,配电设备,630800,电网设备,630000,电力设备,301291.SZ,301291.SZ,明阳电气,2023-06-30,配电设备
857382.SI,630802,配电设备,630800,电网设备,630000,电力设备,002168.SZ,002168.SZ,ST惠程,2023-07-06,配电设备
857382.SI,630802,配电设备,630800,电网设备,630000,电力设备,301668.SZ,301668.SZ,昊创瑞通,2025-09-26,配电设备
857382.SI,630802,配电设备,630800,电网设备,630000,电力设备,002350.SZ,002350.SZ,北京科锐,2021-12-13,配电设备
857321.SI,630803,电网自动化设备,630800,电网设备,630000,电力设备,000682.SZ,000682.SZ,东方电子,2021-12-13,电网自动化设备
857321.SI,630803,电网自动化设备,630800,电网设备,630000,电力设备,002090.SZ,002090.SZ,金智科技,2021-12-13,电网自动化设备
857321.SI,630803,电网自动化设备,630800,电网设备,630000,电力设备,002169.SZ,002169.SZ,智光电气,2021-12-13,电网自动化设备
857321.SI,630803,电网自动化设备,630800,电网设备,630000,电力设备,002339.SZ,002339.SZ,积成电子,2021-12-13,电网自动化设备
857321.SI,630803,电网自动化设备,630800,电网设备,630000,电力设备,300018.SZ,300018.SZ,中元股份,2021-12-13,电网自动化设备
857321.SI,630803,电网自动化设备,630800,电网设备,630000,电力设备,300222.SZ,300222.SZ,科大智能,2021-12-13,电网自动化设备
857321.SI,630803,电网自动化设备,630800,电网设备,630000,电力设备,300407.SZ,300407.SZ,凯发电气,2021-12-13,电网自动化设备
857321.SI,630803,电网自动化设备,630800,电网设备,630000,电力设备,300427.SZ,300427.SZ,红相股份,2021-12-13,电网自动化设备
857321.SI,630803,电网自动化设备,630800,电网设备,630000,电力设备,300510.SZ,300510.SZ,金冠股份,2021-12-13,电网自动化设备
857321.SI,630803,电网自动化设备,630800,电网设备,630000,电力设备,301179.SZ,301179.SZ,泽宇智能,2021-12-13,电网自动化设备
857321.SI,630803,电网自动化设备,630800,电网设备,630000,电力设备,600268.SH,600268.SH,国电南自,2021-12-13,电网自动化设备
857321.SI,630803,电网自动化设备,630800,电网设备,630000,电力设备,600406.SH,600406.SH,国电南瑞,2021-12-13,电网自动化设备
857321.SI,630803,电网自动化设备,630800,电网设备,630000,电力设备,600885.SH,600885.SH,宏发股份,2021-12-13,电网自动化设备
857321.SI,630803,电网自动化设备,630800,电网设备,630000,电力设备,601126.SH,601126.SH,四方股份,2021-12-13,电网自动化设备
857321.SI,630803,电网自动化设备,630800,电网设备,630000,电力设备,603050.SH,603050.SH,科林电气,2021-12-13,电网自动化设备
857321.SI,630803,电网自动化设备,630800,电网设备,630000,电力设备,688191.SH,688191.SH,智洋创新,2021-12-13,电网自动化设备
857321.SI,630803,电网自动化设备,630800,电网设备,630000,电力设备,688248.SH,688248.SH,南网科技,2021-12-13,电网自动化设备
857321.SI,630803,电网自动化设备,630800,电网设备,630000,电力设备,688330.SH,688330.SH,宏力达,2021-12-13,电网自动化设备
857321.SI,630803,电网自动化设备,630800,电网设备,630000,电力设备,688611.SH,688611.SH,杭州柯林,2021-12-13,电网自动化设备
857321.SI,630803,电网自动化设备,630800,电网设备,630000,电力设备,688681.SH,688681.SH,科汇股份,2021-12-13,电网自动化设备
857321.SI,630803,电网自动化设备,630800,电网设备,630000,电力设备,300853.SZ,300853.SZ,申昊科技,2022-08-01,电网自动化设备
857321.SI,630803,电网自动化设备,630800,电网设备,630000,电力设备,688663.SH,688663.SH,新风光,2022-08-01,电网自动化设备
857321.SI,630803,电网自动化设备,630800,电网设备,630000,电力设备,001388.SZ,001388.SZ,信通电子,2025-07-01,电网自动化设备
857321.SI,630803,电网自动化设备,630800,电网设备,630000,电力设备,301609.SZ,301609.SZ,山大电力,2025-07-23,电网自动化设备
857321.SI,630803,电网自动化设备,630800,电网设备,630000,电力设备,688450.SH,688450.SH,光格科技,2026-07-02,电网自动化设备
857321.SI,630803,电网自动化设备,630800,电网设备,630000,电力设备,000400.SZ,000400.SZ,许继电气,2021-12-13,电网自动化设备
857323.SI,630804,电工仪器仪表,630800,电网设备,630000,电力设备,002546.SZ,002546.SZ,新联电子,2021-12-13,电工仪器仪表
857323.SI,630804,电工仪器仪表,630800,电网设备,630000,电力设备,002857.SZ,002857.SZ,三晖电气,2021-12-13,电工仪器仪表
857323.SI,630804,电工仪器仪表,630800,电网设备,630000,电力设备,002980.SZ,002980.SZ,华盛昌,2021-12-13,电工仪器仪表
857323.SI,630804,电工仪器仪表,630800,电网设备,630000,电力设备,300286.SZ,300286.SZ,安科瑞,2021-12-13,电工仪器仪表
857323.SI,630804,电工仪器仪表,630800,电网设备,630000,电力设备,300360.SZ,300360.SZ,炬华科技,2021-12-13,电工仪器仪表
857323.SI,630804,电工仪器仪表,630800,电网设备,630000,电力设备,300514.SZ,300514.SZ,友讯达,2021-12-13,电工仪器仪表
857323.SI,630804,电工仪器仪表,630800,电网设备,630000,电力设备,300880.SZ,300880.SZ,迦南智能,2021-12-13,电工仪器仪表
857323.SI,630804,电工仪器仪表,630800,电网设备,630000,电力设备,300882.SZ,300882.SZ,万胜智能,2021-12-13,电工仪器仪表
857323.SI,630804,电工仪器仪表,630800,电网设备,630000,电力设备,603556.SH,603556.SH,海兴电力,2021-12-13,电工仪器仪表
857323.SI,630804,电工仪器仪表,630800,电网设备,630000,电力设备,688597.SH,688597.SH,煜邦电力,2021-12-13,电工仪器仪表
857323.SI,630804,电工仪器仪表,630800,电网设备,630000,电力设备,688616.SH,688616.SH,西力科技,2021-12-13,电工仪器仪表
857323.SI,630804,电工仪器仪表,630800,电网设备,630000,电力设备,601222.SH,601222.SH,林洋能源,2026-07-02,电工仪器仪表
857323.SI,630804,电工仪器仪表,630800,电网设备,630000,电力设备,002121.SZ,002121.SZ,科陆电子,2021-12-13,电工仪器仪表
857344.SI,630805,线缆部件及其他,630800,电网设备,630000,电力设备,002276.SZ,002276.SZ,万马股份,2021-12-13,线缆部件及其他
857344.SI,630805,线缆部件及其他,630800,电网设备,630000,电力设备,002300.SZ,002300.SZ,太阳电缆,2021-12-13,线缆部件及其他
857344.SI,630805,线缆部件及其他,630800,电网设备,630000,电力设备,002451.SZ,002451.SZ,摩恩电气,2021-12-13,线缆部件及其他
857344.SI,630805,线缆部件及其他,630800,电网设备,630000,电力设备,002471.SZ,002471.SZ,中超控股,2021-12-13,线缆部件及其他
857344.SI,630805,线缆部件及其他,630800,电网设备,630000,电力设备,002498.SZ,002498.SZ,汉缆股份,2021-12-13,线缆部件及其他
857344.SI,630805,线缆部件及其他,630800,电网设备,630000,电力设备,002533.SZ,002533.SZ,金杯电工,2021-12-13,线缆部件及其他
857344.SI,630805,线缆部件及其他,630800,电网设备,630000,电力设备,002560.SZ,002560.SZ,通达股份,2021-12-13,线缆部件及其他
857344.SI,630805,线缆部件及其他,630800,电网设备,630000,电力设备,002606.SZ,002606.SZ,大连电瓷,2021-12-13,线缆部件及其他
857344.SI,630805,线缆部件及其他,630800,电网设备,630000,电力设备,002692.SZ,002692.SZ,远程股份,2021-12-13,线缆部件及其他
857344.SI,630805,线缆部件及其他,630800,电网设备,630000,电力设备,002879.SZ,002879.SZ,长缆科技,2021-12-13,线缆部件及其他
857344.SI,630805,线缆部件及其他,630800,电网设备,630000,电力设备,002882.SZ,002882.SZ,金龙羽,2021-12-13,线缆部件及其他
857344.SI,630805,线缆部件及其他,630800,电网设备,630000,电力设备,002953.SZ,002953.SZ,日丰股份,2021-12-13,线缆部件及其他
857344.SI,630805,线缆部件及其他,630800,电网设备,630000,电力设备,300069.SZ,300069.SZ,金利华电,2021-12-13,线缆部件及其他
857344.SI,630805,线缆部件及其他,630800,电网设备,630000,电力设备,300265.SZ,300265.SZ,通光线缆,2021-12-13,线缆部件及其他
857344.SI,630805,线缆部件及其他,630800,电网设备,630000,电力设备,300933.SZ,300933.SZ,中辰股份,2021-12-13,线缆部件及其他
857344.SI,630805,线缆部件及其他,630800,电网设备,630000,电力设备,301082.SZ,301082.SZ,久盛电气,2021-12-13,线缆部件及其他
857344.SI,630805,线缆部件及其他,630800,电网设备,630000,电力设备,600577.SH,600577.SH,精达股份,2021-12-13,线缆部件及其他
857344.SI,630805,线缆部件及其他,630800,电网设备,630000,电力设备,600869.SH,600869.SH,远东股份,2021-12-13,线缆部件及其他
857344.SI,630805,线缆部件及其他,630800,电网设备,630000,电力设备,600973.SH,600973.SH,宝胜股份,2021-12-13,线缆部件及其他
857344.SI,630805,线缆部件及其他,630800,电网设备,630000,电力设备,601700.SH,601700.SH,风范股份,2021-12-13,线缆部件及其他
857344.SI,630805,线缆部件及其他,630800,电网设备,630000,电力设备,603333.SH,603333.SH,福华尚纬,2021-12-13,线缆部件及其他
857344.SI,630805,线缆部件及其他,630800,电网设备,630000,电力设备,603530.SH,603530.SH,神马电力,2021-12-13,线缆部件及其他
857344.SI,630805,线缆部件及其他,630800,电网设备,630000,电力设备,603577.SH,603577.SH,汇金通,2021-12-13,线缆部件及其他
857344.SI,630805,线缆部件及其他,630800,电网设备,630000,电力设备,603606.SH,603606.SH,东方电缆,2021-12-13,线缆部件及其他
857344.SI,630805,线缆部件及其他,630800,电网设备,630000,电力设备,603618.SH,603618.SH,杭电股份,2021-12-13,线缆部件及其他
857344.SI,630805,线缆部件及其他,630800,电网设备,630000,电力设备,603897.SH,603897.SH,长城科技,2021-12-13,线缆部件及其他
857344.SI,630805,线缆部件及其他,630800,电网设备,630000,电力设备,605196.SH,605196.SH,华通线缆,2021-12-13,线缆部件及其他
857344.SI,630805,线缆部件及其他,630800,电网设备,630000,电力设备,605222.SH,605222.SH,起帆电缆,2021-12-13,线缆部件及其他
857344.SI,630805,线缆部件及其他,630800,电网设备,630000,电力设备,688226.SH,688226.SH,威腾电气,2021-12-13,线缆部件及其他
857344.SI,630805,线缆部件及其他,630800,电网设备,630000,电力设备,000720.SZ,000720.SZ,新能泰山,2022-08-01,线缆部件及其他
857344.SI,630805,线缆部件及其他,630800,电网设备,630000,电力设备,002309.SZ,002309.SZ,中利集团,2022-08-01,线缆部件及其他
857344.SI,630805,线缆部件及其他,630800,电网设备,630000,电力设备,301439.SZ,301439.SZ,泓淋电力,2023-03-17,线缆部件及其他
857344.SI,630805,线缆部件及其他,630800,电网设备,630000,电力设备,600067.SH,600067.SH,冠城新材,2024-08-09,线缆部件及其他
857344.SI,630805,线缆部件及其他,630800,电网设备,630000,电力设备,001382.SZ,001382.SZ,新亚电缆,2025-03-21,线缆部件及其他
857344.SI,630805,线缆部件及其他,630800,电网设备,630000,电力设备,001208.SZ,001208.SZ,华菱线缆,2021-12-13,线缆部件及其他
850711.SI,640101,机床工具,640100,通用设备,640000,机械设备,000837.SZ,000837.SZ,秦川机床,2021-12-13,机床工具
850711.SI,640101,机床工具,640100,通用设备,640000,机械设备,002248.SZ,002248.SZ,华东数控,2021-12-13,机床工具
850711.SI,640101,机床工具,640100,通用设备,640000,机械设备,002520.SZ,002520.SZ,日发精机,2021-12-13,机床工具
850711.SI,640101,机床工具,640100,通用设备,640000,机械设备,002559.SZ,002559.SZ,亚威股份,2021-12-13,机床工具
850711.SI,640101,机床工具,640100,通用设备,640000,机械设备,002903.SZ,002903.SZ,宇环数控,2021-12-13,机床工具
850711.SI,640101,机床工具,640100,通用设备,640000,机械设备,002943.SZ,002943.SZ,宇晶股份,2021-12-13,机床工具
850711.SI,640101,机床工具,640100,通用设备,640000,机械设备,003025.SZ,003025.SZ,思进智能,2021-12-13,机床工具
850711.SI,640101,机床工具,640100,通用设备,640000,机械设备,300161.SZ,300161.SZ,华中数控,2021-12-13,机床工具
850711.SI,640101,机床工具,640100,通用设备,640000,机械设备,300809.SZ,300809.SZ,华辰装备,2021-12-13,机床工具
850711.SI,640101,机床工具,640100,通用设备,640000,机械设备,601882.SH,601882.SH,海天精工,2021-12-13,机床工具
850711.SI,640101,机床工具,640100,通用设备,640000,机械设备,603088.SH,603088.SH,宁波精达,2021-12-13,机床工具
850711.SI,640101,机床工具,640100,通用设备,640000,机械设备,688305.SH,688305.SH,科德数控,2021-12-13,机床工具
850711.SI,640101,机床工具,640100,通用设备,640000,机械设备,688558.SH,688558.SH,国盛智科,2021-12-13,机床工具
850711.SI,640101,机床工具,640100,通用设备,640000,机械设备,688577.SH,688577.SH,浙海德曼,2021-12-13,机床工具
850711.SI,640101,机床工具,640100,通用设备,640000,机械设备,688697.SH,688697.SH,纽威数控,2021-12-13,机床工具
850711.SI,640101,机床工具,640100,通用设备,640000,机械设备,002122.SZ,002122.SZ,ST汇洲,2022-08-01,机床工具
850711.SI,640101,机床工具,640100,通用设备,640000,机械设备,301603.SZ,301603.SZ,乔锋智能,2024-07-10,机床工具
850711.SI,640101,机床工具,640100,通用设备,640000,机械设备,000410.SZ,000410.SZ,沈阳机床,2021-12-13,机床工具
850713.SI,640103,磨具磨料,640100,通用设备,640000,机械设备,002760.SZ,002760.SZ,凤形股份,2021-12-13,磨具磨料
850713.SI,640103,磨具磨料,640100,通用设备,640000,机械设备,300179.SZ,300179.SZ,四方达,2021-12-13,磨具磨料
850713.SI,640103,磨具磨料,640100,通用设备,640000,机械设备,300554.SZ,300554.SZ,三超新材,2021-12-13,磨具磨料
850713.SI,640103,磨具磨料,640100,通用设备,640000,机械设备,300606.SZ,300606.SZ,金太阳,2021-12-13,磨具磨料
850713.SI,640103,磨具磨料,640100,通用设备,640000,机械设备,300700.SZ,300700.SZ,岱勒新材,2021-12-13,磨具磨料
850713.SI,640103,磨具磨料,640100,通用设备,640000,机械设备,300818.SZ,300818.SZ,耐普矿机,2021-12-13,磨具磨料
850713.SI,640103,磨具磨料,640100,通用设备,640000,机械设备,300861.SZ,300861.SZ,美畅股份,2021-12-13,磨具磨料
850713.SI,640103,磨具磨料,640100,通用设备,640000,机械设备,600172.SH,600172.SH,黄河旋风,2021-12-13,磨具磨料
850713.SI,640103,磨具磨料,640100,通用设备,640000,机械设备,688028.SH,688028.SH,沃尔德,2021-12-13,磨具磨料
850713.SI,640103,磨具磨料,640100,通用设备,640000,机械设备,002046.SZ,002046.SZ,国机精工,2022-08-01,磨具磨料
850713.SI,640103,磨具磨料,640100,通用设备,640000,机械设备,600783.SH,600783.SH,鲁信创投,2022-08-01,磨具磨料
850713.SI,640103,磨具磨料,640100,通用设备,640000,机械设备,002282.SZ,002282.SZ,博深股份,2021-12-13,磨具磨料
850715.SI,640105,制冷空调设备,640100,通用设备,640000,机械设备,000811.SZ,000811.SZ,冰轮环境,2021-12-13,制冷空调设备
850715.SI,640105,制冷空调设备,640100,通用设备,640000,机械设备,002158.SZ,002158.SZ,汉钟精机,2021-12-13,制冷空调设备
850715.SI,640105,制冷空调设备,640100,通用设备,640000,机械设备,002639.SZ,002639.SZ,雪人集团,2021-12-13,制冷空调设备
850715.SI,640105,制冷空调设备,640100,通用设备,640000,机械设备,002686.SZ,002686.SZ,亿利达,2021-12-13,制冷空调设备
850715.SI,640105,制冷空调设备,640100,通用设备,640000,机械设备,300990.SZ,300990.SZ,同飞股份,2021-12-13,制冷空调设备
850715.SI,640105,制冷空调设备,640100,通用设备,640000,机械设备,301018.SZ,301018.SZ,申菱环境,2021-12-13,制冷空调设备
850715.SI,640105,制冷空调设备,640100,通用设备,640000,机械设备,603187.SH,603187.SH,海容冷链,2021-12-13,制冷空调设备
850715.SI,640105,制冷空调设备,640100,通用设备,640000,机械设备,603277.SH,603277.SH,银都股份,2021-12-13,制冷空调设备
850715.SI,640105,制冷空调设备,640100,通用设备,640000,机械设备,603339.SH,603339.SH,四方科技,2021-12-13,制冷空调设备
850715.SI,640105,制冷空调设备,640100,通用设备,640000,机械设备,603912.SH,603912.SH,佳力图,2021-12-13,制冷空调设备
850715.SI,640105,制冷空调设备,640100,通用设备,640000,机械设备,600202.SH,600202.SH,哈空调,2022-08-01,制冷空调设备
850715.SI,640105,制冷空调设备,640100,通用设备,640000,机械设备,301399.SZ,301399.SZ,英特科技,2023-05-23,制冷空调设备
850715.SI,640105,制冷空调设备,640100,通用设备,640000,机械设备,301272.SZ,301272.SZ,英华特,2023-07-13,制冷空调设备
850715.SI,640105,制冷空调设备,640100,通用设备,640000,机械设备,301525.SZ,301525.SZ,儒竞科技,2023-08-30,制冷空调设备
850715.SI,640105,制冷空调设备,640100,通用设备,640000,机械设备,301043.SZ,301043.SZ,绿岛风,2024-07-31,制冷空调设备
850715.SI,640105,制冷空调设备,640100,通用设备,640000,机械设备,301070.SZ,301070.SZ,开勒股份,2024-07-31,制冷空调设备
850715.SI,640105,制冷空调设备,640100,通用设备,640000,机械设备,001237.SZ,001237.SZ,惠康科技,2026-05-22,制冷空调设备
850715.SI,640105,制冷空调设备,640100,通用设备,640000,机械设备,000530.SZ,000530.SZ,冰山冷热,2021-12-13,制冷空调设备
850716.SI,640106,其他通用设备,640100,通用设备,640000,机械设备,002444.SZ,002444.SZ,巨星科技,2021-12-13,其他通用设备
850716.SI,640106,其他通用设备,640100,通用设备,640000,机械设备,002598.SZ,002598.SZ,ST章鼓,2021-12-13,其他通用设备
850716.SI,640106,其他通用设备,640100,通用设备,640000,机械设备,002884.SZ,002884.SZ,凌霄泵业,2021-12-13,其他通用设备
850716.SI,640106,其他通用设备,640100,通用设备,640000,机械设备,300091.SZ,300091.SZ,*ST金灵,2021-12-13,其他通用设备
850716.SI,640106,其他通用设备,640100,通用设备,640000,机械设备,300126.SZ,300126.SZ,锐奇股份,2021-12-13,其他通用设备
850716.SI,640106,其他通用设备,640100,通用设备,640000,机械设备,300145.SZ,300145.SZ,南方泵业,2021-12-13,其他通用设备
850716.SI,640106,其他通用设备,640100,通用设备,640000,机械设备,300154.SZ,300154.SZ,瑞凌股份,2021-12-13,其他通用设备
850716.SI,640106,其他通用设备,640100,通用设备,640000,机械设备,300193.SZ,300193.SZ,佳士科技,2021-12-13,其他通用设备
850716.SI,640106,其他通用设备,640100,通用设备,640000,机械设备,300257.SZ,300257.SZ,开山股份,2021-12-13,其他通用设备
850716.SI,640106,其他通用设备,640100,通用设备,640000,机械设备,300263.SZ,300263.SZ,隆华科技,2021-12-13,其他通用设备
850716.SI,640106,其他通用设备,640100,通用设备,640000,机械设备,300420.SZ,300420.SZ,五洋自控,2021-12-13,其他通用设备
850716.SI,640106,其他通用设备,640100,通用设备,640000,机械设备,300441.SZ,300441.SZ,鲍斯股份,2021-12-13,其他通用设备
850716.SI,640106,其他通用设备,640100,通用设备,640000,机械设备,300470.SZ,300470.SZ,中密控股,2021-12-13,其他通用设备
850716.SI,640106,其他通用设备,640100,通用设备,640000,机械设备,300503.SZ,300503.SZ,昊志机电,2021-12-13,其他通用设备
850716.SI,640106,其他通用设备,640100,通用设备,640000,机械设备,300984.SZ,300984.SZ,金沃股份,2021-12-13,其他通用设备
850716.SI,640106,其他通用设备,640100,通用设备,640000,机械设备,300992.SZ,300992.SZ,泰福泵业,2021-12-13,其他通用设备
850716.SI,640106,其他通用设备,640100,通用设备,640000,机械设备,301028.SZ,301028.SZ,鼎熔岩,2021-12-13,其他通用设备
850716.SI,640106,其他通用设备,640100,通用设备,640000,机械设备,301032.SZ,301032.SZ,新柴股份,2021-12-13,其他通用设备
850716.SI,640106,其他通用设备,640100,通用设备,640000,机械设备,600243.SH,600243.SH,*ST海华,2021-12-13,其他通用设备
850716.SI,640106,其他通用设备,640100,通用设备,640000,机械设备,603090.SH,603090.SH,宏盛股份,2021-12-13,其他通用设备
850716.SI,640106,其他通用设备,640100,通用设备,640000,机械设备,603131.SH,603131.SH,上海沪工,2021-12-13,其他通用设备
850716.SI,640106,其他通用设备,640100,通用设备,640000,机械设备,603269.SH,603269.SH,海鸥股份,2021-12-13,其他通用设备
850716.SI,640106,其他通用设备,640100,通用设备,640000,机械设备,603331.SH,603331.SH,百达精工,2021-12-13,其他通用设备
850716.SI,640106,其他通用设备,640100,通用设备,640000,机械设备,603617.SH,603617.SH,君禾股份,2021-12-13,其他通用设备
850716.SI,640106,其他通用设备,640100,通用设备,640000,机械设备,603757.SH,603757.SH,大元泵业,2021-12-13,其他通用设备
850716.SI,640106,其他通用设备,640100,通用设备,640000,机械设备,605060.SH,605060.SH,联德股份,2021-12-13,其他通用设备
850716.SI,640106,其他通用设备,640100,通用设备,640000,机械设备,688360.SH,688360.SH,德马科技,2021-12-13,其他通用设备
850716.SI,640106,其他通用设备,640100,通用设备,640000,机械设备,688557.SH,688557.SH,兰剑智能,2021-12-13,其他通用设备
850716.SI,640106,其他通用设备,640100,通用设备,640000,机械设备,301107.SZ,301107.SZ,瑜欣电子,2022-05-24,其他通用设备
850716.SI,640106,其他通用设备,640100,通用设备,640000,机械设备,301125.SZ,301125.SZ,腾亚精工,2022-06-08,其他通用设备
850716.SI,640106,其他通用设备,640100,通用设备,640000,机械设备,600343.SH,600343.SH,航天动力,2022-08-01,其他通用设备
850716.SI,640106,其他通用设备,640100,通用设备,640000,机械设备,688333.SH,688333.SH,铂力特,2022-08-01,其他通用设备
850716.SI,640106,其他通用设备,640100,通用设备,640000,机械设备,688448.SH,688448.SH,磁谷科技,2022-09-21,其他通用设备
850716.SI,640106,其他通用设备,640100,通用设备,640000,机械设备,301273.SZ,301273.SZ,瑞晨环保,2022-10-25,其他通用设备
850716.SI,640106,其他通用设备,640100,通用设备,640000,机械设备,301311.SZ,301311.SZ,昆船智能,2022-11-30,其他通用设备
850716.SI,640106,其他通用设备,640100,通用设备,640000,机械设备,301317.SZ,301317.SZ,鑫磊股份,2023-01-19,其他通用设备
850716.SI,640106,其他通用设备,640100,通用设备,640000,机械设备,688433.SH,688433.SH,华曙高科,2023-04-17,其他通用设备
850716.SI,640106,其他通用设备,640100,通用设备,640000,机械设备,301353.SZ,301353.SZ,普莱得,2023-05-30,其他通用设备
850716.SI,640106,其他通用设备,640100,通用设备,640000,机械设备,301448.SZ,301448.SZ,开创电气,2023-06-19,其他通用设备
850716.SI,640106,其他通用设备,640100,通用设备,640000,机械设备,002272.SZ,002272.SZ,川润股份,2023-07-06,其他通用设备
850716.SI,640106,其他通用设备,640100,通用设备,640000,机械设备,300157.SZ,300157.SZ,新锦动力,2023-07-06,其他通用设备
850716.SI,640106,其他通用设备,640100,通用设备,640000,机械设备,301468.SZ,301468.SZ,博盈特焊,2023-07-24,其他通用设备
850716.SI,640106,其他通用设备,640100,通用设备,640000,机械设备,301616.SZ,301616.SZ,浙江华业,2025-03-27,其他通用设备
850716.SI,640106,其他通用设备,640100,通用设备,640000,机械设备,603279.SH,603279.SH,景津装备,2025-04-11,其他通用设备
850716.SI,640106,其他通用设备,640100,通用设备,640000,机械设备,000880.SZ,000880.SZ,潍柴重机,2026-07-02,其他通用设备
850716.SI,640106,其他通用设备,640100,通用设备,640000,机械设备,001696.SZ,001696.SZ,宗申动力,2021-12-13,其他通用设备
850731.SI,640107,仪器仪表,640100,通用设备,640000,机械设备,002819.SZ,002819.SZ,东方中科,2021-12-13,仪器仪表
850731.SI,640107,仪器仪表,640100,通用设备,640000,机械设备,002849.SZ,002849.SZ,威星智能,2021-12-13,仪器仪表
850731.SI,640107,仪器仪表,640100,通用设备,640000,机械设备,300007.SZ,300007.SZ,汉威科技,2021-12-13,仪器仪表
850731.SI,640107,仪器仪表,640100,通用设备,640000,机械设备,300066.SZ,300066.SZ,三川智慧,2021-12-13,仪器仪表
850731.SI,640107,仪器仪表,640100,通用设备,640000,机械设备,300112.SZ,300112.SZ,万讯自控,2021-12-13,仪器仪表
850731.SI,640107,仪器仪表,640100,通用设备,640000,机械设备,300165.SZ,300165.SZ,天瑞仪器,2021-12-13,仪器仪表
850731.SI,640107,仪器仪表,640100,通用设备,640000,机械设备,300259.SZ,300259.SZ,新天科技,2021-12-13,仪器仪表
850731.SI,640107,仪器仪表,640100,通用设备,640000,机械设备,300306.SZ,300306.SZ,远方信息,2021-12-13,仪器仪表
850731.SI,640107,仪器仪表,640100,通用设备,640000,机械设备,300349.SZ,300349.SZ,金卡智能,2021-12-13,仪器仪表
850731.SI,640107,仪器仪表,640100,通用设备,640000,机械设备,300354.SZ,300354.SZ,东华测试,2021-12-13,仪器仪表
850731.SI,640107,仪器仪表,640100,通用设备,640000,机械设备,300370.SZ,300370.SZ,安控科技,2021-12-13,仪器仪表
850731.SI,640107,仪器仪表,640100,通用设备,640000,机械设备,300371.SZ,300371.SZ,汇中股份,2021-12-13,仪器仪表
850731.SI,640107,仪器仪表,640100,通用设备,640000,机械设备,300417.SZ,300417.SZ,南华仪器,2021-12-13,仪器仪表
850731.SI,640107,仪器仪表,640100,通用设备,640000,机械设备,300445.SZ,300445.SZ,康斯特,2021-12-13,仪器仪表
850731.SI,640107,仪器仪表,640100,通用设备,640000,机械设备,300515.SZ,300515.SZ,三德科技,2021-12-13,仪器仪表
850731.SI,640107,仪器仪表,640100,通用设备,640000,机械设备,300553.SZ,300553.SZ,集智股份,2021-12-13,仪器仪表
850731.SI,640107,仪器仪表,640100,通用设备,640000,机械设备,300557.SZ,300557.SZ,理工光科,2021-12-13,仪器仪表
850731.SI,640107,仪器仪表,640100,通用设备,640000,机械设备,300567.SZ,300567.SZ,精测电子,2021-12-13,仪器仪表
850731.SI,640107,仪器仪表,640100,通用设备,640000,机械设备,300667.SZ,300667.SZ,必创科技,2021-12-13,仪器仪表
850731.SI,640107,仪器仪表,640100,通用设备,640000,机械设备,300720.SZ,300720.SZ,海川智能,2021-12-13,仪器仪表
850731.SI,640107,仪器仪表,640100,通用设备,640000,机械设备,300862.SZ,300862.SZ,蓝盾光电,2021-12-13,仪器仪表
850731.SI,640107,仪器仪表,640100,通用设备,640000,机械设备,300897.SZ,300897.SZ,山科智能,2021-12-13,仪器仪表
850731.SI,640107,仪器仪表,640100,通用设备,640000,机械设备,300906.SZ,300906.SZ,日月明,2021-12-13,仪器仪表
850731.SI,640107,仪器仪表,640100,通用设备,640000,机械设备,301006.SZ,301006.SZ,迈拓股份,2021-12-13,仪器仪表
850731.SI,640107,仪器仪表,640100,通用设备,640000,机械设备,301129.SZ,301129.SZ,瑞纳智能,2021-12-13,仪器仪表
850731.SI,640107,仪器仪表,640100,通用设备,640000,机械设备,603100.SH,603100.SH,川仪股份,2021-12-13,仪器仪表
850731.SI,640107,仪器仪表,640100,通用设备,640000,机械设备,603662.SH,603662.SH,柯力传感,2021-12-13,仪器仪表
850731.SI,640107,仪器仪表,640100,通用设备,640000,机械设备,603700.SH,603700.SH,宁水集团,2021-12-13,仪器仪表
850731.SI,640107,仪器仪表,640100,通用设备,640000,机械设备,605056.SH,605056.SH,咸亨国际,2021-12-13,仪器仪表
850731.SI,640107,仪器仪表,640100,通用设备,640000,机械设备,688001.SH,688001.SH,华兴源创,2021-12-13,仪器仪表
850731.SI,640107,仪器仪表,640100,通用设备,640000,机械设备,688056.SH,688056.SH,莱伯泰科,2021-12-13,仪器仪表
850731.SI,640107,仪器仪表,640100,通用设备,640000,机械设备,688112.SH,688112.SH,鼎阳科技,2021-12-13,仪器仪表
850731.SI,640107,仪器仪表,640100,通用设备,640000,机械设备,688528.SH,688528.SH,秦川物联,2021-12-13,仪器仪表
850731.SI,640107,仪器仪表,640100,通用设备,640000,机械设备,688622.SH,688622.SH,*ST禾信,2021-12-13,仪器仪表
850731.SI,640107,仪器仪表,640100,通用设备,640000,机械设备,688628.SH,688628.SH,优利德,2021-12-13,仪器仪表
850731.SI,640107,仪器仪表,640100,通用设备,640000,机械设备,688665.SH,688665.SH,四方光电,2021-12-13,仪器仪表
850731.SI,640107,仪器仪表,640100,通用设备,640000,机械设备,688768.SH,688768.SH,容知日新,2021-12-13,仪器仪表
850731.SI,640107,仪器仪表,640100,通用设备,640000,机械设备,688115.SH,688115.SH,思林杰,2022-03-14,仪器仪表
850731.SI,640107,仪器仪表,640100,通用设备,640000,机械设备,688337.SH,688337.SH,普源精电,2022-04-08,仪器仪表
850731.SI,640107,仪器仪表,640100,通用设备,640000,机械设备,002175.SZ,002175.SZ,*ST东智,2022-08-01,仪器仪表
850731.SI,640107,仪器仪表,640100,通用设备,640000,机械设备,301197.SZ,301197.SZ,工大科雅,2022-08-08,仪器仪表
850731.SI,640107,仪器仪表,640100,通用设备,640000,机械设备,301303.SZ,301303.SZ,真兰仪表,2023-02-20,仪器仪表
850731.SI,640107,仪器仪表,640100,通用设备,640000,机械设备,301360.SZ,301360.SZ,荣旗科技,2023-04-25,仪器仪表
850731.SI,640107,仪器仪表,640100,通用设备,640000,机械设备,688627.SH,688627.SH,精智达,2023-07-18,仪器仪表
850731.SI,640107,仪器仪表,640100,通用设备,640000,机械设备,688610.SH,688610.SH,埃科光电,2023-07-19,仪器仪表
850731.SI,640107,仪器仪表,640100,通用设备,640000,机械设备,301528.SZ,301528.SZ,多浦乐,2023-08-28,仪器仪表
850731.SI,640107,仪器仪表,640100,通用设备,640000,机械设备,301413.SZ,301413.SZ,安培龙,2023-12-01,仪器仪表
850731.SI,640107,仪器仪表,640100,通用设备,640000,机械设备,300466.SZ,300466.SZ,赛摩智能,2024-07-31,仪器仪表
850731.SI,640107,仪器仪表,640100,通用设备,640000,机械设备,688583.SH,688583.SH,思看科技,2025-01-15,仪器仪表
850731.SI,640107,仪器仪表,640100,通用设备,640000,机械设备,688600.SH,688600.SH,皖仪科技,2025-09-29,仪器仪表
850731.SI,640107,仪器仪表,640100,通用设备,640000,机械设备,688808.SH,688808.SH,联讯仪器,2026-04-24,仪器仪表
850731.SI,640107,仪器仪表,640100,通用设备,640000,机械设备,300572.SZ,300572.SZ,安车检测,2026-07-02,仪器仪表
850731.SI,640107,仪器仪表,640100,通用设备,640000,机械设备,688828.SH,688828.SH,国仪公司,2026-08-11,仪器仪表
850731.SI,640107,仪器仪表,640100,通用设备,640000,机械设备,002767.SZ,002767.SZ,先锋电子,2021-12-13,仪器仪表
850751.SI,640108,金属制品,640100,通用设备,640000,机械设备,000777.SZ,000777.SZ,中核科技,2021-12-13,金属制品
850751.SI,640108,金属制品,640100,通用设备,640000,机械设备,002026.SZ,002026.SZ,山东威达,2021-12-13,金属制品
850751.SI,640108,金属制品,640100,通用设备,640000,机械设备,002132.SZ,002132.SZ,恒星科技,2021-12-13,金属制品
850751.SI,640108,金属制品,640100,通用设备,640000,机械设备,002164.SZ,002164.SZ,宁波东力,2021-12-13,金属制品
850751.SI,640108,金属制品,640100,通用设备,640000,机械设备,002342.SZ,002342.SZ,巨力索具,2021-12-13,金属制品
850751.SI,640108,金属制品,640100,通用设备,640000,机械设备,002347.SZ,002347.SZ,泰尔股份,2021-12-13,金属制品
850751.SI,640108,金属制品,640100,通用设备,640000,机械设备,002438.SZ,002438.SZ,江苏神通,2021-12-13,金属制品
850751.SI,640108,金属制品,640100,通用设备,640000,机械设备,002514.SZ,002514.SZ,*ST宝馨,2021-12-13,金属制品
850751.SI,640108,金属制品,640100,通用设备,640000,机械设备,002633.SZ,002633.SZ,申科股份,2021-12-13,金属制品
850751.SI,640108,金属制品,640100,通用设备,640000,机械设备,002795.SZ,002795.SZ,永和智控,2021-12-13,金属制品
850751.SI,640108,金属制品,640100,通用设备,640000,机械设备,002843.SZ,002843.SZ,泰嘉股份,2021-12-13,金属制品
850751.SI,640108,金属制品,640100,通用设备,640000,机械设备,002871.SZ,002871.SZ,伟隆股份,2021-12-13,金属制品
850751.SI,640108,金属制品,640100,通用设备,640000,机械设备,002877.SZ,002877.SZ,智能自控,2021-12-13,金属制品
850751.SI,640108,金属制品,640100,通用设备,640000,机械设备,002896.SZ,002896.SZ,中大力德,2021-12-13,金属制品
850751.SI,640108,金属制品,640100,通用设备,640000,机械设备,002931.SZ,002931.SZ,锋龙股份,2021-12-13,金属制品
850751.SI,640108,金属制品,640100,通用设备,640000,机械设备,300228.SZ,300228.SZ,富瑞特装,2021-12-13,金属制品
850751.SI,640108,金属制品,640100,通用设备,640000,机械设备,300260.SZ,300260.SZ,新莱应材,2021-12-13,金属制品
850751.SI,640108,金属制品,640100,通用设备,640000,机械设备,300402.SZ,300402.SZ,宝色股份,2021-12-13,金属制品
850751.SI,640108,金属制品,640100,通用设备,640000,机械设备,300421.SZ,300421.SZ,力星股份,2021-12-13,金属制品
850751.SI,640108,金属制品,640100,通用设备,640000,机械设备,300488.SZ,300488.SZ,恒锋工具,2021-12-13,金属制品
850751.SI,640108,金属制品,640100,通用设备,640000,机械设备,300780.SZ,300780.SZ,德恩精工,2021-12-13,金属制品
850751.SI,640108,金属制品,640100,通用设备,640000,机械设备,300817.SZ,300817.SZ,双飞集团,2021-12-13,金属制品
850751.SI,640108,金属制品,640100,通用设备,640000,机械设备,300828.SZ,300828.SZ,锐新科技,2021-12-13,金属制品
850751.SI,640108,金属制品,640100,通用设备,640000,机械设备,300838.SZ,300838.SZ,浙江力诺,2021-12-13,金属制品
850751.SI,640108,金属制品,640100,通用设备,640000,机械设备,300885.SZ,300885.SZ,海昌新材,2021-12-13,金属制品
850751.SI,640108,金属制品,640100,通用设备,640000,机械设备,300943.SZ,300943.SZ,春晖智控,2021-12-13,金属制品
850751.SI,640108,金属制品,640100,通用设备,640000,机械设备,300946.SZ,300946.SZ,恒而达,2021-12-13,金属制品
850751.SI,640108,金属制品,640100,通用设备,640000,机械设备,300985.SZ,300985.SZ,致远新能,2021-12-13,金属制品
850751.SI,640108,金属制品,640100,通用设备,640000,机械设备,600114.SH,600114.SH,东睦股份,2021-12-13,金属制品
850751.SI,640108,金属制品,640100,通用设备,640000,机械设备,600558.SH,600558.SH,大西洋,2021-12-13,金属制品
850751.SI,640108,金属制品,640100,通用设备,640000,机械设备,600592.SH,600592.SH,龙溪股份,2021-12-13,金属制品
850751.SI,640108,金属制品,640100,通用设备,640000,机械设备,600860.SH,600860.SH,京城股份,2021-12-13,金属制品
850751.SI,640108,金属制品,640100,通用设备,640000,机械设备,600992.SH,600992.SH,贵绳股份,2021-12-13,金属制品
850751.SI,640108,金属制品,640100,通用设备,640000,机械设备,601002.SH,601002.SH,晋亿实业,2021-12-13,金属制品
850751.SI,640108,金属制品,640100,通用设备,640000,机械设备,601177.SH,601177.SH,杭齿前进,2021-12-13,金属制品
850751.SI,640108,金属制品,640100,通用设备,640000,机械设备,603028.SH,603028.SH,赛福天,2021-12-13,金属制品
850751.SI,640108,金属制品,640100,通用设备,640000,机械设备,603278.SH,603278.SH,大业股份,2021-12-13,金属制品
850751.SI,640108,金属制品,640100,通用设备,640000,机械设备,603308.SH,603308.SH,应流股份,2021-12-13,金属制品
850751.SI,640108,金属制品,640100,通用设备,640000,机械设备,603667.SH,603667.SH,五洲新春,2021-12-13,金属制品
850751.SI,640108,金属制品,640100,通用设备,640000,机械设备,603699.SH,603699.SH,纽威股份,2021-12-13,金属制品
850751.SI,640108,金属制品,640100,通用设备,640000,机械设备,603915.SH,603915.SH,国茂股份,2021-12-13,金属制品
850751.SI,640108,金属制品,640100,通用设备,640000,机械设备,603969.SH,603969.SH,银龙股份,2021-12-13,金属制品
850751.SI,640108,金属制品,640100,通用设备,640000,机械设备,605100.SH,605100.SH,华丰股份,2021-12-13,金属制品
850751.SI,640108,金属制品,640100,通用设备,640000,机械设备,688059.SH,688059.SH,华锐精密,2021-12-13,金属制品
850751.SI,640108,金属制品,640100,通用设备,640000,机械设备,688257.SH,688257.SH,新锐股份,2021-12-13,金属制品
850751.SI,640108,金属制品,640100,通用设备,640000,机械设备,688308.SH,688308.SH,欧科亿,2021-12-13,金属制品
850751.SI,640108,金属制品,640100,通用设备,640000,机械设备,688355.SH,688355.SH,明志科技,2021-12-13,金属制品
850751.SI,640108,金属制品,640100,通用设备,640000,机械设备,688379.SH,688379.SH,华光新材,2021-12-13,金属制品
850751.SI,640108,金属制品,640100,通用设备,640000,机械设备,301137.SZ,301137.SZ,哈焊华通,2022-03-22,金属制品
850751.SI,640108,金属制品,640100,通用设备,640000,机械设备,301268.SZ,301268.SZ,铭利达,2022-04-07,金属制品
850751.SI,640108,金属制品,640100,通用设备,640000,机械设备,301151.SZ,301151.SZ,冠龙节能,2022-04-11,金属制品
850751.SI,640108,金属制品,640100,通用设备,640000,机械设备,002445.SZ,002445.SZ,中南文化,2022-08-01,金属制品
850751.SI,640108,金属制品,640100,通用设备,640000,机械设备,301309.SZ,301309.SZ,万得凯,2022-09-19,金属制品
850751.SI,640108,金属制品,640100,通用设备,640000,机械设备,301377.SZ,301377.SZ,鼎泰高科,2022-11-22,金属制品
850751.SI,640108,金属制品,640100,通用设备,640000,机械设备,301368.SZ,301368.SZ,丰立智能,2022-12-15,金属制品
850751.SI,640108,金属制品,640100,通用设备,640000,机械设备,301255.SZ,301255.SZ,通力科技,2022-12-27,金属制品
850751.SI,640108,金属制品,640100,通用设备,640000,机械设备,002131.SZ,002131.SZ,利欧股份,2023-07-06,金属制品
850751.SI,640108,金属制品,640100,通用设备,640000,机械设备,301261.SZ,301261.SZ,恒工精密,2023-07-10,金属制品
850751.SI,640108,金属制品,640100,通用设备,640000,机械设备,603270.SH,603270.SH,金帝股份,2023-09-01,金属制品
850751.SI,640108,金属制品,640100,通用设备,640000,机械设备,301548.SZ,301548.SZ,崇德科技,2023-09-20,金属制品
850751.SI,640108,金属制品,640100,通用设备,640000,机械设备,301559.SZ,301559.SZ,中集环科,2023-10-11,金属制品
850751.SI,640108,金属制品,640100,通用设备,640000,机械设备,001306.SZ,001306.SZ,夏厦精密,2023-11-16,金属制品
850751.SI,640108,金属制品,640100,通用设备,640000,机械设备,001379.SZ,001379.SZ,腾达科技,2024-01-19,金属制品
850751.SI,640108,金属制品,640100,通用设备,640000,机械设备,301596.SZ,301596.SZ,瑞迪智驱,2024-05-13,金属制品
850751.SI,640108,金属制品,640100,通用设备,640000,机械设备,300718.SZ,300718.SZ,长盛轴承,2024-07-31,金属制品
850751.SI,640108,金属制品,640100,通用设备,640000,机械设备,603400.SH,603400.SH,华之杰,2025-06-20,金属制品
850751.SI,640108,金属制品,640100,通用设备,640000,机械设备,301160.SZ,301160.SZ,翔楼新材,2026-07-02,金属制品
850751.SI,640108,金属制品,640100,通用设备,640000,机械设备,301307.SZ,301307.SZ,美利信,2026-07-02,金属制品
850751.SI,640108,金属制品,640100,通用设备,640000,机械设备,600889.SH,600889.SH,*ST京化,2026-07-02,金属制品
850751.SI,640108,金属制品,640100,通用设备,640000,机械设备,301677.SZ,301677.SZ,欣兴工具,2026-07-30,金属制品
850751.SI,640108,金属制品,640100,通用设备,640000,机械设备,000039.SZ,000039.SZ,中集集团,2021-12-13,金属制品
850725.SI,640203,能源及重型设备,640200,专用设备,640000,机械设备,001288.SZ,001288.SZ,运机集团,2021-12-13,能源及重型设备
850725.SI,640203,能源及重型设备,640200,专用设备,640000,机械设备,002204.SZ,002204.SZ,大连重工,2021-12-13,能源及重型设备
850725.SI,640203,能源及重型设备,640200,专用设备,640000,机械设备,002278.SZ,002278.SZ,神开股份,2021-12-13,能源及重型设备
850725.SI,640203,能源及重型设备,640200,专用设备,640000,机械设备,002353.SZ,002353.SZ,杰瑞股份,2021-12-13,能源及重型设备
850725.SI,640203,能源及重型设备,640200,专用设备,640000,机械设备,002483.SZ,002483.SZ,润邦股份,2021-12-13,能源及重型设备
850725.SI,640203,能源及重型设备,640200,专用设备,640000,机械设备,002490.SZ,002490.SZ,山东墨龙,2021-12-13,能源及重型设备
850725.SI,640203,能源及重型设备,640200,专用设备,640000,机械设备,002523.SZ,002523.SZ,天桥起重,2021-12-13,能源及重型设备
850725.SI,640203,能源及重型设备,640200,专用设备,640000,机械设备,002526.SZ,002526.SZ,山东矿机,2021-12-13,能源及重型设备
850725.SI,640203,能源及重型设备,640200,专用设备,640000,机械设备,002535.SZ,002535.SZ,林州重机,2021-12-13,能源及重型设备
850725.SI,640203,能源及重型设备,640200,专用设备,640000,机械设备,002667.SZ,002667.SZ,*ST威领,2021-12-13,能源及重型设备
850725.SI,640203,能源及重型设备,640200,专用设备,640000,机械设备,002691.SZ,002691.SZ,*ST冀凯,2021-12-13,能源及重型设备
850725.SI,640203,能源及重型设备,640200,专用设备,640000,机械设备,002730.SZ,002730.SZ,电光科技,2021-12-13,能源及重型设备
850725.SI,640203,能源及重型设备,640200,专用设备,640000,机械设备,300084.SZ,300084.SZ,海默科技,2021-12-13,能源及重型设备
850725.SI,640203,能源及重型设备,640200,专用设备,640000,机械设备,300099.SZ,300099.SZ,尤洛卡,2021-12-13,能源及重型设备
850725.SI,640203,能源及重型设备,640200,专用设备,640000,机械设备,300480.SZ,300480.SZ,光力科技,2021-12-13,能源及重型设备
850725.SI,640203,能源及重型设备,640200,专用设备,640000,机械设备,300837.SZ,300837.SZ,浙矿股份,2021-12-13,能源及重型设备
850725.SI,640203,能源及重型设备,640200,专用设备,640000,机械设备,300865.SZ,300865.SZ,大宏立,2021-12-13,能源及重型设备
850725.SI,640203,能源及重型设备,640200,专用设备,640000,机械设备,300950.SZ,300950.SZ,德固特,2021-12-13,能源及重型设备
850725.SI,640203,能源及重型设备,640200,专用设备,640000,机械设备,600169.SH,600169.SH,ST太重,2021-12-13,能源及重型设备
850725.SI,640203,能源及重型设备,640200,专用设备,640000,机械设备,600262.SH,600262.SH,北方股份,2021-12-13,能源及重型设备
850725.SI,640203,能源及重型设备,640200,专用设备,640000,机械设备,600320.SH,600320.SH,振华重工,2021-12-13,能源及重型设备
850725.SI,640203,能源及重型设备,640200,专用设备,640000,机械设备,600560.SH,600560.SH,金自天正,2021-12-13,能源及重型设备
850725.SI,640203,能源及重型设备,640200,专用设备,640000,机械设备,600582.SH,600582.SH,天地科技,2021-12-13,能源及重型设备
850725.SI,640203,能源及重型设备,640200,专用设备,640000,机械设备,601106.SH,601106.SH,中国一重,2021-12-13,能源及重型设备
850725.SI,640203,能源及重型设备,640200,专用设备,640000,机械设备,601399.SH,601399.SH,国机重装,2021-12-13,能源及重型设备
850725.SI,640203,能源及重型设备,640200,专用设备,640000,机械设备,601608.SH,601608.SH,中信重工,2021-12-13,能源及重型设备
850725.SI,640203,能源及重型设备,640200,专用设备,640000,机械设备,601717.SH,601717.SH,中创智领,2021-12-13,能源及重型设备
850725.SI,640203,能源及重型设备,640200,专用设备,640000,机械设备,601798.SH,601798.SH,蓝科高新,2021-12-13,能源及重型设备
850725.SI,640203,能源及重型设备,640200,专用设备,640000,机械设备,603012.SH,603012.SH,创力集团,2021-12-13,能源及重型设备
850725.SI,640203,能源及重型设备,640200,专用设备,640000,机械设备,603036.SH,603036.SH,如通股份,2021-12-13,能源及重型设备
850725.SI,640203,能源及重型设备,640200,专用设备,640000,机械设备,603169.SH,603169.SH,兰石重装,2021-12-13,能源及重型设备
850725.SI,640203,能源及重型设备,640200,专用设备,640000,机械设备,603698.SH,603698.SH,航天工程,2021-12-13,能源及重型设备
850725.SI,640203,能源及重型设备,640200,专用设备,640000,机械设备,603800.SH,603800.SH,洪田股份,2021-12-13,能源及重型设备
850725.SI,640203,能源及重型设备,640200,专用设备,640000,机械设备,603966.SH,603966.SH,法兰泰克,2021-12-13,能源及重型设备
850725.SI,640203,能源及重型设备,640200,专用设备,640000,机械设备,688121.SH,688121.SH,*ST卓然,2021-12-13,能源及重型设备
850725.SI,640203,能源及重型设备,640200,专用设备,640000,机械设备,688377.SH,688377.SH,迪威尔,2021-12-13,能源及重型设备
850725.SI,640203,能源及重型设备,640200,专用设备,640000,机械设备,688633.SH,688633.SH,星球石墨,2021-12-13,能源及重型设备
850725.SI,640203,能源及重型设备,640200,专用设备,640000,机械设备,301158.SZ,301158.SZ,德石股份,2022-01-17,能源及重型设备
850725.SI,640203,能源及重型设备,640200,专用设备,640000,机械设备,300095.SZ,300095.SZ,华伍股份,2022-08-01,能源及重型设备
850725.SI,640203,能源及重型设备,640200,专用设备,640000,机械设备,001332.SZ,001332.SZ,锡装股份,2022-09-20,能源及重型设备
850725.SI,640203,能源及重型设备,640200,专用设备,640000,机械设备,001225.SZ,001225.SZ,和泰机电,2023-02-22,能源及重型设备
850725.SI,640203,能源及重型设备,640200,专用设备,640000,机械设备,001360.SZ,001360.SZ,南矿集团,2023-04-10,能源及重型设备
850725.SI,640203,能源及重型设备,640200,专用设备,640000,机械设备,603135.SH,603135.SH,中重科技,2023-04-10,能源及重型设备
850725.SI,640203,能源及重型设备,640200,专用设备,640000,机械设备,603173.SH,603173.SH,福斯达,2023-07-06,能源及重型设备
850725.SI,640203,能源及重型设备,640200,专用设备,640000,机械设备,603325.SH,603325.SH,博隆技术,2024-01-10,能源及重型设备
850725.SI,640203,能源及重型设备,640200,专用设备,640000,机械设备,300092.SZ,300092.SZ,科新机电,2024-07-31,能源及重型设备
850725.SI,640203,能源及重型设备,640200,专用设备,640000,机械设备,301063.SZ,301063.SZ,海锅股份,2024-07-31,能源及重型设备
850725.SI,640203,能源及重型设备,640200,专用设备,640000,机械设备,600980.SH,600980.SH,北矿科技,2024-07-31,能源及重型设备
850725.SI,640203,能源及重型设备,640200,专用设备,640000,机械设备,601369.SH,601369.SH,陕鼓动力,2024-07-31,能源及重型设备
850725.SI,640203,能源及重型设备,640200,专用设备,640000,机械设备,603391.SH,603391.SH,力聚热能,2024-07-31,能源及重型设备
850725.SI,640203,能源及重型设备,640200,专用设备,640000,机械设备,688420.SH,688420.SH,美腾科技,2024-07-31,能源及重型设备
850725.SI,640203,能源及重型设备,640200,专用设备,640000,机械设备,001277.SZ,001277.SZ,速达股份,2024-09-03,能源及重型设备
850725.SI,640203,能源及重型设备,640200,专用设备,640000,机械设备,301601.SZ,301601.SZ,惠通科技,2025-01-15,能源及重型设备
850725.SI,640203,能源及重型设备,640200,专用设备,640000,机械设备,002564.SZ,002564.SZ,天沃科技,2026-07-02,能源及重型设备
850725.SI,640203,能源及重型设备,640200,专用设备,640000,机械设备,300435.SZ,300435.SZ,中泰股份,2026-07-02,能源及重型设备
850725.SI,640203,能源及重型设备,640200,专用设备,640000,机械设备,600397.SH,600397.SH,江钨装备,2026-07-02,能源及重型设备
850725.SI,640203,能源及重型设备,640200,专用设备,640000,机械设备,000852.SZ,000852.SZ,石化机械,2021-12-13,能源及重型设备
850728.SI,640204,楼宇设备,640200,专用设备,640000,机械设备,002689.SZ,002689.SZ,ST远智,2021-12-13,楼宇设备
850728.SI,640204,楼宇设备,640200,专用设备,640000,机械设备,002774.SZ,002774.SZ,快意电梯,2021-12-13,楼宇设备
850728.SI,640204,楼宇设备,640200,专用设备,640000,机械设备,002960.SZ,002960.SZ,青鸟智控,2021-12-13,楼宇设备
850728.SI,640204,楼宇设备,640200,专用设备,640000,机械设备,300669.SZ,300669.SZ,沪宁股份,2021-12-13,楼宇设备
850728.SI,640204,楼宇设备,640200,专用设备,640000,机械设备,300931.SZ,300931.SZ,通用电梯,2021-12-13,楼宇设备
850728.SI,640204,楼宇设备,640200,专用设备,640000,机械设备,301056.SZ,301056.SZ,森赫股份,2021-12-13,楼宇设备
850728.SI,640204,楼宇设备,640200,专用设备,640000,机械设备,600835.SH,600835.SH,上海机电,2021-12-13,楼宇设备
850728.SI,640204,楼宇设备,640200,专用设备,640000,机械设备,600894.SH,600894.SH,广日股份,2021-12-13,楼宇设备
850728.SI,640204,楼宇设备,640200,专用设备,640000,机械设备,603321.SH,603321.SH,梅轮电梯,2021-12-13,楼宇设备
850728.SI,640204,楼宇设备,640200,专用设备,640000,机械设备,603356.SH,603356.SH,华菱精工,2021-12-13,楼宇设备
850728.SI,640204,楼宇设备,640200,专用设备,640000,机械设备,603488.SH,603488.SH,展鹏科技,2021-12-13,楼宇设备
850728.SI,640204,楼宇设备,640200,专用设备,640000,机械设备,605286.SH,605286.SH,同力天启,2021-12-13,楼宇设备
850728.SI,640204,楼宇设备,640200,专用设备,640000,机械设备,002527.SZ,002527.SZ,新时达,2024-07-31,楼宇设备
850728.SI,640204,楼宇设备,640200,专用设备,640000,机械设备,002367.SZ,002367.SZ,康力电梯,2021-12-13,楼宇设备
850721.SI,640206,纺织服装设备,640200,专用设备,640000,机械设备,003036.SZ,003036.SZ,泰坦股份,2021-12-13,纺织服装设备
850721.SI,640206,纺织服装设备,640200,专用设备,640000,机械设备,300307.SZ,300307.SZ,慈星股份,2021-12-13,纺织服装设备
850721.SI,640206,纺织服装设备,640200,专用设备,640000,机械设备,301053.SZ,301053.SZ,远信工业,2021-12-13,纺织服装设备
850721.SI,640206,纺织服装设备,640200,专用设备,640000,机械设备,600232.SH,600232.SH,金鹰股份,2021-12-13,纺织服装设备
850721.SI,640206,纺织服装设备,640200,专用设备,640000,机械设备,600302.SH,600302.SH,ST标准,2021-12-13,纺织服装设备
850721.SI,640206,纺织服装设备,640200,专用设备,640000,机械设备,600545.SH,600545.SH,卓郎智能,2021-12-13,纺织服装设备
850721.SI,640206,纺织服装设备,640200,专用设备,640000,机械设备,600843.SH,600843.SH,上工申贝,2021-12-13,纺织服装设备
850721.SI,640206,纺织服装设备,640200,专用设备,640000,机械设备,603095.SH,603095.SH,越剑智能,2021-12-13,纺织服装设备
850721.SI,640206,纺织服装设备,640200,专用设备,640000,机械设备,603337.SH,603337.SH,杰克科技,2021-12-13,纺织服装设备
850721.SI,640206,纺织服装设备,640200,专用设备,640000,机械设备,688789.SH,688789.SH,宏华数科,2021-12-13,纺织服装设备
850721.SI,640206,纺织服装设备,640200,专用设备,640000,机械设备,002722.SZ,002722.SZ,物产金轮,2024-07-31,纺织服装设备
850721.SI,640206,纺织服装设备,640200,专用设备,640000,机械设备,002021.SZ,002021.SZ,中捷资源,2021-12-13,纺织服装设备
850723.SI,640207,农用机械,640200,专用设备,640000,机械设备,601038.SH,601038.SH,一拖股份,2021-12-13,农用机械
850723.SI,640207,农用机械,640200,专用设备,640000,机械设备,603789.SH,603789.SH,ST星农,2021-12-13,农用机械
850723.SI,640207,农用机械,640200,专用设备,640000,机械设备,300159.SZ,300159.SZ,新研股份,2022-08-01,农用机械
850723.SI,640207,农用机械,640200,专用设备,640000,机械设备,300879.SZ,300879.SZ,大叶股份,2022-08-01,农用机械
850723.SI,640207,农用机械,640200,专用设备,640000,机械设备,603029.SH,603029.SH,天鹅股份,2022-08-01,农用机械
850723.SI,640207,农用机械,640200,专用设备,640000,机械设备,301260.SZ,301260.SZ,格力博,2023-02-08,农用机械
850723.SI,640207,农用机械,640200,专用设备,640000,机械设备,301533.SZ,301533.SZ,威马农机,2023-08-18,农用机械
850723.SI,640207,农用机械,640200,专用设备,640000,机械设备,002890.SZ,002890.SZ,弘宇股份,2021-12-13,农用机械
850726.SI,640208,印刷包装机械,640200,专用设备,640000,机械设备,002611.SZ,002611.SZ,东方精工,2021-12-13,印刷包装机械
850726.SI,640208,印刷包装机械,640200,专用设备,640000,机械设备,300195.SZ,300195.SZ,长荣股份,2021-12-13,印刷包装机械
850726.SI,640208,印刷包装机械,640200,专用设备,640000,机械设备,300509.SZ,300509.SZ,新美星,2021-12-13,印刷包装机械
850726.SI,640208,印刷包装机械,640200,专用设备,640000,机械设备,300512.SZ,300512.SZ,中亚股份,2021-12-13,印刷包装机械
850726.SI,640208,印刷包装机械,640200,专用设备,640000,机械设备,300521.SZ,300521.SZ,爱司凯,2021-12-13,印刷包装机械
850726.SI,640208,印刷包装机械,640200,专用设备,640000,机械设备,603901.SH,603901.SH,永创智能,2021-12-13,印刷包装机械
850726.SI,640208,印刷包装机械,640200,专用设备,640000,机械设备,301138.SZ,301138.SZ,华研精机,2022-08-01,印刷包装机械
850726.SI,640208,印刷包装机械,640200,专用设备,640000,机械设备,001256.SZ,001256.SZ,炜冈科技,2022-12-05,印刷包装机械
850726.SI,640208,印刷包装机械,640200,专用设备,640000,机械设备,301105.SZ,301105.SZ,鸿铭股份,2022-12-30,印刷包装机械
850726.SI,640208,印刷包装机械,640200,专用设备,640000,机械设备,002209.SZ,002209.SZ,达意隆,2021-12-13,印刷包装机械
850727.SI,640209,其他专用设备,640200,专用设备,640000,机械设备,002006.SZ,002006.SZ,精工科技,2021-12-13,其他专用设备
850727.SI,640209,其他专用设备,640200,专用设备,640000,机械设备,002009.SZ,002009.SZ,天奇股份,2021-12-13,其他专用设备
850727.SI,640209,其他专用设备,640200,专用设备,640000,机械设备,002031.SZ,002031.SZ,巨轮智能,2021-12-13,其他专用设备
850727.SI,640209,其他专用设备,640200,专用设备,640000,机械设备,002073.SZ,002073.SZ,软控股份,2021-12-13,其他专用设备
850727.SI,640209,其他专用设备,640200,专用设备,640000,机械设备,002337.SZ,002337.SZ,赛象科技,2021-12-13,其他专用设备
850727.SI,640209,其他专用设备,640200,专用设备,640000,机械设备,002529.SZ,002529.SZ,海源复材,2021-12-13,其他专用设备
850727.SI,640209,其他专用设备,640200,专用设备,640000,机械设备,002595.SZ,002595.SZ,豪迈科技,2021-12-13,其他专用设备
850727.SI,640209,其他专用设备,640200,专用设备,640000,机械设备,002690.SZ,002690.SZ,美亚光电,2021-12-13,其他专用设备
850727.SI,640209,其他专用设备,640200,专用设备,640000,机械设备,002757.SZ,002757.SZ,南兴股份,2021-12-13,其他专用设备
850727.SI,640209,其他专用设备,640200,专用设备,640000,机械设备,002779.SZ,002779.SZ,中坚科技,2021-12-13,其他专用设备
850727.SI,640209,其他专用设备,640200,专用设备,640000,机械设备,002786.SZ,002786.SZ,银宝山新,2021-12-13,其他专用设备
850727.SI,640209,其他专用设备,640200,专用设备,640000,机械设备,002816.SZ,002816.SZ,*ST和科,2021-12-13,其他专用设备
850727.SI,640209,其他专用设备,640200,专用设备,640000,机械设备,002833.SZ,002833.SZ,弘亚数控,2021-12-13,其他专用设备
850727.SI,640209,其他专用设备,640200,专用设备,640000,机械设备,002837.SZ,002837.SZ,英维克,2021-12-13,其他专用设备
850727.SI,640209,其他专用设备,640200,专用设备,640000,机械设备,300004.SZ,300004.SZ,南风股份,2021-12-13,其他专用设备
850727.SI,640209,其他专用设备,640200,专用设备,640000,机械设备,300103.SZ,300103.SZ,达刚控股,2021-12-13,其他专用设备
850727.SI,640209,其他专用设备,640200,专用设备,640000,机械设备,300151.SZ,300151.SZ,昌红科技,2021-12-13,其他专用设备
850727.SI,640209,其他专用设备,640200,专用设备,640000,机械设备,300281.SZ,300281.SZ,金明精机,2021-12-13,其他专用设备
850727.SI,640209,其他专用设备,640200,专用设备,640000,机械设备,300293.SZ,300293.SZ,蓝英装备,2021-12-13,其他专用设备
850727.SI,640209,其他专用设备,640200,专用设备,640000,机械设备,300382.SZ,300382.SZ,斯莱克,2021-12-13,其他专用设备
850727.SI,640209,其他专用设备,640200,专用设备,640000,机械设备,300411.SZ,300411.SZ,金盾股份,2021-12-13,其他专用设备
850727.SI,640209,其他专用设备,640200,专用设备,640000,机械设备,300412.SZ,300412.SZ,迦南科技,2021-12-13,其他专用设备
850727.SI,640209,其他专用设备,640200,专用设备,640000,机械设备,300415.SZ,300415.SZ,伊之密,2021-12-13,其他专用设备
850727.SI,640209,其他专用设备,640200,专用设备,640000,机械设备,300471.SZ,300471.SZ,厚普股份,2021-12-13,其他专用设备
850727.SI,640209,其他专用设备,640200,专用设备,640000,机械设备,300472.SZ,300472.SZ,ST新元,2021-12-13,其他专用设备
850727.SI,640209,其他专用设备,640200,专用设备,640000,机械设备,300499.SZ,300499.SZ,高澜股份,2021-12-13,其他专用设备
850727.SI,640209,其他专用设备,640200,专用设备,640000,机械设备,300540.SZ,300540.SZ,蜀道装备,2021-12-13,其他专用设备
850727.SI,640209,其他专用设备,640200,专用设备,640000,机械设备,300549.SZ,300549.SZ,优德精密,2021-12-13,其他专用设备
850727.SI,640209,其他专用设备,640200,专用设备,640000,机械设备,300813.SZ,300813.SZ,泰林生物,2021-12-13,其他专用设备
850727.SI,640209,其他专用设备,640200,专用设备,640000,机械设备,300823.SZ,300823.SZ,建科智能,2021-12-13,其他专用设备
850727.SI,640209,其他专用设备,640200,专用设备,640000,机械设备,300833.SZ,300833.SZ,浩洋股份,2021-12-13,其他专用设备
850727.SI,640209,其他专用设备,640200,专用设备,640000,机械设备,300836.SZ,300836.SZ,佰奥智能,2021-12-13,其他专用设备
850727.SI,640209,其他专用设备,640200,专用设备,640000,机械设备,300902.SZ,300902.SZ,国安达,2021-12-13,其他专用设备
850727.SI,640209,其他专用设备,640200,专用设备,640000,机械设备,300971.SZ,300971.SZ,博亚精工,2021-12-13,其他专用设备
850727.SI,640209,其他专用设备,640200,专用设备,640000,机械设备,300988.SZ,300988.SZ,津荣天宇,2021-12-13,其他专用设备
850727.SI,640209,其他专用设备,640200,专用设备,640000,机械设备,301013.SZ,301013.SZ,利和兴,2021-12-13,其他专用设备
850727.SI,640209,其他专用设备,640200,专用设备,640000,机械设备,301083.SZ,301083.SZ,百胜智能,2021-12-13,其他专用设备
850727.SI,640209,其他专用设备,640200,专用设备,640000,机械设备,301128.SZ,301128.SZ,强瑞技术,2021-12-13,其他专用设备
850727.SI,640209,其他专用设备,640200,专用设备,640000,机械设备,600444.SH,600444.SH,国机通用,2021-12-13,其他专用设备
850727.SI,640209,其他专用设备,640200,专用设备,640000,机械设备,600499.SH,600499.SH,科达制造,2021-12-13,其他专用设备
850727.SI,640209,其他专用设备,640200,专用设备,640000,机械设备,600501.SH,600501.SH,航天晨光,2021-12-13,其他专用设备
850727.SI,640209,其他专用设备,640200,专用设备,640000,机械设备,600520.SH,600520.SH,三佳科技,2021-12-13,其他专用设备
850727.SI,640209,其他专用设备,640200,专用设备,640000,机械设备,600579.SH,600579.SH,中化装备,2021-12-13,其他专用设备
850727.SI,640209,其他专用设备,640200,专用设备,640000,机械设备,603011.SH,603011.SH,合锻智能,2021-12-13,其他专用设备
850727.SI,640209,其他专用设备,640200,专用设备,640000,机械设备,603076.SH,603076.SH,乐惠国际,2021-12-13,其他专用设备
850727.SI,640209,其他专用设备,640200,专用设备,640000,机械设备,603159.SH,603159.SH,上海亚虹,2021-12-13,其他专用设备
850727.SI,640209,其他专用设备,640200,专用设备,640000,机械设备,603289.SH,603289.SH,泰瑞机器,2021-12-13,其他专用设备
850727.SI,640209,其他专用设备,640200,专用设备,640000,机械设备,603656.SH,603656.SH,泰禾智能,2021-12-13,其他专用设备
850727.SI,640209,其他专用设备,640200,专用设备,640000,机械设备,603855.SH,603855.SH,华荣股份,2021-12-13,其他专用设备
850727.SI,640209,其他专用设备,640200,专用设备,640000,机械设备,603895.SH,603895.SH,天永智能,2021-12-13,其他专用设备
850727.SI,640209,其他专用设备,640200,专用设备,640000,机械设备,603956.SH,603956.SH,威派格,2021-12-13,其他专用设备
850727.SI,640209,其他专用设备,640200,专用设备,640000,机械设备,605259.SH,605259.SH,绿田机械,2021-12-13,其他专用设备
850727.SI,640209,其他专用设备,640200,专用设备,640000,机械设备,688022.SH,688022.SH,ST瀚川,2021-12-13,其他专用设备
850727.SI,640209,其他专用设备,640200,专用设备,640000,机械设备,688071.SH,688071.SH,华依科技,2021-12-13,其他专用设备
850727.SI,640209,其他专用设备,640200,专用设备,640000,机械设备,688092.SH,688092.SH,爱科科技,2021-12-13,其他专用设备
850727.SI,640209,其他专用设备,640200,专用设备,640000,机械设备,688113.SH,688113.SH,联测科技,2021-12-13,其他专用设备
850727.SI,640209,其他专用设备,640200,专用设备,640000,机械设备,688128.SH,688128.SH,中国电研,2021-12-13,其他专用设备
850727.SI,640209,其他专用设备,640200,专用设备,640000,机械设备,688211.SH,688211.SH,中科微至,2021-12-13,其他专用设备
850727.SI,640209,其他专用设备,640200,专用设备,640000,机械设备,688312.SH,688312.SH,燕麦科技,2021-12-13,其他专用设备
850727.SI,640209,其他专用设备,640200,专用设备,640000,机械设备,688328.SH,688328.SH,深科达,2021-12-13,其他专用设备
850727.SI,640209,其他专用设备,640200,专用设备,640000,机械设备,688383.SH,688383.SH,新益昌,2021-12-13,其他专用设备
850727.SI,640209,其他专用设备,640200,专用设备,640000,机械设备,688529.SH,688529.SH,豪森智能,2021-12-13,其他专用设备
850727.SI,640209,其他专用设备,640200,专用设备,640000,机械设备,688596.SH,688596.SH,正帆科技,2021-12-13,其他专用设备
850727.SI,640209,其他专用设备,640200,专用设备,640000,机械设备,688630.SH,688630.SH,芯碁微装,2021-12-13,其他专用设备
850727.SI,640209,其他专用设备,640200,专用设备,640000,机械设备,688700.SH,688700.SH,东威科技,2021-12-13,其他专用设备
850727.SI,640209,其他专用设备,640200,专用设备,640000,机械设备,301200.SZ,301200.SZ,大族数控,2022-02-28,其他专用设备
850727.SI,640209,其他专用设备,640200,专用设备,640000,机械设备,688400.SH,688400.SH,凌云光,2022-07-12,其他专用设备
850727.SI,640209,其他专用设备,640200,专用设备,640000,机械设备,300756.SZ,300756.SZ,金马游乐,2022-08-01,其他专用设备
850727.SI,640209,其他专用设备,640200,专用设备,640000,机械设备,688162.SH,688162.SH,巨一科技,2022-08-01,其他专用设备
850727.SI,640209,其他专用设备,640200,专用设备,640000,机械设备,301338.SZ,301338.SZ,凯格精机,2022-08-16,其他专用设备
850727.SI,640209,其他专用设备,640200,专用设备,640000,机械设备,603081.SH,603081.SH,大丰实业,2022-08-16,其他专用设备
850727.SI,640209,其他专用设备,640200,专用设备,640000,机械设备,688531.SH,688531.SH,日联科技,2023-03-31,其他专用设备
850727.SI,640209,其他专用设备,640200,专用设备,640000,机械设备,688648.SH,688648.SH,中邮科技,2023-11-13,其他专用设备
850727.SI,640209,其他专用设备,640200,专用设备,640000,机械设备,301392.SZ,301392.SZ,汇成真空,2024-06-05,其他专用设备
850727.SI,640209,其他专用设备,640200,专用设备,640000,机械设备,002530.SZ,002530.SZ,金财互联,2024-07-31,其他专用设备
850727.SI,640209,其他专用设备,640200,专用设备,640000,机械设备,301598.SZ,301598.SZ,博科测试,2024-12-20,其他专用设备
850727.SI,640209,其他专用设备,640200,专用设备,640000,机械设备,001395.SZ,001395.SZ,亚联机械,2025-01-27,其他专用设备
850727.SI,640209,其他专用设备,640200,专用设备,640000,机械设备,001400.SZ,001400.SZ,江顺科技,2025-04-24,其他专用设备
850727.SI,640209,其他专用设备,640200,专用设备,640000,机械设备,688813.SH,688813.SH,泰金新能,2026-03-31,其他专用设备
850727.SI,640209,其他专用设备,640200,专用设备,640000,机械设备,000856.SZ,000856.SZ,冀东装备,2021-12-13,其他专用设备
850936.SI,640501,轨交设备Ⅲ,640500,轨交设备Ⅱ,640000,机械设备,000925.SZ,000925.SZ,众合科技,2021-12-13,轨交设备Ⅲ
850936.SI,640501,轨交设备Ⅲ,640500,轨交设备Ⅱ,640000,机械设备,002972.SZ,002972.SZ,科安达,2021-12-13,轨交设备Ⅲ
850936.SI,640501,轨交设备Ⅲ,640500,轨交设备Ⅱ,640000,机械设备,300011.SZ,300011.SZ,鼎汉技术,2021-12-13,轨交设备Ⅲ
850936.SI,640501,轨交设备Ⅲ,640500,轨交设备Ⅱ,640000,机械设备,300351.SZ,300351.SZ,永贵电器,2021-12-13,轨交设备Ⅲ
850936.SI,640501,轨交设备Ⅲ,640500,轨交设备Ⅱ,640000,机械设备,300594.SZ,300594.SZ,ST朗进,2021-12-13,轨交设备Ⅲ
850936.SI,640501,轨交设备Ⅲ,640500,轨交设备Ⅱ,640000,机械设备,300851.SZ,300851.SZ,交大思诺,2021-12-13,轨交设备Ⅲ
850936.SI,640501,轨交设备Ⅲ,640500,轨交设备Ⅱ,640000,机械设备,300923.SZ,300923.SZ,研奥股份,2021-12-13,轨交设备Ⅲ
850936.SI,640501,轨交设备Ⅲ,640500,轨交设备Ⅱ,640000,机械设备,300960.SZ,300960.SZ,通业科技,2021-12-13,轨交设备Ⅲ
850936.SI,640501,轨交设备Ⅲ,640500,轨交设备Ⅱ,640000,机械设备,301016.SZ,301016.SZ,雷尔伟,2021-12-13,轨交设备Ⅲ
850936.SI,640501,轨交设备Ⅲ,640500,轨交设备Ⅱ,640000,机械设备,301048.SZ,301048.SZ,金鹰重工,2021-12-13,轨交设备Ⅲ
850936.SI,640501,轨交设备Ⅲ,640500,轨交设备Ⅱ,640000,机械设备,600495.SH,600495.SH,晋西车轴,2021-12-13,轨交设备Ⅲ
850936.SI,640501,轨交设备Ⅲ,640500,轨交设备Ⅱ,640000,机械设备,600528.SH,600528.SH,中铁工业,2021-12-13,轨交设备Ⅲ
850936.SI,640501,轨交设备Ⅲ,640500,轨交设备Ⅱ,640000,机械设备,601766.SH,601766.SH,中国中车,2021-12-13,轨交设备Ⅲ
850936.SI,640501,轨交设备Ⅲ,640500,轨交设备Ⅱ,640000,机械设备,603111.SH,603111.SH,康尼机电,2021-12-13,轨交设备Ⅲ
850936.SI,640501,轨交设备Ⅲ,640500,轨交设备Ⅱ,640000,机械设备,603500.SH,603500.SH,祥和实业,2021-12-13,轨交设备Ⅲ
850936.SI,640501,轨交设备Ⅲ,640500,轨交设备Ⅱ,640000,机械设备,603680.SH,603680.SH,今创集团,2021-12-13,轨交设备Ⅲ
850936.SI,640501,轨交设备Ⅲ,640500,轨交设备Ⅱ,640000,机械设备,605001.SH,605001.SH,威奥股份,2021-12-13,轨交设备Ⅲ
850936.SI,640501,轨交设备Ⅲ,640500,轨交设备Ⅱ,640000,机械设备,605298.SH,605298.SH,必得科技,2021-12-13,轨交设备Ⅲ
850936.SI,640501,轨交设备Ⅲ,640500,轨交设备Ⅱ,640000,机械设备,688009.SH,688009.SH,中国通号,2021-12-13,轨交设备Ⅲ
850936.SI,640501,轨交设备Ⅲ,640500,轨交设备Ⅱ,640000,机械设备,688015.SH,688015.SH,交控科技,2021-12-13,轨交设备Ⅲ
850936.SI,640501,轨交设备Ⅲ,640500,轨交设备Ⅱ,640000,机械设备,688033.SH,688033.SH,*ST天宜,2021-12-13,轨交设备Ⅲ
850936.SI,640501,轨交设备Ⅲ,640500,轨交设备Ⅱ,640000,机械设备,688187.SH,688187.SH,时代电气,2021-12-13,轨交设备Ⅲ
850936.SI,640501,轨交设备Ⅲ,640500,轨交设备Ⅱ,640000,机械设备,688285.SH,688285.SH,高铁电气,2021-12-13,轨交设备Ⅲ
850936.SI,640501,轨交设备Ⅲ,640500,轨交设备Ⅱ,640000,机械设备,688367.SH,688367.SH,工大高科,2021-12-13,轨交设备Ⅲ
850936.SI,640501,轨交设备Ⅲ,640500,轨交设备Ⅱ,640000,机械设备,688569.SH,688569.SH,铁科轨道,2021-12-13,轨交设备Ⅲ
850936.SI,640501,轨交设备Ⅲ,640500,轨交设备Ⅱ,640000,机械设备,000927.SZ,000927.SZ,中国铁物,2022-03-30,轨交设备Ⅲ
850936.SI,640501,轨交设备Ⅲ,640500,轨交设备Ⅱ,640000,机械设备,688459.SH,688459.SH,哈铁科技,2022-10-12,轨交设备Ⅲ
850936.SI,640501,轨交设备Ⅲ,640500,轨交设备Ⅱ,640000,机械设备,688485.SH,688485.SH,九州一轨,2023-01-18,轨交设备Ⅲ
850936.SI,640501,轨交设备Ⅲ,640500,轨交设备Ⅱ,640000,机械设备,001324.SZ,001324.SZ,长青科技,2023-05-22,轨交设备Ⅲ
850936.SI,640501,轨交设备Ⅲ,640500,轨交设备Ⅱ,640000,机械设备,000008.SZ,000008.SZ,神州高铁,2021-12-13,轨交设备Ⅲ
850771.SI,640601,工程机械整机,640600,工程机械,640000,机械设备,000425.SZ,000425.SZ,徐工机械,2021-12-13,工程机械整机
850771.SI,640601,工程机械整机,640600,工程机械,640000,机械设备,000528.SZ,000528.SZ,柳工,2021-12-13,工程机械整机
850771.SI,640601,工程机械整机,640600,工程机械,640000,机械设备,000680.SZ,000680.SZ,山推股份,2021-12-13,工程机械整机
850771.SI,640601,工程机械整机,640600,工程机械,640000,机械设备,002097.SZ,002097.SZ,山河智能,2021-12-13,工程机械整机
850771.SI,640601,工程机械整机,640600,工程机械,640000,机械设备,300201.SZ,300201.SZ,海伦哲,2021-12-13,工程机械整机
850771.SI,640601,工程机械整机,640600,工程机械,640000,机械设备,600031.SH,600031.SH,三一重工,2021-12-13,工程机械整机
850771.SI,640601,工程机械整机,640600,工程机械,640000,机械设备,600761.SH,600761.SH,安徽合力,2021-12-13,工程机械整机
850771.SI,640601,工程机械整机,640600,工程机械,640000,机械设备,600815.SH,600815.SH,厦工股份,2021-12-13,工程机械整机
850771.SI,640601,工程机械整机,640600,工程机械,640000,机械设备,600984.SH,600984.SH,建设机械,2021-12-13,工程机械整机
850771.SI,640601,工程机械整机,640600,工程机械,640000,机械设备,603298.SH,603298.SH,杭叉集团,2021-12-13,工程机械整机
850771.SI,640601,工程机械整机,640600,工程机械,640000,机械设备,603338.SH,603338.SH,浙江鼎力,2021-12-13,工程机械整机
850771.SI,640601,工程机械整机,640600,工程机械,640000,机械设备,605305.SH,605305.SH,中际联合,2021-12-13,工程机械整机
850771.SI,640601,工程机械整机,640600,工程机械,640000,机械设备,688425.SH,688425.SH,铁建重工,2021-12-13,工程机械整机
850771.SI,640601,工程机械整机,640600,工程机械,640000,机械设备,603280.SH,603280.SH,南方路机,2022-11-09,工程机械整机
850771.SI,640601,工程机械整机,640600,工程机械,640000,机械设备,603273.SH,603273.SH,天元智能,2023-10-23,工程机械整机
850771.SI,640601,工程机械整机,640600,工程机械,640000,机械设备,002685.SZ,002685.SZ,华东重机,2024-07-31,工程机械整机
850771.SI,640601,工程机械整机,640600,工程机械,640000,机械设备,603611.SH,603611.SH,诺力股份,2024-07-31,工程机械整机
850771.SI,640601,工程机械整机,640600,工程机械,640000,机械设备,603194.SH,603194.SH,中力股份,2024-12-24,工程机械整机
850771.SI,640601,工程机械整机,640600,工程机械,640000,机械设备,000157.SZ,000157.SZ,中联重科,2021-12-13,工程机械整机
850772.SI,640602,工程机械器件,640600,工程机械,640000,机械设备,601100.SH,601100.SH,恒立液压,2021-12-13,工程机械器件
850772.SI,640602,工程机械器件,640600,工程机械,640000,机械设备,603638.SH,603638.SH,艾迪精密,2021-12-13,工程机械器件
850772.SI,640602,工程机械器件,640600,工程机械,640000,机械设备,605389.SH,605389.SH,长龄液压,2021-12-13,工程机械器件
850772.SI,640602,工程机械器件,640600,工程机械,640000,机械设备,301279.SZ,301279.SZ,金道科技,2022-04-13,工程机械器件
850772.SI,640602,工程机械器件,640600,工程机械,640000,机械设备,001226.SZ,001226.SZ,拓山重工,2022-06-22,工程机械器件
850772.SI,640602,工程机械器件,640600,工程机械,640000,机械设备,301161.SZ,301161.SZ,唯万密封,2022-09-14,工程机械器件
850772.SI,640602,工程机械器件,640600,工程机械,640000,机械设备,301446.SZ,301446.SZ,福事特,2023-07-25,工程机械器件
850772.SI,640602,工程机械器件,640600,工程机械,640000,机械设备,001239.SZ,001239.SZ,永达股份,2023-12-12,工程机械器件
850772.SI,640602,工程机械器件,640600,工程机械,640000,机械设备,301079.SZ,301079.SZ,邵阳液压,2021-12-13,工程机械器件
850781.SI,640701,机器人,640700,自动化设备,640000,机械设备,002747.SZ,002747.SZ,埃斯顿,2021-12-13,机器人
850781.SI,640701,机器人,640700,自动化设备,640000,机械设备,002979.SZ,002979.SZ,雷赛智能,2021-12-13,机器人
850781.SI,640701,机器人,640700,自动化设备,640000,机械设备,300024.SZ,300024.SZ,机器人,2021-12-13,机器人
850781.SI,640701,机器人,640700,自动化设备,640000,机械设备,300276.SZ,300276.SZ,三丰智能,2021-12-13,机器人
850781.SI,640701,机器人,640700,自动化设备,640000,机械设备,300607.SZ,300607.SZ,拓斯达,2021-12-13,机器人
850781.SI,640701,机器人,640700,自动化设备,640000,机械设备,301199.SZ,301199.SZ,迈赫股份,2021-12-13,机器人
850781.SI,640701,机器人,640700,自动化设备,640000,机械设备,603416.SH,603416.SH,信捷电气,2021-12-13,机器人
850781.SI,640701,机器人,640700,自动化设备,640000,机械设备,603666.SH,603666.SH,亿嘉和,2021-12-13,机器人
850781.SI,640701,机器人,640700,自动化设备,640000,机械设备,688017.SH,688017.SH,绿的谐波,2021-12-13,机器人
850781.SI,640701,机器人,640700,自动化设备,640000,机械设备,688090.SH,688090.SH,瑞松科技,2021-12-13,机器人
850781.SI,640701,机器人,640700,自动化设备,640000,机械设备,688165.SH,688165.SH,埃夫特-U,2021-12-13,机器人
850781.SI,640701,机器人,640700,自动化设备,640000,机械设备,688218.SH,688218.SH,江苏北人,2021-12-13,机器人
850781.SI,640701,机器人,640700,自动化设备,640000,机械设备,688255.SH,688255.SH,凯尔达,2021-12-13,机器人
850781.SI,640701,机器人,640700,自动化设备,640000,机械设备,688290.SH,688290.SH,景业智能,2022-04-29,机器人
850781.SI,640701,机器人,640700,自动化设备,640000,机械设备,301112.SZ,301112.SZ,信邦智能,2022-06-29,机器人
850781.SI,640701,机器人,640700,自动化设备,640000,机械设备,600215.SH,600215.SH,派斯林,2022-08-01,机器人
850781.SI,640701,机器人,640700,自动化设备,640000,机械设备,688836.SH,688836.SH,宇树科技,2026-08-19,机器人
850781.SI,640701,机器人,640700,自动化设备,640000,机械设备,002698.SZ,002698.SZ,博实股份,2021-12-13,机器人
850782.SI,640702,工控设备,640700,自动化设备,640000,机械设备,002334.SZ,002334.SZ,英威腾,2021-12-13,工控设备
850782.SI,640702,工控设备,640700,自动化设备,640000,机械设备,002957.SZ,002957.SZ,科瑞技术,2021-12-13,工控设备
850782.SI,640702,工控设备,640700,自动化设备,640000,机械设备,002975.SZ,002975.SZ,博杰股份,2021-12-13,工控设备
850782.SI,640702,工控设备,640700,自动化设备,640000,机械设备,300048.SZ,300048.SZ,合康新能,2021-12-13,工控设备
850782.SI,640702,工控设备,640700,自动化设备,640000,机械设备,300083.SZ,300083.SZ,创世纪,2021-12-13,工控设备
850782.SI,640702,工控设备,640700,自动化设备,640000,机械设备,300124.SZ,300124.SZ,汇川技术,2021-12-13,工控设备
850782.SI,640702,工控设备,640700,自动化设备,640000,机械设备,300278.SZ,300278.SZ,华昌达,2021-12-13,工控设备
850782.SI,640702,工控设备,640700,自动化设备,640000,机械设备,300484.SZ,300484.SZ,蓝海华腾,2021-12-13,工控设备
850782.SI,640702,工控设备,640700,自动化设备,640000,机械设备,603015.SH,603015.SH,弘讯科技,2021-12-13,工控设备
850782.SI,640702,工控设备,640700,自动化设备,640000,机械设备,603025.SH,603025.SH,大豪科技,2021-12-13,工控设备
850782.SI,640702,工控设备,640700,自动化设备,640000,机械设备,603203.SH,603203.SH,快克智能,2021-12-13,工控设备
850782.SI,640702,工控设备,640700,自动化设备,640000,机械设备,603283.SH,603283.SH,赛腾股份,2021-12-13,工控设备
850782.SI,640702,工控设备,640700,自动化设备,640000,机械设备,603583.SH,603583.SH,捷昌驱动,2021-12-13,工控设备
850782.SI,640702,工控设备,640700,自动化设备,640000,机械设备,605288.SH,605288.SH,凯迪股份,2021-12-13,工控设备
850782.SI,640702,工控设备,640700,自动化设备,640000,机械设备,688160.SH,688160.SH,步科股份,2021-12-13,工控设备
850782.SI,640702,工控设备,640700,自动化设备,640000,机械设备,688395.SH,688395.SH,正弦电气,2021-12-13,工控设备
850782.SI,640702,工控设备,640700,自动化设备,640000,机械设备,688698.SH,688698.SH,伟创电气,2021-12-13,工控设备
850782.SI,640702,工控设备,640700,自动化设备,640000,机械设备,688777.SH,688777.SH,中控技术,2021-12-13,工控设备
850782.SI,640702,工控设备,640700,自动化设备,640000,机械设备,001266.SZ,001266.SZ,宏英智能,2022-02-28,工控设备
850782.SI,640702,工控设备,640700,自动化设备,640000,机械设备,688320.SH,688320.SH,禾川科技,2022-04-28,工控设备
850782.SI,640702,工控设备,640700,自动化设备,640000,机械设备,688570.SH,688570.SH,天玛智控,2023-06-05,工控设备
850782.SI,640702,工控设备,640700,自动化设备,640000,机械设备,301320.SZ,301320.SZ,豪江智能,2023-06-09,工控设备
850782.SI,640702,工控设备,640700,自动化设备,640000,机械设备,301510.SZ,301510.SZ,固高科技,2023-08-15,工控设备
850782.SI,640702,工控设备,640700,自动化设备,640000,机械设备,301418.SZ,301418.SZ,协昌科技,2023-08-21,工控设备
850782.SI,640702,工控设备,640700,自动化设备,640000,机械设备,603275.SH,603275.SH,众辰科技,2023-08-23,工控设备
850782.SI,640702,工控设备,640700,自动化设备,640000,机械设备,301633.SZ,301633.SZ,港迪技术,2024-11-07,工控设备
850782.SI,640702,工控设备,640700,自动化设备,640000,机械设备,002184.SZ,002184.SZ,海得控制,2021-12-13,工控设备
850783.SI,640703,激光设备,640700,自动化设备,640000,机械设备,002008.SZ,002008.SZ,大族激光,2021-12-13,激光设备
850783.SI,640703,激光设备,640700,自动化设备,640000,机械设备,300227.SZ,300227.SZ,光韵达,2021-12-13,激光设备
850783.SI,640703,激光设备,640700,自动化设备,640000,机械设备,300747.SZ,300747.SZ,锐科激光,2021-12-13,激光设备
850783.SI,640703,激光设备,640700,自动化设备,640000,机械设备,301021.SZ,301021.SZ,英诺激光,2021-12-13,激光设备
850783.SI,640703,激光设备,640700,自动化设备,640000,机械设备,688025.SH,688025.SH,杰普特,2021-12-13,激光设备
850783.SI,640703,激光设备,640700,自动化设备,640000,机械设备,688518.SH,688518.SH,联赢激光,2021-12-13,激光设备
850783.SI,640703,激光设备,640700,自动化设备,640000,机械设备,688559.SH,688559.SH,海目星,2021-12-13,激光设备
850783.SI,640703,激光设备,640700,自动化设备,640000,机械设备,688170.SH,688170.SH,德龙激光,2022-04-29,激光设备
850783.SI,640703,激光设备,640700,自动化设备,640000,机械设备,688646.SH,688646.SH,逸飞激光,2023-07-28,激光设备
850783.SI,640703,激光设备,640700,自动化设备,640000,机械设备,300220.SZ,300220.SZ,金运激光,2026-07-02,激光设备
850783.SI,640703,激光设备,640700,自动化设备,640000,机械设备,688826.SH,688826.SH,频准激光,2026-08-18,激光设备
850783.SI,640703,激光设备,640700,自动化设备,640000,机械设备,000988.SZ,000988.SZ,华工科技,2021-12-13,激光设备
850784.SI,640704,其他自动化设备,640700,自动化设备,640000,机械设备,300400.SZ,300400.SZ,劲拓股份,2021-12-13,其他自动化设备
850784.SI,640704,其他自动化设备,640700,自动化设备,640000,机械设备,300461.SZ,300461.SZ,田中精机,2021-12-13,其他自动化设备
850784.SI,640704,其他自动化设备,640700,自动化设备,640000,机械设备,300486.SZ,300486.SZ,东杰智能,2021-12-13,其他自动化设备
850784.SI,640704,其他自动化设备,640700,自动化设备,640000,机械设备,300757.SZ,300757.SZ,罗博特科,2021-12-13,其他自动化设备
850784.SI,640704,其他自动化设备,640700,自动化设备,640000,机械设备,300802.SZ,300802.SZ,矩子科技,2021-12-13,其他自动化设备
850784.SI,640704,其他自动化设备,640700,自动化设备,640000,机械设备,301029.SZ,301029.SZ,怡合达,2021-12-13,其他自动化设备
850784.SI,640704,其他自动化设备,640700,自动化设备,640000,机械设备,605186.SH,605186.SH,健麾信息,2021-12-13,其他自动化设备
850784.SI,640704,其他自动化设备,640700,自动化设备,640000,机械设备,688003.SH,688003.SH,天准科技,2021-12-13,其他自动化设备
850784.SI,640704,其他自动化设备,640700,自动化设备,640000,机械设备,688097.SH,688097.SH,博众精工,2021-12-13,其他自动化设备
850784.SI,640704,其他自动化设备,640700,自动化设备,640000,机械设备,688215.SH,688215.SH,瑞晟智能,2021-12-13,其他自动化设备
850784.SI,640704,其他自动化设备,640700,自动化设备,640000,机械设备,688310.SH,688310.SH,迈得医疗,2021-12-13,其他自动化设备
850784.SI,640704,其他自动化设备,640700,自动化设备,640000,机械设备,688329.SH,688329.SH,艾隆科技,2021-12-13,其他自动化设备
850784.SI,640704,其他自动化设备,640700,自动化设备,640000,机械设备,688686.SH,688686.SH,奥普特,2021-12-13,其他自动化设备
850784.SI,640704,其他自动化设备,640700,自动化设备,640000,机械设备,688306.SH,688306.SH,均普智能,2022-03-22,其他自动化设备
850784.SI,640704,其他自动化设备,640700,自动化设备,640000,机械设备,688125.SH,688125.SH,安达智能,2022-04-15,其他自动化设备
850784.SI,640704,其他自动化设备,640700,自动化设备,640000,机械设备,301312.SZ,301312.SZ,智立方,2022-07-11,其他自动化设备
850784.SI,640704,其他自动化设备,640700,自动化设备,640000,机械设备,688455.SH,688455.SH,科捷智能,2022-09-15,其他自动化设备
850784.SI,640704,其他自动化设备,640700,自动化设备,640000,机械设备,001223.SZ,001223.SZ,欧克科技,2022-12-12,其他自动化设备
850784.SI,640704,其他自动化设备,640700,自动化设备,640000,机械设备,688623.SH,688623.SH,双元科技,2023-06-08,其他自动化设备
850784.SI,640704,其他自动化设备,640700,自动化设备,640000,机械设备,301512.SZ,301512.SZ,智信精密,2023-07-20,其他自动化设备
850784.SI,640704,其他自动化设备,640700,自动化设备,640000,机械设备,301568.SZ,301568.SZ,思泰克,2023-11-28,其他自动化设备
850784.SI,640704,其他自动化设备,640700,自动化设备,640000,机械设备,603082.SH,603082.SH,北自科技,2024-01-30,其他自动化设备
850784.SI,640704,其他自动化设备,640700,自动化设备,640000,机械设备,688816.SH,688816.SH,易思维,2026-02-11,其他自动化设备
850784.SI,640704,其他自动化设备,640700,自动化设备,640000,机械设备,688835.SH,688835.SH,高凯技术,2026-08-25,其他自动化设备
850784.SI,640704,其他自动化设备,640700,自动化设备,640000,机械设备,300097.SZ,300097.SZ,智云股份,2021-12-13,其他自动化设备
857411.SI,650101,航天装备Ⅲ,650100,航天装备Ⅱ,650000,国防军工,003009.SZ,003009.SZ,中天火箭,2021-12-13,航天装备Ⅲ
857411.SI,650101,航天装备Ⅲ,650100,航天装备Ⅱ,650000,国防军工,300722.SZ,300722.SZ,新余国科,2021-12-13,航天装备Ⅲ
857411.SI,650101,航天装备Ⅲ,650100,航天装备Ⅱ,650000,国防军工,600118.SH,600118.SH,中国卫星,2021-12-13,航天装备Ⅲ
857411.SI,650101,航天装备Ⅲ,650100,航天装备Ⅱ,650000,国防军工,600879.SH,600879.SH,航天电子,2021-12-13,航天装备Ⅲ
857411.SI,650101,航天装备Ⅲ,650100,航天装备Ⅱ,650000,国防军工,601698.SH,601698.SH,中国卫通,2021-12-13,航天装备Ⅲ
857411.SI,650101,航天装备Ⅲ,650100,航天装备Ⅱ,650000,国防军工,688282.SH,688282.SH,理工导航,2022-03-18,航天装备Ⅲ
857411.SI,650101,航天装备Ⅲ,650100,航天装备Ⅱ,650000,国防军工,688523.SH,688523.SH,航天环宇,2023-06-02,航天装备Ⅲ
857411.SI,650101,航天装备Ⅲ,650100,航天装备Ⅱ,650000,国防军工,688818.SH,688818.SH,电科蓝天,2026-02-10,航天装备Ⅲ
857411.SI,650101,航天装备Ⅲ,650100,航天装备Ⅱ,650000,国防军工,002829.SZ,002829.SZ,星网宇达,2021-12-13,航天装备Ⅲ
857421.SI,650201,航空装备Ⅲ,650200,航空装备Ⅱ,650000,国防军工,000697.SZ,000697.SZ,炼石航空,2021-12-13,航空装备Ⅲ
857421.SI,650201,航空装备Ⅲ,650200,航空装备Ⅱ,650000,国防军工,000738.SZ,000738.SZ,航发控制,2021-12-13,航空装备Ⅲ
857421.SI,650201,航空装备Ⅲ,650200,航空装备Ⅱ,650000,国防军工,000768.SZ,000768.SZ,中航西飞,2021-12-13,航空装备Ⅲ
857421.SI,650201,航空装备Ⅲ,650200,航空装备Ⅱ,650000,国防军工,002023.SZ,002023.SZ,海特高新,2021-12-13,航空装备Ⅲ
857421.SI,650201,航空装备Ⅲ,650200,航空装备Ⅱ,650000,国防军工,002297.SZ,002297.SZ,博云新材,2021-12-13,航空装备Ⅲ
857421.SI,650201,航空装备Ⅲ,650200,航空装备Ⅱ,650000,国防军工,002389.SZ,002389.SZ,航天彩虹,2021-12-13,航空装备Ⅲ
857421.SI,650201,航空装备Ⅲ,650200,航空装备Ⅱ,650000,国防军工,002625.SZ,002625.SZ,光启技术,2021-12-13,航空装备Ⅲ
857421.SI,650201,航空装备Ⅲ,650200,航空装备Ⅱ,650000,国防军工,002933.SZ,002933.SZ,新兴装备,2021-12-13,航空装备Ⅲ
857421.SI,650201,航空装备Ⅲ,650200,航空装备Ⅱ,650000,国防军工,002985.SZ,002985.SZ,北摩高科,2021-12-13,航空装备Ⅲ
857421.SI,650201,航空装备Ⅲ,650200,航空装备Ⅱ,650000,国防军工,300034.SZ,300034.SZ,钢研高纳,2021-12-13,航空装备Ⅲ
857421.SI,650201,航空装备Ⅲ,650200,航空装备Ⅱ,650000,国防军工,300395.SZ,300395.SZ,菲利华,2021-12-13,航空装备Ⅲ
857421.SI,650201,航空装备Ⅲ,650200,航空装备Ⅱ,650000,国防军工,300424.SZ,300424.SZ,航新科技,2021-12-13,航空装备Ⅲ
857421.SI,650201,航空装备Ⅲ,650200,航空装备Ⅱ,650000,国防军工,300581.SZ,300581.SZ,晨曦航空,2021-12-13,航空装备Ⅲ
857421.SI,650201,航空装备Ⅲ,650200,航空装备Ⅱ,650000,国防军工,300696.SZ,300696.SZ,爱乐达,2021-12-13,航空装备Ⅲ
857421.SI,650201,航空装备Ⅲ,650200,航空装备Ⅱ,650000,国防军工,300699.SZ,300699.SZ,光威复材,2021-12-13,航空装备Ⅲ
857421.SI,650201,航空装备Ⅲ,650200,航空装备Ⅱ,650000,国防军工,300719.SZ,300719.SZ,安达维尔,2021-12-13,航空装备Ⅲ
857421.SI,650201,航空装备Ⅲ,650200,航空装备Ⅱ,650000,国防军工,300775.SZ,300775.SZ,三角防务,2021-12-13,航空装备Ⅲ
857421.SI,650201,航空装备Ⅲ,650200,航空装备Ⅱ,650000,国防军工,300777.SZ,300777.SZ,中简科技,2021-12-13,航空装备Ⅲ
857421.SI,650201,航空装备Ⅲ,650200,航空装备Ⅱ,650000,国防军工,300900.SZ,300900.SZ,广联航空,2021-12-13,航空装备Ⅲ
857421.SI,650201,航空装备Ⅲ,650200,航空装备Ⅱ,650000,国防军工,300965.SZ,300965.SZ,恒宇信通,2021-12-13,航空装备Ⅲ
857421.SI,650201,航空装备Ⅲ,650200,航空装备Ⅱ,650000,国防军工,600038.SH,600038.SH,中直股份,2021-12-13,航空装备Ⅲ
857421.SI,650201,航空装备Ⅲ,650200,航空装备Ⅱ,650000,国防军工,600316.SH,600316.SH,洪都航空,2021-12-13,航空装备Ⅲ
857421.SI,650201,航空装备Ⅲ,650200,航空装备Ⅱ,650000,国防军工,600372.SH,600372.SH,中航机载,2021-12-13,航空装备Ⅲ
857421.SI,650201,航空装备Ⅲ,650200,航空装备Ⅱ,650000,国防军工,600391.SH,600391.SH,航发科技,2021-12-13,航空装备Ⅲ
857421.SI,650201,航空装备Ⅲ,650200,航空装备Ⅱ,650000,国防军工,600760.SH,600760.SH,中航沈飞,2021-12-13,航空装备Ⅲ
857421.SI,650201,航空装备Ⅲ,650200,航空装备Ⅱ,650000,国防军工,600765.SH,600765.SH,中航重机,2021-12-13,航空装备Ⅲ
857421.SI,650201,航空装备Ⅲ,650200,航空装备Ⅱ,650000,国防军工,600862.SH,600862.SH,中航高科,2021-12-13,航空装备Ⅲ
857421.SI,650201,航空装备Ⅲ,650200,航空装备Ⅱ,650000,国防军工,600893.SH,600893.SH,航发动力,2021-12-13,航空装备Ⅲ
857421.SI,650201,航空装备Ⅲ,650200,航空装备Ⅱ,650000,国防军工,605123.SH,605123.SH,派克新材,2021-12-13,航空装备Ⅲ
857421.SI,650201,航空装备Ⅲ,650200,航空装备Ⅱ,650000,国防军工,688070.SH,688070.SH,纵横股份,2021-12-13,航空装备Ⅲ
857421.SI,650201,航空装备Ⅲ,650200,航空装备Ⅱ,650000,国防军工,688122.SH,688122.SH,西部超导,2021-12-13,航空装备Ⅲ
857421.SI,650201,航空装备Ⅲ,650200,航空装备Ⅱ,650000,国防军工,688239.SH,688239.SH,航宇科技,2021-12-13,航空装备Ⅲ
857421.SI,650201,航空装备Ⅲ,650200,航空装备Ⅱ,650000,国防军工,688510.SH,688510.SH,航亚科技,2021-12-13,航空装备Ⅲ
857421.SI,650201,航空装备Ⅲ,650200,航空装备Ⅱ,650000,国防军工,688586.SH,688586.SH,江航装备,2021-12-13,航空装备Ⅲ
857421.SI,650201,航空装备Ⅲ,650200,航空装备Ⅱ,650000,国防军工,688685.SH,688685.SH,迈信林,2021-12-13,航空装备Ⅲ
857421.SI,650201,航空装备Ⅲ,650200,航空装备Ⅱ,650000,国防军工,688281.SH,688281.SH,华秦科技,2022-03-07,航空装备Ⅲ
857421.SI,650201,航空装备Ⅲ,650200,航空装备Ⅱ,650000,国防军工,603261.SH,603261.SH,立航科技,2022-03-15,航空装备Ⅲ
857421.SI,650201,航空装备Ⅲ,650200,航空装备Ⅱ,650000,国防军工,688297.SH,688297.SH,中无人机,2022-06-29,航空装备Ⅲ
857421.SI,650201,航空装备Ⅲ,650200,航空装备Ⅱ,650000,国防军工,688237.SH,688237.SH,超卓航科,2022-07-01,航空装备Ⅲ
857421.SI,650201,航空装备Ⅲ,650200,航空装备Ⅱ,650000,国防军工,002651.SZ,002651.SZ,利君股份,2022-08-01,航空装备Ⅲ
857421.SI,650201,航空装备Ⅲ,650200,航空装备Ⅱ,650000,国防军工,002111.SZ,002111.SZ,威海广泰,2023-07-06,航空装备Ⅲ
857421.SI,650201,航空装备Ⅲ,650200,航空装备Ⅱ,650000,国防军工,688563.SH,688563.SH,航材股份,2023-07-19,航空装备Ⅲ
857421.SI,650201,航空装备Ⅲ,650200,航空装备Ⅱ,650000,国防军工,301586.SZ,301586.SZ,佳力奇,2024-08-28,航空装备Ⅲ
857421.SI,650201,航空装备Ⅲ,650200,航空装备Ⅱ,650000,国防军工,688708.SH,688708.SH,佳驰科技,2024-12-05,航空装备Ⅲ
857421.SI,650201,航空装备Ⅲ,650200,航空装备Ⅱ,650000,国防军工,302132.SZ,302132.SZ,中航成飞,2026-08-25,航空装备Ⅲ
857421.SI,650201,航空装备Ⅲ,650200,航空装备Ⅱ,650000,国防军工,000561.SZ,000561.SZ,烽火电子,2021-12-13,航空装备Ⅲ
857431.SI,650301,地面兵装Ⅲ,650300,地面兵装Ⅱ,650000,国防军工,000576.SZ,000576.SZ,甘化科工,2021-12-13,地面兵装Ⅲ
857431.SI,650301,地面兵装Ⅲ,650300,地面兵装Ⅱ,650000,国防军工,300527.SZ,300527.SZ,ST应急,2021-12-13,地面兵装Ⅲ
857431.SI,650301,地面兵装Ⅲ,650300,地面兵装Ⅱ,650000,国防军工,300875.SZ,300875.SZ,捷强装备,2021-12-13,地面兵装Ⅲ
857431.SI,650301,地面兵装Ⅲ,650300,地面兵装Ⅱ,650000,国防军工,300922.SZ,300922.SZ,天秦装备,2021-12-13,地面兵装Ⅲ
857431.SI,650301,地面兵装Ⅲ,650300,地面兵装Ⅱ,650000,国防军工,600184.SH,600184.SH,光电股份,2021-12-13,地面兵装Ⅲ
857431.SI,650301,地面兵装Ⅲ,650300,地面兵装Ⅱ,650000,国防军工,600435.SH,600435.SH,北方导航,2021-12-13,地面兵装Ⅲ
857431.SI,650301,地面兵装Ⅲ,650300,地面兵装Ⅱ,650000,国防军工,600967.SH,600967.SH,内蒙一机,2021-12-13,地面兵装Ⅲ
857431.SI,650301,地面兵装Ⅲ,650300,地面兵装Ⅱ,650000,国防军工,601606.SH,601606.SH,长城军工,2021-12-13,地面兵装Ⅲ
857431.SI,650301,地面兵装Ⅲ,650300,地面兵装Ⅱ,650000,国防军工,301357.SZ,301357.SZ,北方长龙,2023-04-18,地面兵装Ⅲ
857431.SI,650301,地面兵装Ⅲ,650300,地面兵装Ⅱ,650000,国防军工,688543.SH,688543.SH,国科军工,2023-06-21,地面兵装Ⅲ
857431.SI,650301,地面兵装Ⅲ,650300,地面兵装Ⅱ,650000,国防军工,002519.SZ,002519.SZ,银河电子,2023-08-24,地面兵装Ⅲ
857431.SI,650301,地面兵装Ⅲ,650300,地面兵装Ⅱ,650000,国防军工,000519.SZ,000519.SZ,中兵红箭,2021-12-13,地面兵装Ⅲ
850935.SI,650401,航海装备Ⅲ,650400,航海装备Ⅱ,650000,国防军工,300065.SZ,300065.SZ,海兰信,2021-12-13,航海装备Ⅲ
850935.SI,650401,航海装备Ⅲ,650400,航海装备Ⅱ,650000,国防军工,300589.SZ,300589.SZ,江龙船艇,2021-12-13,航海装备Ⅲ
850935.SI,650401,航海装备Ⅲ,650400,航海装备Ⅱ,650000,国防军工,300600.SZ,300600.SZ,国瑞科技,2021-12-13,航海装备Ⅲ
850935.SI,650401,航海装备Ⅲ,650400,航海装备Ⅱ,650000,国防军工,300810.SZ,300810.SZ,中科海讯,2021-12-13,航海装备Ⅲ
850935.SI,650401,航海装备Ⅲ,650400,航海装备Ⅱ,650000,国防军工,600150.SH,600150.SH,中国船舶,2021-12-13,航海装备Ⅲ
850935.SI,650401,航海装备Ⅲ,650400,航海装备Ⅱ,650000,国防军工,600685.SH,600685.SH,中船防务,2021-12-13,航海装备Ⅲ
850935.SI,650401,航海装备Ⅲ,650400,航海装备Ⅱ,650000,国防军工,600764.SH,600764.SH,中国海防,2021-12-13,航海装备Ⅲ
850935.SI,650401,航海装备Ⅲ,650400,航海装备Ⅱ,650000,国防军工,601890.SH,601890.SH,亚星锚链,2021-12-13,航海装备Ⅲ
850935.SI,650401,航海装备Ⅲ,650400,航海装备Ⅱ,650000,国防军工,603268.SH,603268.SH,松发股份,2026-02-03,航海装备Ⅲ
850935.SI,650401,航海装备Ⅲ,650400,航海装备Ⅱ,650000,国防军工,300008.SZ,300008.SZ,天海防务,2021-12-13,航海装备Ⅲ
857451.SI,650501,军工电子Ⅲ,650500,军工电子Ⅱ,650000,国防军工,000733.SZ,000733.SZ,振华科技,2021-12-13,军工电子Ⅲ
857451.SI,650501,军工电子Ⅲ,650500,军工电子Ⅱ,650000,国防军工,002025.SZ,002025.SZ,航天电器,2021-12-13,军工电子Ⅲ
857451.SI,650501,军工电子Ⅲ,650500,军工电子Ⅱ,650000,国防军工,002151.SZ,002151.SZ,北斗星通,2021-12-13,军工电子Ⅲ
857451.SI,650501,军工电子Ⅲ,650500,军工电子Ⅱ,650000,国防军工,002179.SZ,002179.SZ,中航光电,2021-12-13,军工电子Ⅲ
857451.SI,650501,军工电子Ⅲ,650500,军工电子Ⅱ,650000,国防军工,002189.SZ,002189.SZ,中光学,2021-12-13,军工电子Ⅲ
857451.SI,650501,军工电子Ⅲ,650500,军工电子Ⅱ,650000,国防军工,002214.SZ,002214.SZ,大立科技,2021-12-13,军工电子Ⅲ
857451.SI,650501,军工电子Ⅲ,650500,军工电子Ⅱ,650000,国防军工,002338.SZ,002338.SZ,奥普光电,2021-12-13,军工电子Ⅲ
857451.SI,650501,军工电子Ⅲ,650500,军工电子Ⅱ,650000,国防军工,002383.SZ,002383.SZ,合众思壮,2021-12-13,军工电子Ⅲ
857451.SI,650501,军工电子Ⅲ,650500,军工电子Ⅱ,650000,国防军工,002413.SZ,002413.SZ,雷科防务,2021-12-13,军工电子Ⅲ
857451.SI,650501,军工电子Ⅲ,650500,军工电子Ⅱ,650000,国防军工,002414.SZ,002414.SZ,高德红外,2021-12-13,军工电子Ⅲ
857451.SI,650501,军工电子Ⅲ,650500,军工电子Ⅱ,650000,国防军工,002446.SZ,002446.SZ,盛路通信,2021-12-13,军工电子Ⅲ
857451.SI,650501,军工电子Ⅲ,650500,军工电子Ⅱ,650000,国防军工,002465.SZ,002465.SZ,海格通信,2021-12-13,军工电子Ⅲ
857451.SI,650501,军工电子Ⅲ,650500,军工电子Ⅱ,650000,国防军工,002935.SZ,002935.SZ,天奥电子,2021-12-13,军工电子Ⅲ
857451.SI,650501,军工电子Ⅲ,650500,军工电子Ⅱ,650000,国防军工,002977.SZ,002977.SZ,*ST天箭,2021-12-13,军工电子Ⅲ
857451.SI,650501,军工电子Ⅲ,650500,军工电子Ⅱ,650000,国防军工,300045.SZ,300045.SZ,华力创通,2021-12-13,军工电子Ⅲ
857451.SI,650501,军工电子Ⅲ,650500,军工电子Ⅱ,650000,国防军工,300101.SZ,300101.SZ,振芯科技,2021-12-13,军工电子Ⅲ
857451.SI,650501,军工电子Ⅲ,650500,军工电子Ⅱ,650000,国防军工,300123.SZ,300123.SZ,ST亚光,2021-12-13,军工电子Ⅲ
857451.SI,650501,军工电子Ⅲ,650500,军工电子Ⅱ,650000,国防军工,300177.SZ,300177.SZ,中海达,2021-12-13,军工电子Ⅲ
857451.SI,650501,军工电子Ⅲ,650500,军工电子Ⅱ,650000,国防军工,300252.SZ,300252.SZ,金信诺,2021-12-13,军工电子Ⅲ
857451.SI,650501,军工电子Ⅲ,650500,军工电子Ⅱ,650000,国防军工,300447.SZ,300447.SZ,全信股份,2021-12-13,军工电子Ⅲ
857451.SI,650501,军工电子Ⅲ,650500,军工电子Ⅱ,650000,国防军工,300474.SZ,300474.SZ,景嘉微,2021-12-13,军工电子Ⅲ
857451.SI,650501,军工电子Ⅲ,650500,军工电子Ⅱ,650000,国防军工,300726.SZ,300726.SZ,宏达电子,2021-12-13,军工电子Ⅲ
857451.SI,650501,军工电子Ⅲ,650500,军工电子Ⅱ,650000,国防军工,300762.SZ,300762.SZ,上海瀚讯,2021-12-13,军工电子Ⅲ
857451.SI,650501,军工电子Ⅲ,650500,军工电子Ⅱ,650000,国防军工,301050.SZ,301050.SZ,雷电微力,2021-12-13,军工电子Ⅲ
857451.SI,650501,军工电子Ⅲ,650500,军工电子Ⅱ,650000,国防军工,301213.SZ,301213.SZ,观想科技,2021-12-13,军工电子Ⅲ
857451.SI,650501,军工电子Ⅲ,650500,军工电子Ⅱ,650000,国防军工,600562.SH,600562.SH,国睿科技,2021-12-13,军工电子Ⅲ
857451.SI,650501,军工电子Ⅲ,650500,军工电子Ⅱ,650000,国防军工,600990.SH,600990.SH,四创电子,2021-12-13,军工电子Ⅲ
857451.SI,650501,军工电子Ⅲ,650500,军工电子Ⅱ,650000,国防军工,603267.SH,603267.SH,鸿远电子,2021-12-13,军工电子Ⅲ
857451.SI,650501,军工电子Ⅲ,650500,军工电子Ⅱ,650000,国防军工,603678.SH,603678.SH,火炬电子,2021-12-13,军工电子Ⅲ
857451.SI,650501,军工电子Ⅲ,650500,军工电子Ⅱ,650000,国防军工,603712.SH,603712.SH,七一二,2021-12-13,军工电子Ⅲ
857451.SI,650501,军工电子Ⅲ,650500,军工电子Ⅱ,650000,国防军工,688011.SH,688011.SH,新光光电,2021-12-13,军工电子Ⅲ
857451.SI,650501,军工电子Ⅲ,650500,军工电子Ⅱ,650000,国防军工,688081.SH,688081.SH,兴图新科,2021-12-13,军工电子Ⅲ
857451.SI,650501,军工电子Ⅲ,650500,军工电子Ⅱ,650000,国防军工,688272.SH,688272.SH,富吉瑞,2021-12-13,军工电子Ⅲ
857451.SI,650501,军工电子Ⅲ,650500,军工电子Ⅱ,650000,国防军工,688311.SH,688311.SH,盟升电子,2021-12-13,军工电子Ⅲ
857451.SI,650501,军工电子Ⅲ,650500,军工电子Ⅱ,650000,国防军工,688511.SH,688511.SH,天微电子,2021-12-13,军工电子Ⅲ
857451.SI,650501,军工电子Ⅲ,650500,军工电子Ⅱ,650000,国防军工,688636.SH,688636.SH,智明达,2021-12-13,军工电子Ⅲ
857451.SI,650501,军工电子Ⅲ,650500,军工电子Ⅱ,650000,国防军工,688682.SH,688682.SH,霍莱沃,2021-12-13,军工电子Ⅲ
857451.SI,650501,军工电子Ⅲ,650500,军工电子Ⅱ,650000,国防军工,688776.SH,688776.SH,国光电气,2021-12-13,军工电子Ⅲ
857451.SI,650501,军工电子Ⅲ,650500,军工电子Ⅱ,650000,国防军工,688788.SH,688788.SH,科思科技,2021-12-13,军工电子Ⅲ
857451.SI,650501,军工电子Ⅲ,650500,军工电子Ⅱ,650000,国防军工,688175.SH,688175.SH,高凌信息,2022-03-15,军工电子Ⅲ
857451.SI,650501,军工电子Ⅲ,650500,军工电子Ⅱ,650000,国防军工,001270.SZ,001270.SZ,铖昌科技,2022-06-06,军工电子Ⅲ
857451.SI,650501,军工电子Ⅲ,650500,军工电子Ⅱ,650000,国防军工,301302.SZ,301302.SZ,华如科技,2022-06-23,军工电子Ⅲ
857451.SI,650501,军工电子Ⅲ,650500,军工电子Ⅱ,650000,国防军工,688053.SH,688053.SH,ST思科瑞,2022-07-12,军工电子Ⅲ
857451.SI,650501,军工电子Ⅲ,650500,军工电子Ⅱ,650000,国防军工,688375.SH,688375.SH,国博电子,2022-07-22,军工电子Ⅲ
857451.SI,650501,军工电子Ⅲ,650500,军工电子Ⅱ,650000,国防军工,301306.SZ,301306.SZ,西测测试,2022-07-26,军工电子Ⅲ
857451.SI,650501,军工电子Ⅲ,650500,军工电子Ⅱ,650000,国防军工,300397.SZ,300397.SZ,天和防务,2022-08-01,军工电子Ⅲ
857451.SI,650501,军工电子Ⅲ,650500,军工电子Ⅱ,650000,国防军工,300629.SZ,300629.SZ,新劲刚,2022-08-01,军工电子Ⅲ
857451.SI,650501,军工电子Ⅲ,650500,军工电子Ⅱ,650000,国防军工,688439.SH,688439.SH,振华风光,2022-08-26,军工电子Ⅲ
857451.SI,650501,军工电子Ⅲ,650500,军工电子Ⅱ,650000,国防军工,688132.SH,688132.SH,邦彦技术,2022-09-23,军工电子Ⅲ
857451.SI,650501,军工电子Ⅲ,650500,军工电子Ⅱ,650000,国防军工,688084.SH,688084.SH,晶品特装,2022-12-08,军工电子Ⅲ
857451.SI,650501,军工电子Ⅲ,650500,军工电子Ⅱ,650000,国防军工,688522.SH,688522.SH,纳睿雷达,2023-03-01,军工电子Ⅲ
857451.SI,650501,军工电子Ⅲ,650500,军工电子Ⅱ,650000,国防军工,688552.SH,688552.SH,航天南湖,2023-05-18,军工电子Ⅲ
857451.SI,650501,军工电子Ⅲ,650500,军工电子Ⅱ,650000,国防军工,688629.SH,688629.SH,华丰科技,2023-06-27,军工电子Ⅲ
857451.SI,650501,军工电子Ⅲ,650500,军工电子Ⅱ,650000,国防军工,301517.SZ,301517.SZ,陕西华达,2023-10-17,军工电子Ⅲ
857451.SI,650501,军工电子Ⅲ,650500,军工电子Ⅱ,650000,国防军工,600855.SH,600855.SH,航天长峰,2024-07-31,军工电子Ⅲ
857451.SI,650501,军工电子Ⅲ,650500,军工电子Ⅱ,650000,国防军工,301571.SZ,301571.SZ,国科天成,2024-08-21,军工电子Ⅲ
857451.SI,650501,军工电子Ⅲ,650500,军工电子Ⅱ,650000,国防军工,301592.SZ,301592.SZ,六九一二,2024-10-24,军工电子Ⅲ
857451.SI,650501,军工电子Ⅲ,650500,军工电子Ⅱ,650000,国防军工,301682.SZ,301682.SZ,宏明电子,2026-03-25,军工电子Ⅲ
857451.SI,650501,军工电子Ⅲ,650500,军工电子Ⅱ,650000,国防军工,301707.SZ,301707.SZ,展芯股份,2026-08-07,军工电子Ⅲ
857451.SI,650501,军工电子Ⅲ,650500,军工电子Ⅱ,650000,国防军工,000547.SZ,000547.SZ,航天发展,2021-12-13,军工电子Ⅲ
850702.SI,710102,安防设备,710100,计算机设备,710000,计算机,002415.SZ,002415.SZ,海康威视,2021-12-13,安防设备
850702.SI,710102,安防设备,710100,计算机设备,710000,计算机,002528.SZ,002528.SZ,*ST英飞,2021-12-13,安防设备
850702.SI,710102,安防设备,710100,计算机设备,710000,计算机,002835.SZ,002835.SZ,同为股份,2021-12-13,安防设备
850702.SI,710102,安防设备,710100,计算机设备,710000,计算机,003004.SZ,003004.SZ,声迅股份,2021-12-13,安防设备
850702.SI,710102,安防设备,710100,计算机设备,710000,计算机,300155.SZ,300155.SZ,安居宝,2021-12-13,安防设备
850702.SI,710102,安防设备,710100,计算机设备,710000,计算机,300270.SZ,300270.SZ,中威电子,2021-12-13,安防设备
850702.SI,710102,安防设备,710100,计算机设备,710000,计算机,300449.SZ,300449.SZ,汉邦高科,2021-12-13,安防设备
850702.SI,710102,安防设备,710100,计算机设备,710000,计算机,300588.SZ,300588.SZ,熙菱信息,2021-12-13,安防设备
850702.SI,710102,安防设备,710100,计算机设备,710000,计算机,300691.SZ,300691.SZ,联合光电,2021-12-13,安防设备
850702.SI,710102,安防设备,710100,计算机设备,710000,计算机,300790.SZ,300790.SZ,宇瞳光学,2021-12-13,安防设备
850702.SI,710102,安防设备,710100,计算机设备,710000,计算机,300884.SZ,300884.SZ,狄耐克,2021-12-13,安防设备
850702.SI,710102,安防设备,710100,计算机设备,710000,计算机,301042.SZ,301042.SZ,安联锐视,2021-12-13,安防设备
850702.SI,710102,安防设备,710100,计算机设备,710000,计算机,603508.SH,603508.SH,思维列控,2021-12-13,安防设备
850702.SI,710102,安防设备,710100,计算机设备,710000,计算机,605118.SH,605118.SH,力鼎光电,2021-12-13,安防设备
850702.SI,710102,安防设备,710100,计算机设备,710000,计算机,688619.SH,688619.SH,罗普特,2021-12-13,安防设备
850702.SI,710102,安防设备,710100,计算机设备,710000,计算机,301117.SZ,301117.SZ,ST佳缘,2022-01-17,安防设备
850702.SI,710102,安防设备,710100,计算机设备,710000,计算机,300275.SZ,300275.SZ,梅安森,2022-08-01,安防设备
850702.SI,710102,安防设备,710100,计算机设备,710000,计算机,301318.SZ,301318.SZ,维海德,2022-08-10,安防设备
850702.SI,710102,安防设备,710100,计算机设备,710000,计算机,301330.SZ,301330.SZ,熵基科技,2022-08-17,安防设备
850702.SI,710102,安防设备,710100,计算机设备,710000,计算机,688489.SH,688489.SH,三未信安,2022-12-02,安防设备
850702.SI,710102,安防设备,710100,计算机设备,710000,计算机,688475.SH,688475.SH,萤石网络,2022-12-28,安防设备
850702.SI,710102,安防设备,710100,计算机设备,710000,计算机,301182.SZ,301182.SZ,凯旺科技,2024-07-31,安防设备
850702.SI,710102,安防设备,710100,计算机设备,710000,计算机,002236.SZ,002236.SZ,大华股份,2021-12-13,安防设备
850703.SI,710103,其他计算机设备,710100,计算机设备,710000,计算机,000977.SZ,000977.SZ,浪潮信息,2021-12-13,其他计算机设备
850703.SI,710103,其他计算机设备,710100,计算机设备,710000,计算机,000997.SZ,000997.SZ,新大陆,2021-12-13,其他计算机设备
850703.SI,710103,其他计算机设备,710100,计算机设备,710000,计算机,002152.SZ,002152.SZ,广电运通,2021-12-13,其他计算机设备
850703.SI,710103,其他计算机设备,710100,计算机设备,710000,计算机,002197.SZ,002197.SZ,证通电子,2021-12-13,其他计算机设备
850703.SI,710103,其他计算机设备,710100,计算机设备,710000,计算机,002268.SZ,002268.SZ,电科网安,2021-12-13,其他计算机设备
850703.SI,710103,其他计算机设备,710100,计算机设备,710000,计算机,002376.SZ,002376.SZ,新北洋,2021-12-13,其他计算机设备
850703.SI,710103,其他计算机设备,710100,计算机设备,710000,计算机,002512.SZ,002512.SZ,ST达华,2021-12-13,其他计算机设备
850703.SI,710103,其他计算机设备,710100,计算机设备,710000,计算机,002577.SZ,002577.SZ,雷柏科技,2021-12-13,其他计算机设备
850703.SI,710103,其他计算机设备,710100,计算机设备,710000,计算机,002912.SZ,002912.SZ,中新赛克,2021-12-13,其他计算机设备
850703.SI,710103,其他计算机设备,710100,计算机设备,710000,计算机,002970.SZ,002970.SZ,锐明技术,2021-12-13,其他计算机设备
850703.SI,710103,其他计算机设备,710100,计算机设备,710000,计算机,002990.SZ,002990.SZ,盛视科技,2021-12-13,其他计算机设备
850703.SI,710103,其他计算机设备,710100,计算机设备,710000,计算机,300042.SZ,300042.SZ,朗科科技,2021-12-13,其他计算机设备
850703.SI,710103,其他计算机设备,710100,计算机设备,710000,计算机,300130.SZ,300130.SZ,新国都,2021-12-13,其他计算机设备
850703.SI,710103,其他计算机设备,710100,计算机设备,710000,计算机,300248.SZ,300248.SZ,新开普,2021-12-13,其他计算机设备
850703.SI,710103,其他计算机设备,710100,计算机设备,710000,计算机,300249.SZ,300249.SZ,依米康,2021-12-13,其他计算机设备
850703.SI,710103,其他计算机设备,710100,计算机设备,710000,计算机,300302.SZ,300302.SZ,同有科技,2021-12-13,其他计算机设备
850703.SI,710103,其他计算机设备,710100,计算机设备,710000,计算机,300324.SZ,300324.SZ,旋极信息,2021-12-13,其他计算机设备
850703.SI,710103,其他计算机设备,710100,计算机设备,710000,计算机,300333.SZ,300333.SZ,兆日科技,2021-12-13,其他计算机设备
850703.SI,710103,其他计算机设备,710100,计算机设备,710000,计算机,300368.SZ,300368.SZ,汇金股份,2021-12-13,其他计算机设备
850703.SI,710103,其他计算机设备,710100,计算机设备,710000,计算机,300386.SZ,300386.SZ,飞天诚信,2021-12-13,其他计算机设备
850703.SI,710103,其他计算机设备,710100,计算机设备,710000,计算机,300455.SZ,300455.SZ,航天智装,2021-12-13,其他计算机设备
850703.SI,710103,其他计算机设备,710100,计算机设备,710000,计算机,300462.SZ,300462.SZ,ST华铭,2021-12-13,其他计算机设备
850703.SI,710103,其他计算机设备,710100,计算机设备,710000,计算机,300479.SZ,300479.SZ,神思电子,2021-12-13,其他计算机设备
850703.SI,710103,其他计算机设备,710100,计算机设备,710000,计算机,300508.SZ,300508.SZ,维宏股份,2021-12-13,其他计算机设备
850703.SI,710103,其他计算机设备,710100,计算机设备,710000,计算机,300531.SZ,300531.SZ,优博讯,2021-12-13,其他计算机设备
850703.SI,710103,其他计算机设备,710100,计算机设备,710000,计算机,300546.SZ,300546.SZ,雄帝科技,2021-12-13,其他计算机设备
850703.SI,710103,其他计算机设备,710100,计算机设备,710000,计算机,300551.SZ,300551.SZ,古鳌科技,2021-12-13,其他计算机设备
850703.SI,710103,其他计算机设备,710100,计算机设备,710000,计算机,300552.SZ,300552.SZ,万集科技,2021-12-13,其他计算机设备
850703.SI,710103,其他计算机设备,710100,计算机设备,710000,计算机,300645.SZ,300645.SZ,正元智慧,2021-12-13,其他计算机设备
850703.SI,710103,其他计算机设备,710100,计算机设备,710000,计算机,300659.SZ,300659.SZ,中孚信息,2021-12-13,其他计算机设备
850703.SI,710103,其他计算机设备,710100,计算机设备,710000,计算机,300743.SZ,300743.SZ,天地数码,2021-12-13,其他计算机设备
850703.SI,710103,其他计算机设备,710100,计算机设备,710000,计算机,300771.SZ,300771.SZ,智莱科技,2021-12-13,其他计算机设备
850703.SI,710103,其他计算机设备,710100,计算机设备,710000,计算机,300789.SZ,300789.SZ,唐源电气,2021-12-13,其他计算机设备
850703.SI,710103,其他计算机设备,710100,计算机设备,710000,计算机,300807.SZ,300807.SZ,天迈科技,2021-12-13,其他计算机设备
850703.SI,710103,其他计算机设备,710100,计算机设备,710000,计算机,300845.SZ,300845.SZ,捷安高科,2021-12-13,其他计算机设备
850703.SI,710103,其他计算机设备,710100,计算机设备,710000,计算机,300941.SZ,300941.SZ,创识科技,2021-12-13,其他计算机设备
850703.SI,710103,其他计算机设备,710100,计算机设备,710000,计算机,600100.SH,600100.SH,同方股份,2021-12-13,其他计算机设备
850703.SI,710103,其他计算机设备,710100,计算机设备,710000,计算机,603019.SH,603019.SH,中科曙光,2021-12-13,其他计算机设备
850703.SI,710103,其他计算机设备,710100,计算机设备,710000,计算机,603106.SH,603106.SH,恒银科技,2021-12-13,其他计算机设备
850703.SI,710103,其他计算机设备,710100,计算机设备,710000,计算机,603496.SH,603496.SH,恒为科技,2021-12-13,其他计算机设备
850703.SI,710103,其他计算机设备,710100,计算机设备,710000,计算机,603516.SH,603516.SH,淳中科技,2021-12-13,其他计算机设备
850703.SI,710103,其他计算机设备,710100,计算机设备,710000,计算机,603660.SH,603660.SH,苏州科达,2021-12-13,其他计算机设备
850703.SI,710103,其他计算机设备,710100,计算机设备,710000,计算机,688060.SH,688060.SH,云涌科技,2021-12-13,其他计算机设备
850703.SI,710103,其他计算机设备,710100,计算机设备,710000,计算机,688188.SH,688188.SH,柏楚电子,2021-12-13,其他计算机设备
850703.SI,710103,其他计算机设备,710100,计算机设备,710000,计算机,688208.SH,688208.SH,道通科技,2021-12-13,其他计算机设备
850703.SI,710103,其他计算机设备,710100,计算机设备,710000,计算机,688288.SH,688288.SH,鸿泉技术,2021-12-13,其他计算机设备
850703.SI,710103,其他计算机设备,710100,计算机设备,710000,计算机,001229.SZ,001229.SZ,魅视科技,2022-08-08,其他计算机设备
850703.SI,710103,其他计算机设备,710100,计算机设备,710000,计算机,001339.SZ,001339.SZ,智微智能,2022-08-15,其他计算机设备
850703.SI,710103,其他计算机设备,710100,计算机设备,710000,计算机,301339.SZ,301339.SZ,通行宝,2022-09-09,其他计算机设备
850703.SI,710103,其他计算机设备,710100,计算机设备,710000,计算机,301391.SZ,301391.SZ,卡莱特,2022-12-01,其他计算机设备
850703.SI,710103,其他计算机设备,710100,计算机设备,710000,计算机,002180.SZ,002180.SZ,奔图科技,2023-03-17,其他计算机设备
850703.SI,710103,其他计算机设备,710100,计算机设备,710000,计算机,301503.SZ,301503.SZ,智迪科技,2023-07-17,其他计算机设备
850703.SI,710103,其他计算机设备,710100,计算机设备,710000,计算机,301589.SZ,301589.SZ,诺瓦星云,2024-02-08,其他计算机设备
850703.SI,710103,其他计算机设备,710100,计算机设备,710000,计算机,688292.SH,688292.SH,浩瀚深度,2024-05-22,其他计算机设备
850703.SI,710103,其他计算机设备,710100,计算机设备,710000,计算机,002869.SZ,002869.SZ,金溢科技,2024-07-31,其他计算机设备
850703.SI,710103,其他计算机设备,710100,计算机设备,710000,计算机,300847.SZ,300847.SZ,中船汉光,2024-07-31,其他计算机设备
850703.SI,710103,其他计算机设备,710100,计算机设备,710000,计算机,301608.SZ,301608.SZ,博实结,2024-08-01,其他计算机设备
850703.SI,710103,其他计算机设备,710100,计算机设备,710000,计算机,301600.SZ,301600.SZ,慧翰股份,2024-09-11,其他计算机设备
850703.SI,710103,其他计算机设备,710100,计算机设备,710000,计算机,000066.SZ,000066.SZ,中国长城,2021-12-13,其他计算机设备
852226.SI,710301,IT服务Ⅲ,710300,IT服务Ⅱ,710000,计算机,000158.SZ,000158.SZ,常山北明,2021-12-13,IT服务Ⅲ
852226.SI,710301,IT服务Ⅲ,710300,IT服务Ⅱ,710000,计算机,000555.SZ,000555.SZ,神州信息,2021-12-13,IT服务Ⅲ
852226.SI,710301,IT服务Ⅲ,710300,IT服务Ⅱ,710000,计算机,000938.SZ,000938.SZ,紫光股份,2021-12-13,IT服务Ⅲ
852226.SI,710301,IT服务Ⅲ,710300,IT服务Ⅱ,710000,计算机,002065.SZ,002065.SZ,东华软件,2021-12-13,IT服务Ⅲ
852226.SI,710301,IT服务Ⅲ,710300,IT服务Ⅱ,710000,计算机,002195.SZ,002195.SZ,岩山科技,2021-12-13,IT服务Ⅲ
852226.SI,710301,IT服务Ⅲ,710300,IT服务Ⅱ,710000,计算机,002232.SZ,002232.SZ,启明信息,2021-12-13,IT服务Ⅲ
852226.SI,710301,IT服务Ⅲ,710300,IT服务Ⅱ,710000,计算机,002331.SZ,002331.SZ,皖通科技,2021-12-13,IT服务Ⅲ
852226.SI,710301,IT服务Ⅲ,710300,IT服务Ⅱ,710000,计算机,002368.SZ,002368.SZ,太极股份,2021-12-13,IT服务Ⅲ
852226.SI,710301,IT服务Ⅲ,710300,IT服务Ⅱ,710000,计算机,002373.SZ,002373.SZ,千方科技,2021-12-13,IT服务Ⅲ
852226.SI,710301,IT服务Ⅲ,710300,IT服务Ⅱ,710000,计算机,002380.SZ,002380.SZ,科远智慧,2021-12-13,IT服务Ⅲ
852226.SI,710301,IT服务Ⅲ,710300,IT服务Ⅱ,710000,计算机,002401.SZ,002401.SZ,中远海科,2021-12-13,IT服务Ⅲ
852226.SI,710301,IT服务Ⅲ,710300,IT服务Ⅱ,710000,计算机,002421.SZ,002421.SZ,达实智能,2021-12-13,IT服务Ⅲ
852226.SI,710301,IT服务Ⅲ,710300,IT服务Ⅱ,710000,计算机,002474.SZ,002474.SZ,榕基软件,2021-12-13,IT服务Ⅲ
852226.SI,710301,IT服务Ⅲ,710300,IT服务Ⅱ,710000,计算机,002609.SZ,002609.SZ,捷顺科技,2021-12-13,IT服务Ⅲ
852226.SI,710301,IT服务Ⅲ,710300,IT服务Ⅱ,710000,计算机,002642.SZ,002642.SZ,荣联科技,2021-12-13,IT服务Ⅲ
852226.SI,710301,IT服务Ⅲ,710300,IT服务Ⅱ,710000,计算机,002649.SZ,002649.SZ,博彦科技,2021-12-13,IT服务Ⅲ
852226.SI,710301,IT服务Ⅲ,710300,IT服务Ⅱ,710000,计算机,002657.SZ,002657.SZ,中科金财,2021-12-13,IT服务Ⅲ
852226.SI,710301,IT服务Ⅲ,710300,IT服务Ⅱ,710000,计算机,002771.SZ,002771.SZ,真视通,2021-12-13,IT服务Ⅲ
852226.SI,710301,IT服务Ⅲ,710300,IT服务Ⅱ,710000,计算机,002777.SZ,002777.SZ,久远银海,2021-12-13,IT服务Ⅲ
852226.SI,710301,IT服务Ⅲ,710300,IT服务Ⅱ,710000,计算机,003005.SZ,003005.SZ,竞业达,2021-12-13,IT服务Ⅲ
852226.SI,710301,IT服务Ⅲ,710300,IT服务Ⅱ,710000,计算机,300017.SZ,300017.SZ,网宿科技,2021-12-13,IT服务Ⅲ
852226.SI,710301,IT服务Ⅲ,710300,IT服务Ⅱ,710000,计算机,300020.SZ,300020.SZ,ST银江,2021-12-13,IT服务Ⅲ
852226.SI,710301,IT服务Ⅲ,710300,IT服务Ⅱ,710000,计算机,300044.SZ,300044.SZ,*ST赛为,2021-12-13,IT服务Ⅲ
852226.SI,710301,IT服务Ⅲ,710300,IT服务Ⅱ,710000,计算机,300078.SZ,300078.SZ,思创智联,2021-12-13,IT服务Ⅲ
852226.SI,710301,IT服务Ⅲ,710300,IT服务Ⅱ,710000,计算机,300079.SZ,300079.SZ,数码视讯,2021-12-13,IT服务Ⅲ
852226.SI,710301,IT服务Ⅲ,710300,IT服务Ⅱ,710000,计算机,300096.SZ,300096.SZ,ST易联众,2021-12-13,IT服务Ⅲ
852226.SI,710301,IT服务Ⅲ,710300,IT服务Ⅱ,710000,计算机,300150.SZ,300150.SZ,世纪瑞尔,2021-12-13,IT服务Ⅲ
852226.SI,710301,IT服务Ⅲ,710300,IT服务Ⅱ,710000,计算机,300166.SZ,300166.SZ,东方国信,2021-12-13,IT服务Ⅲ
852226.SI,710301,IT服务Ⅲ,710300,IT服务Ⅱ,710000,计算机,300167.SZ,300167.SZ,ST迪威迅,2021-12-13,IT服务Ⅲ
852226.SI,710301,IT服务Ⅲ,710300,IT服务Ⅱ,710000,计算机,300168.SZ,300168.SZ,万达信息,2021-12-13,IT服务Ⅲ
852226.SI,710301,IT服务Ⅲ,710300,IT服务Ⅱ,710000,计算机,300170.SZ,300170.SZ,汉得信息,2021-12-13,IT服务Ⅲ
852226.SI,710301,IT服务Ⅲ,710300,IT服务Ⅱ,710000,计算机,300212.SZ,300212.SZ,*ST易录,2021-12-13,IT服务Ⅲ
852226.SI,710301,IT服务Ⅲ,710300,IT服务Ⅱ,710000,计算机,300231.SZ,300231.SZ,银信科技,2021-12-13,IT服务Ⅲ
852226.SI,710301,IT服务Ⅲ,710300,IT服务Ⅱ,710000,计算机,300245.SZ,300245.SZ,ST天玑,2021-12-13,IT服务Ⅲ
852226.SI,710301,IT服务Ⅲ,710300,IT服务Ⅱ,710000,计算机,300250.SZ,300250.SZ,初灵信息,2021-12-13,IT服务Ⅲ
852226.SI,710301,IT服务Ⅲ,710300,IT服务Ⅱ,710000,计算机,300264.SZ,300264.SZ,佳创视讯,2021-12-13,IT服务Ⅲ
852226.SI,710301,IT服务Ⅲ,710300,IT服务Ⅱ,710000,计算机,300271.SZ,300271.SZ,华宇软件,2021-12-13,IT服务Ⅲ
852226.SI,710301,IT服务Ⅲ,710300,IT服务Ⅱ,710000,计算机,300277.SZ,300277.SZ,汽轮科技,2021-12-13,IT服务Ⅲ
852226.SI,710301,IT服务Ⅲ,710300,IT服务Ⅱ,710000,计算机,300287.SZ,300287.SZ,飞利信,2021-12-13,IT服务Ⅲ
852226.SI,710301,IT服务Ⅲ,710300,IT服务Ⅱ,710000,计算机,300288.SZ,300288.SZ,朗玛信息,2021-12-13,IT服务Ⅲ
852226.SI,710301,IT服务Ⅲ,710300,IT服务Ⅱ,710000,计算机,300290.SZ,300290.SZ,ST荣科,2021-12-13,IT服务Ⅲ
852226.SI,710301,IT服务Ⅲ,710300,IT服务Ⅱ,710000,计算机,300300.SZ,300300.SZ,海峡创新,2021-12-13,IT服务Ⅲ
852226.SI,710301,IT服务Ⅲ,710300,IT服务Ⅱ,710000,计算机,300339.SZ,300339.SZ,润和软件,2021-12-13,IT服务Ⅲ
852226.SI,710301,IT服务Ⅲ,710300,IT服务Ⅱ,710000,计算机,300399.SZ,300399.SZ,天利科技,2021-12-13,IT服务Ⅲ
852226.SI,710301,IT服务Ⅲ,710300,IT服务Ⅱ,710000,计算机,300419.SZ,300419.SZ,ST浩丰,2021-12-13,IT服务Ⅲ
852226.SI,710301,IT服务Ⅲ,710300,IT服务Ⅱ,710000,计算机,300440.SZ,300440.SZ,运达科技,2021-12-13,IT服务Ⅲ
852226.SI,710301,IT服务Ⅲ,710300,IT服务Ⅱ,710000,计算机,300448.SZ,300448.SZ,浩云科技,2021-12-13,IT服务Ⅲ
852226.SI,710301,IT服务Ⅲ,710300,IT服务Ⅱ,710000,计算机,300496.SZ,300496.SZ,中科创达,2021-12-13,IT服务Ⅲ
852226.SI,710301,IT服务Ⅲ,710300,IT服务Ⅱ,710000,计算机,300523.SZ,300523.SZ,辰安科技,2021-12-13,IT服务Ⅲ
852226.SI,710301,IT服务Ⅲ,710300,IT服务Ⅱ,710000,计算机,300532.SZ,300532.SZ,今天国际,2021-12-13,IT服务Ⅲ
852226.SI,710301,IT服务Ⅲ,710300,IT服务Ⅱ,710000,计算机,300541.SZ,300541.SZ,先进数通,2021-12-13,IT服务Ⅲ
852226.SI,710301,IT服务Ⅲ,710300,IT服务Ⅱ,710000,计算机,300609.SZ,300609.SZ,汇纳科技,2021-12-13,IT服务Ⅲ
852226.SI,710301,IT服务Ⅲ,710300,IT服务Ⅱ,710000,计算机,300634.SZ,300634.SZ,彩讯股份,2021-12-13,IT服务Ⅲ
852226.SI,710301,IT服务Ⅲ,710300,IT服务Ⅱ,710000,计算机,300674.SZ,300674.SZ,宇信科技,2021-12-13,IT服务Ⅲ
852226.SI,710301,IT服务Ⅲ,710300,IT服务Ⅱ,710000,计算机,300678.SZ,300678.SZ,中科信息,2021-12-13,IT服务Ⅲ
852226.SI,710301,IT服务Ⅲ,710300,IT服务Ⅱ,710000,计算机,300682.SZ,300682.SZ,朗新科技,2021-12-13,IT服务Ⅲ
852226.SI,710301,IT服务Ⅲ,710300,IT服务Ⅱ,710000,计算机,300687.SZ,300687.SZ,赛意信息,2021-12-13,IT服务Ⅲ
852226.SI,710301,IT服务Ⅲ,710300,IT服务Ⅱ,710000,计算机,300846.SZ,300846.SZ,首都在线,2021-12-13,IT服务Ⅲ
852226.SI,710301,IT服务Ⅲ,710300,IT服务Ⅱ,710000,计算机,300872.SZ,300872.SZ,天阳科技,2021-12-13,IT服务Ⅲ
852226.SI,710301,IT服务Ⅲ,710300,IT服务Ⅱ,710000,计算机,300895.SZ,300895.SZ,铜牛信息,2021-12-13,IT服务Ⅲ
852226.SI,710301,IT服务Ⅲ,710300,IT服务Ⅱ,710000,计算机,301085.SZ,301085.SZ,亚康股份,2021-12-13,IT服务Ⅲ
852226.SI,710301,IT服务Ⅲ,710300,IT服务Ⅱ,710000,计算机,301178.SZ,301178.SZ,天亿马,2021-12-13,IT服务Ⅲ
852226.SI,710301,IT服务Ⅲ,710300,IT服务Ⅱ,710000,计算机,301185.SZ,301185.SZ,鸥玛软件,2021-12-13,IT服务Ⅲ
852226.SI,710301,IT服务Ⅲ,710300,IT服务Ⅱ,710000,计算机,600131.SH,600131.SH,国网信通,2021-12-13,IT服务Ⅲ
852226.SI,710301,IT服务Ⅲ,710300,IT服务Ⅱ,710000,计算机,600271.SH,600271.SH,航天信息,2021-12-13,IT服务Ⅲ
852226.SI,710301,IT服务Ⅲ,710300,IT服务Ⅱ,710000,计算机,600410.SH,600410.SH,华胜天成,2021-12-13,IT服务Ⅲ
852226.SI,710301,IT服务Ⅲ,710300,IT服务Ⅱ,710000,计算机,600446.SH,600446.SH,金证股份,2021-12-13,IT服务Ⅲ
852226.SI,710301,IT服务Ⅲ,710300,IT服务Ⅱ,710000,计算机,600476.SH,600476.SH,*ST湘邮,2021-12-13,IT服务Ⅲ
852226.SI,710301,IT服务Ⅲ,710300,IT服务Ⅱ,710000,计算机,600536.SH,600536.SH,中国软件,2021-12-13,IT服务Ⅲ
852226.SI,710301,IT服务Ⅲ,710300,IT服务Ⅱ,710000,计算机,600571.SH,600571.SH,信雅达,2021-12-13,IT服务Ⅲ
852226.SI,710301,IT服务Ⅲ,710300,IT服务Ⅱ,710000,计算机,600718.SH,600718.SH,东软集团,2021-12-13,IT服务Ⅲ
852226.SI,710301,IT服务Ⅲ,710300,IT服务Ⅱ,710000,计算机,600728.SH,600728.SH,佳都科技,2021-12-13,IT服务Ⅲ
852226.SI,710301,IT服务Ⅲ,710300,IT服务Ⅱ,710000,计算机,600756.SH,600756.SH,浪潮软件,2021-12-13,IT服务Ⅲ
852226.SI,710301,IT服务Ⅲ,710300,IT服务Ⅱ,710000,计算机,600797.SH,600797.SH,浙大网新,2021-12-13,IT服务Ⅲ
852226.SI,710301,IT服务Ⅲ,710300,IT服务Ⅱ,710000,计算机,600845.SH,600845.SH,宝信软件,2021-12-13,IT服务Ⅲ
852226.SI,710301,IT服务Ⅲ,710300,IT服务Ⅱ,710000,计算机,600850.SH,600850.SH,电科数字,2021-12-13,IT服务Ⅲ
852226.SI,710301,IT服务Ⅲ,710300,IT服务Ⅱ,710000,计算机,603138.SH,603138.SH,海量数据,2021-12-13,IT服务Ⅲ
852226.SI,710301,IT服务Ⅲ,710300,IT服务Ⅱ,710000,计算机,603171.SH,603171.SH,税友股份,2021-12-13,IT服务Ⅲ
852226.SI,710301,IT服务Ⅲ,710300,IT服务Ⅱ,710000,计算机,603636.SH,603636.SH,南威软件,2021-12-13,IT服务Ⅲ
852226.SI,710301,IT服务Ⅲ,710300,IT服务Ⅱ,710000,计算机,603869.SH,603869.SH,ST智知,2021-12-13,IT服务Ⅲ
852226.SI,710301,IT服务Ⅲ,710300,IT服务Ⅱ,710000,计算机,603887.SH,603887.SH,城地香江,2021-12-13,IT服务Ⅲ
852226.SI,710301,IT服务Ⅲ,710300,IT服务Ⅱ,710000,计算机,603918.SH,603918.SH,金桥信息,2021-12-13,IT服务Ⅲ
852226.SI,710301,IT服务Ⅲ,710300,IT服务Ⅱ,710000,计算机,605398.SH,605398.SH,新炬网络,2021-12-13,IT服务Ⅲ
852226.SI,710301,IT服务Ⅲ,710300,IT服务Ⅱ,710000,计算机,688004.SH,688004.SH,博汇科技,2021-12-13,IT服务Ⅲ
852226.SI,710301,IT服务Ⅲ,710300,IT服务Ⅱ,710000,计算机,688039.SH,688039.SH,当虹科技,2021-12-13,IT服务Ⅲ
852226.SI,710301,IT服务Ⅲ,710300,IT服务Ⅱ,710000,计算机,688051.SH,688051.SH,佳华科技,2021-12-13,IT服务Ⅲ
852226.SI,710301,IT服务Ⅲ,710300,IT服务Ⅱ,710000,计算机,688066.SH,688066.SH,*ST航图,2021-12-13,IT服务Ⅲ
852226.SI,710301,IT服务Ⅲ,710300,IT服务Ⅱ,710000,计算机,688088.SH,688088.SH,虹软科技,2021-12-13,IT服务Ⅲ
852226.SI,710301,IT服务Ⅲ,710300,IT服务Ⅱ,710000,计算机,688158.SH,688158.SH,优刻得-W,2021-12-13,IT服务Ⅲ
852226.SI,710301,IT服务Ⅲ,710300,IT服务Ⅱ,710000,计算机,688228.SH,688228.SH,开普云,2021-12-13,IT服务Ⅲ
852226.SI,710301,IT服务Ⅲ,710300,IT服务Ⅱ,710000,计算机,688229.SH,688229.SH,博睿数据,2021-12-13,IT服务Ⅲ
852226.SI,710301,IT服务Ⅲ,710300,IT服务Ⅱ,710000,计算机,688258.SH,688258.SH,卓易信息,2021-12-13,IT服务Ⅲ
852226.SI,710301,IT服务Ⅲ,710300,IT服务Ⅱ,710000,计算机,688316.SH,688316.SH,青云科技,2021-12-13,IT服务Ⅲ
852226.SI,710301,IT服务Ⅲ,710300,IT服务Ⅱ,710000,计算机,688365.SH,688365.SH,光云科技,2021-12-13,IT服务Ⅲ
852226.SI,710301,IT服务Ⅲ,710300,IT服务Ⅱ,710000,计算机,688500.SH,688500.SH,慧辰股份,2021-12-13,IT服务Ⅲ
852226.SI,710301,IT服务Ⅲ,710300,IT服务Ⅱ,710000,计算机,688509.SH,688509.SH,正元地信,2021-12-13,IT服务Ⅲ
852226.SI,710301,IT服务Ⅲ,710300,IT服务Ⅱ,710000,计算机,688568.SH,688568.SH,中科星图,2021-12-13,IT服务Ⅲ
852226.SI,710301,IT服务Ⅲ,710300,IT服务Ⅱ,710000,计算机,688787.SH,688787.SH,海天瑞声,2021-12-13,IT服务Ⅲ
852226.SI,710301,IT服务Ⅲ,710300,IT服务Ⅱ,710000,计算机,688227.SH,688227.SH,品高股份,2021-12-30,IT服务Ⅲ
852226.SI,710301,IT服务Ⅲ,710300,IT服务Ⅱ,710000,计算机,301218.SZ,301218.SZ,华是科技,2022-03-07,IT服务Ⅲ
852226.SI,710301,IT服务Ⅲ,710300,IT服务Ⅱ,710000,计算机,301236.SZ,301236.SZ,软通动力,2022-03-15,IT服务Ⅲ
852226.SI,710301,IT服务Ⅲ,710300,IT服务Ⅱ,710000,计算机,688207.SH,688207.SH,格灵深瞳,2022-03-17,IT服务Ⅲ
852226.SI,710301,IT服务Ⅲ,710300,IT服务Ⅱ,710000,计算机,301248.SZ,301248.SZ,杰创智能,2022-04-20,IT服务Ⅲ
852226.SI,710301,IT服务Ⅲ,710300,IT服务Ⅱ,710000,计算机,688327.SH,688327.SH,云从科技,2022-05-27,IT服务Ⅲ
852226.SI,710301,IT服务Ⅲ,710300,IT服务Ⅱ,710000,计算机,688251.SH,688251.SH,井松智能,2022-06-06,IT服务Ⅲ
852226.SI,710301,IT服务Ⅲ,710300,IT服务Ⅱ,710000,计算机,301208.SZ,301208.SZ,中亦科技,2022-07-07,IT服务Ⅲ
852226.SI,710301,IT服务Ⅲ,710300,IT服务Ⅱ,710000,计算机,000409.SZ,000409.SZ,云鼎科技,2022-08-01,IT服务Ⅲ
852226.SI,710301,IT服务Ⅲ,710300,IT服务Ⅱ,710000,计算机,603859.SH,603859.SH,能科科技,2022-08-01,IT服务Ⅲ
852226.SI,710301,IT服务Ⅲ,710300,IT服务Ⅱ,710000,计算机,301316.SZ,301316.SZ,慧博云通,2022-10-13,IT服务Ⅲ
852226.SI,710301,IT服务Ⅲ,710300,IT服务Ⅱ,710000,计算机,301396.SZ,301396.SZ,宏景科技,2022-11-11,IT服务Ⅲ
852226.SI,710301,IT服务Ⅲ,710300,IT服务Ⅱ,710000,计算机,688343.SH,688343.SH,云天励飞,2023-04-04,IT服务Ⅲ
852226.SI,710301,IT服务Ⅲ,710300,IT服务Ⅱ,710000,计算机,002908.SZ,002908.SZ,德生科技,2023-05-24,IT服务Ⅲ
852226.SI,710301,IT服务Ⅲ,710300,IT服务Ⅱ,710000,计算机,688562.SH,688562.SH,航天软件,2023-05-24,IT服务Ⅲ
852226.SI,710301,IT服务Ⅲ,710300,IT服务Ⅱ,710000,计算机,301172.SZ,301172.SZ,君逸数码,2023-07-26,IT服务Ⅲ
852226.SI,710301,IT服务Ⅲ,710300,IT服务Ⅱ,710000,计算机,600589.SH,600589.SH,大位科技,2024-07-25,IT服务Ⅲ
852226.SI,710301,IT服务Ⅲ,710300,IT服务Ⅱ,710000,计算机,000815.SZ,000815.SZ,美利云,2024-07-31,IT服务Ⅲ
852226.SI,710301,IT服务Ⅲ,710300,IT服务Ⅱ,710000,计算机,301556.SZ,301556.SZ,托普云农,2024-10-17,IT服务Ⅲ
852226.SI,710301,IT服务Ⅲ,710300,IT服务Ⅱ,710000,计算机,301638.SZ,301638.SZ,南网数字,2025-11-18,IT服务Ⅲ
852226.SI,710301,IT服务Ⅲ,710300,IT服务Ⅱ,710000,计算机,002229.SZ,002229.SZ,鸿博股份,2026-07-02,IT服务Ⅲ
852226.SI,710301,IT服务Ⅲ,710300,IT服务Ⅱ,710000,计算机,300536.SZ,300536.SZ,农尚环境,2026-07-02,IT服务Ⅲ
852226.SI,710301,IT服务Ⅲ,710300,IT服务Ⅱ,710000,计算机,600666.SH,600666.SH,奥瑞德,2026-07-02,IT服务Ⅲ
852226.SI,710301,IT服务Ⅲ,710300,IT服务Ⅱ,710000,计算机,000034.SZ,000034.SZ,神州数码,2021-12-13,IT服务Ⅲ
851041.SI,710401,垂直应用软件,710400,软件开发,710000,计算机,000948.SZ,000948.SZ,南天信息,2021-12-13,垂直应用软件
851041.SI,710401,垂直应用软件,710400,软件开发,710000,计算机,002063.SZ,002063.SZ,远光软件,2021-12-13,垂直应用软件
851041.SI,710401,垂直应用软件,710400,软件开发,710000,计算机,002153.SZ,002153.SZ,石基信息,2021-12-13,垂直应用软件
851041.SI,710401,垂直应用软件,710400,软件开发,710000,计算机,002178.SZ,002178.SZ,延华智能,2021-12-13,垂直应用软件
851041.SI,710401,垂直应用软件,710400,软件开发,710000,计算机,002253.SZ,002253.SZ,川大智胜,2021-12-13,垂直应用软件
851041.SI,710401,垂直应用软件,710400,软件开发,710000,计算机,002298.SZ,002298.SZ,中电鑫龙,2021-12-13,垂直应用软件
851041.SI,710401,垂直应用软件,710400,软件开发,710000,计算机,002322.SZ,002322.SZ,理工能科,2021-12-13,垂直应用软件
851041.SI,710401,垂直应用软件,710400,软件开发,710000,计算机,002362.SZ,002362.SZ,汉王科技,2021-12-13,垂直应用软件
851041.SI,710401,垂直应用软件,710400,软件开发,710000,计算机,002405.SZ,002405.SZ,四维图新,2021-12-13,垂直应用软件
851041.SI,710401,垂直应用软件,710400,软件开发,710000,计算机,002410.SZ,002410.SZ,广联达,2021-12-13,垂直应用软件
851041.SI,710401,垂直应用软件,710400,软件开发,710000,计算机,002920.SZ,002920.SZ,德赛西威,2021-12-13,垂直应用软件
851041.SI,710401,垂直应用软件,710400,软件开发,710000,计算机,002987.SZ,002987.SZ,京北方,2021-12-13,垂直应用软件
851041.SI,710401,垂直应用软件,710400,软件开发,710000,计算机,003007.SZ,003007.SZ,直真科技,2021-12-13,垂直应用软件
851041.SI,710401,垂直应用软件,710400,软件开发,710000,计算机,003029.SZ,003029.SZ,吉大正元,2021-12-13,垂直应用软件
851041.SI,710401,垂直应用软件,710400,软件开发,710000,计算机,300033.SZ,300033.SZ,同花顺,2021-12-13,垂直应用软件
851041.SI,710401,垂直应用软件,710400,软件开发,710000,计算机,300047.SZ,300047.SZ,天源迪科,2021-12-13,垂直应用软件
851041.SI,710401,垂直应用软件,710400,软件开发,710000,计算机,300074.SZ,300074.SZ,华平股份,2021-12-13,垂直应用软件
851041.SI,710401,垂直应用软件,710400,软件开发,710000,计算机,300075.SZ,300075.SZ,数字政通,2021-12-13,垂直应用软件
851041.SI,710401,垂直应用软件,710400,软件开发,710000,计算机,300085.SZ,300085.SZ,银之杰,2021-12-13,垂直应用软件
851041.SI,710401,垂直应用软件,710400,软件开发,710000,计算机,300188.SZ,300188.SZ,国投智能,2021-12-13,垂直应用软件
851041.SI,710401,垂直应用软件,710400,软件开发,710000,计算机,300209.SZ,300209.SZ,行云科技,2021-12-13,垂直应用软件
851041.SI,710401,垂直应用软件,710400,软件开发,710000,计算机,300226.SZ,300226.SZ,上海钢联,2021-12-13,垂直应用软件
851041.SI,710401,垂直应用软件,710400,软件开发,710000,计算机,300229.SZ,300229.SZ,拓尔思,2021-12-13,垂直应用软件
851041.SI,710401,垂直应用软件,710400,软件开发,710000,计算机,300235.SZ,300235.SZ,方直科技,2021-12-13,垂直应用软件
851041.SI,710401,垂直应用软件,710400,软件开发,710000,计算机,300253.SZ,300253.SZ,卫宁健康,2021-12-13,垂直应用软件
851041.SI,710401,垂直应用软件,710400,软件开发,710000,计算机,300348.SZ,300348.SZ,长亮科技,2021-12-13,垂直应用软件
851041.SI,710401,垂直应用软件,710400,软件开发,710000,计算机,300352.SZ,300352.SZ,ST信源,2021-12-13,垂直应用软件
851041.SI,710401,垂直应用软件,710400,软件开发,710000,计算机,300365.SZ,300365.SZ,恒华科技,2021-12-13,垂直应用软件
851041.SI,710401,垂直应用软件,710400,软件开发,710000,计算机,300366.SZ,300366.SZ,ST创意,2021-12-13,垂直应用软件
851041.SI,710401,垂直应用软件,710400,软件开发,710000,计算机,300377.SZ,300377.SZ,赢时胜,2021-12-13,垂直应用软件
851041.SI,710401,垂直应用软件,710400,软件开发,710000,计算机,300380.SZ,300380.SZ,安硕信息,2021-12-13,垂直应用软件
851041.SI,710401,垂直应用软件,710400,软件开发,710000,计算机,300451.SZ,300451.SZ,创业慧康,2021-12-13,垂直应用软件
851041.SI,710401,垂直应用软件,710400,软件开发,710000,计算机,300465.SZ,300465.SZ,高伟达,2021-12-13,垂直应用软件
851041.SI,710401,垂直应用软件,710400,软件开发,710000,计算机,300468.SZ,300468.SZ,四方精创,2021-12-13,垂直应用软件
851041.SI,710401,垂直应用软件,710400,软件开发,710000,计算机,300469.SZ,300469.SZ,信息发展,2021-12-13,垂直应用软件
851041.SI,710401,垂直应用软件,710400,软件开发,710000,计算机,300520.SZ,300520.SZ,科大国创,2021-12-13,垂直应用软件
851041.SI,710401,垂直应用软件,710400,软件开发,710000,计算机,300525.SZ,300525.SZ,博思软件,2021-12-13,垂直应用软件
851041.SI,710401,垂直应用软件,710400,软件开发,710000,计算机,300542.SZ,300542.SZ,新晨科技,2021-12-13,垂直应用软件
851041.SI,710401,垂直应用软件,710400,软件开发,710000,计算机,300550.SZ,300550.SZ,和仁科技,2021-12-13,垂直应用软件
851041.SI,710401,垂直应用软件,710400,软件开发,710000,计算机,300556.SZ,300556.SZ,丝路视觉,2021-12-13,垂直应用软件
851041.SI,710401,垂直应用软件,710400,软件开发,710000,计算机,300559.SZ,300559.SZ,佳发教育,2021-12-13,垂直应用软件
851041.SI,710401,垂直应用软件,710400,软件开发,710000,计算机,300561.SZ,300561.SZ,汇金科技,2021-12-13,垂直应用软件
851041.SI,710401,垂直应用软件,710400,软件开发,710000,计算机,300579.SZ,300579.SZ,数字认证,2021-12-13,垂直应用软件
851041.SI,710401,垂直应用软件,710400,软件开发,710000,计算机,300598.SZ,300598.SZ,诚迈科技,2021-12-13,垂直应用软件
851041.SI,710401,垂直应用软件,710400,软件开发,710000,计算机,300605.SZ,300605.SZ,恒锋信息,2021-12-13,垂直应用软件
851041.SI,710401,垂直应用软件,710400,软件开发,710000,计算机,300608.SZ,300608.SZ,思特奇,2021-12-13,垂直应用软件
851041.SI,710401,垂直应用软件,710400,软件开发,710000,计算机,300663.SZ,300663.SZ,科蓝软件,2021-12-13,垂直应用软件
851041.SI,710401,垂直应用软件,710400,软件开发,710000,计算机,300730.SZ,300730.SZ,科创信息,2021-12-13,垂直应用软件
851041.SI,710401,垂直应用软件,710400,软件开发,710000,计算机,300803.SZ,300803.SZ,指南针,2021-12-13,垂直应用软件
851041.SI,710401,垂直应用软件,710400,软件开发,710000,计算机,300830.SZ,300830.SZ,金现代,2021-12-13,垂直应用软件
851041.SI,710401,垂直应用软件,710400,软件开发,710000,计算机,300925.SZ,300925.SZ,法本信息,2021-12-13,垂直应用软件
851041.SI,710401,垂直应用软件,710400,软件开发,710000,计算机,300935.SZ,300935.SZ,盈建科,2021-12-13,垂直应用软件
851041.SI,710401,垂直应用软件,710400,软件开发,710000,计算机,300996.SZ,300996.SZ,普联软件,2021-12-13,垂直应用软件
851041.SI,710401,垂直应用软件,710400,软件开发,710000,计算机,600455.SH,600455.SH,博通股份,2021-12-13,垂直应用软件
851041.SI,710401,垂直应用软件,710400,软件开发,710000,计算机,600570.SH,600570.SH,恒生电子,2021-12-13,垂直应用软件
851041.SI,710401,垂直应用软件,710400,软件开发,710000,计算机,600602.SH,600602.SH,云赛智联,2021-12-13,垂直应用软件
851041.SI,710401,垂直应用软件,710400,软件开发,710000,计算机,600654.SH,600654.SH,中安科,2021-12-13,垂直应用软件
851041.SI,710401,垂直应用软件,710400,软件开发,710000,计算机,601519.SH,601519.SH,大智慧,2021-12-13,垂直应用软件
851041.SI,710401,垂直应用软件,710400,软件开发,710000,计算机,603189.SH,603189.SH,*ST网达,2021-12-13,垂直应用软件
851041.SI,710401,垂直应用软件,710400,软件开发,710000,计算机,603232.SH,603232.SH,格尔软件,2021-12-13,垂直应用软件
851041.SI,710401,垂直应用软件,710400,软件开发,710000,计算机,603383.SH,603383.SH,顶点软件,2021-12-13,垂直应用软件
851041.SI,710401,垂直应用软件,710400,软件开发,710000,计算机,603528.SH,603528.SH,多伦科技,2021-12-13,垂直应用软件
851041.SI,710401,垂直应用软件,710400,软件开发,710000,计算机,603927.SH,603927.SH,中科软,2021-12-13,垂直应用软件
851041.SI,710401,垂直应用软件,710400,软件开发,710000,计算机,603990.SH,603990.SH,麦迪科技,2021-12-13,垂直应用软件
851041.SI,710401,垂直应用软件,710400,软件开发,710000,计算机,688038.SH,688038.SH,中科通达,2021-12-13,垂直应用软件
851041.SI,710401,垂直应用软件,710400,软件开发,710000,计算机,688083.SH,688083.SH,中望软件,2021-12-13,垂直应用软件
851041.SI,710401,垂直应用软件,710400,软件开发,710000,计算机,688109.SH,688109.SH,品茗科技,2021-12-13,垂直应用软件
851041.SI,710401,垂直应用软件,710400,软件开发,710000,计算机,688118.SH,688118.SH,普元信息,2021-12-13,垂直应用软件
851041.SI,710401,垂直应用软件,710400,软件开发,710000,计算机,688232.SH,688232.SH,新点软件,2021-12-13,垂直应用软件
851041.SI,710401,垂直应用软件,710400,软件开发,710000,计算机,688296.SH,688296.SH,和达科技,2021-12-13,垂直应用软件
851041.SI,710401,垂直应用软件,710400,软件开发,710000,计算机,688318.SH,688318.SH,财富趋势,2021-12-13,垂直应用软件
851041.SI,710401,垂直应用软件,710400,软件开发,710000,计算机,688579.SH,688579.SH,地纬智能,2021-12-13,垂直应用软件
851041.SI,710401,垂直应用软件,710400,软件开发,710000,计算机,688588.SH,688588.SH,凌志软件,2021-12-13,垂直应用软件
851041.SI,710401,垂直应用软件,710400,软件开发,710000,计算机,688590.SH,688590.SH,新致软件,2021-12-13,垂直应用软件
851041.SI,710401,垂直应用软件,710400,软件开发,710000,计算机,688246.SH,688246.SH,嘉和美康,2021-12-14,垂直应用软件
851041.SI,710401,垂直应用软件,710400,软件开发,710000,计算机,301159.SZ,301159.SZ,三维天地,2022-01-07,垂直应用软件
851041.SI,710401,垂直应用软件,710400,软件开发,710000,计算机,002261.SZ,002261.SZ,拓维信息,2022-01-25,垂直应用软件
851041.SI,710401,垂直应用软件,710400,软件开发,710000,计算机,688171.SH,688171.SH,纬德信息,2022-01-27,垂直应用软件
851041.SI,710401,垂直应用软件,710400,软件开发,710000,计算机,688326.SH,688326.SH,经纬恒润,2022-04-19,垂直应用软件
851041.SI,710401,垂直应用软件,710400,软件开发,710000,计算机,301162.SZ,301162.SZ,国能日新,2022-04-29,垂直应用软件
851041.SI,710401,垂直应用软件,710400,软件开发,710000,计算机,301153.SZ,301153.SZ,中科江南,2022-05-18,垂直应用软件
851041.SI,710401,垂直应用软件,710400,软件开发,710000,计算机,301269.SZ,301269.SZ,华大九天,2022-07-29,垂直应用软件
851041.SI,710401,垂直应用软件,710400,软件开发,710000,计算机,301195.SZ,301195.SZ,北路智控,2022-08-01,垂直应用软件
851041.SI,710401,垂直应用软件,710400,软件开发,710000,计算机,301095.SZ,301095.SZ,广立微,2022-08-05,垂直应用软件
851041.SI,710401,垂直应用软件,710400,软件开发,710000,计算机,688291.SH,688291.SH,金橙子,2022-10-26,垂直应用软件
851041.SI,710401,垂直应用软件,710400,软件开发,710000,计算机,688206.SH,688206.SH,概伦电子,2022-11-15,垂直应用软件
851041.SI,710401,垂直应用软件,710400,软件开发,710000,计算机,301378.SZ,301378.SZ,通达海,2023-03-20,垂直应用软件
851041.SI,710401,垂直应用软件,710400,软件开发,710000,计算机,688507.SH,688507.SH,索辰科技,2023-04-18,垂直应用软件
851041.SI,710401,垂直应用软件,710400,软件开发,710000,计算机,688479.SH,688479.SH,友车科技,2023-05-11,垂直应用软件
851041.SI,710401,垂直应用软件,710400,软件开发,710000,计算机,301337.SZ,301337.SZ,亚华电子,2023-05-26,垂直应用软件
851041.SI,710401,垂直应用软件,710400,软件开发,710000,计算机,688631.SH,688631.SH,莱斯信息,2023-06-28,垂直应用软件
851041.SI,710401,垂直应用软件,710400,软件开发,710000,计算机,688078.SH,688078.SH,龙软科技,2023-07-06,垂直应用软件
851041.SI,710401,垂直应用软件,710400,软件开发,710000,计算机,688657.SH,688657.SH,浩辰软件,2023-10-10,垂直应用软件
851041.SI,710401,垂直应用软件,710400,软件开发,710000,计算机,688692.SH,688692.SH,达梦数据,2024-06-12,垂直应用软件
851041.SI,710401,垂直应用软件,710400,软件开发,710000,计算机,688615.SH,688615.SH,合合信息,2024-09-26,垂直应用软件
851041.SI,710401,垂直应用软件,710400,软件开发,710000,计算机,000503.SZ,000503.SZ,国新健康,2021-12-13,垂直应用软件
851042.SI,710402,横向通用软件,710400,软件开发,710000,计算机,002230.SZ,002230.SZ,科大讯飞,2021-12-13,横向通用软件
851042.SI,710402,横向通用软件,710400,软件开发,710000,计算机,002279.SZ,002279.SZ,久其软件,2021-12-13,横向通用软件
851042.SI,710402,横向通用软件,710400,软件开发,710000,计算机,002439.SZ,002439.SZ,启明星辰,2021-12-13,横向通用软件
851042.SI,710402,横向通用软件,710400,软件开发,710000,计算机,300036.SZ,300036.SZ,超图软件,2021-12-13,横向通用软件
851042.SI,710402,横向通用软件,710400,软件开发,710000,计算机,300311.SZ,300311.SZ,任子行,2021-12-13,横向通用软件
851042.SI,710402,横向通用软件,710400,软件开发,710000,计算机,300369.SZ,300369.SZ,绿盟科技,2021-12-13,横向通用软件
851042.SI,710402,横向通用软件,710400,软件开发,710000,计算机,300378.SZ,300378.SZ,鼎捷数智,2021-12-13,横向通用软件
851042.SI,710402,横向通用软件,710400,软件开发,710000,计算机,300454.SZ,300454.SZ,深信服,2021-12-13,横向通用软件
851042.SI,710402,横向通用软件,710400,软件开发,710000,计算机,300624.SZ,300624.SZ,万兴科技,2021-12-13,横向通用软件
851042.SI,710402,横向通用软件,710400,软件开发,710000,计算机,300768.SZ,300768.SZ,迪普科技,2021-12-13,横向通用软件
851042.SI,710402,横向通用软件,710400,软件开发,710000,计算机,600588.SH,600588.SH,用友网络,2021-12-13,横向通用软件
851042.SI,710402,横向通用软件,710400,软件开发,710000,计算机,601360.SH,601360.SH,三六零,2021-12-13,横向通用软件
851042.SI,710402,横向通用软件,710400,软件开发,710000,计算机,603039.SH,603039.SH,泛微网络,2021-12-13,横向通用软件
851042.SI,710402,横向通用软件,710400,软件开发,710000,计算机,688023.SH,688023.SH,安恒信息,2021-12-13,横向通用软件
851042.SI,710402,横向通用软件,710400,软件开发,710000,计算机,688030.SH,688030.SH,山石网科,2021-12-13,横向通用软件
851042.SI,710402,横向通用软件,710400,软件开发,710000,计算机,688058.SH,688058.SH,宝兰德,2021-12-13,横向通用软件
851042.SI,710402,横向通用软件,710400,软件开发,710000,计算机,688095.SH,688095.SH,福昕软件,2021-12-13,横向通用软件
851042.SI,710402,横向通用软件,710400,软件开发,710000,计算机,688111.SH,688111.SH,金山办公,2021-12-13,横向通用软件
851042.SI,710402,横向通用软件,710400,软件开发,710000,计算机,688168.SH,688168.SH,安博通,2021-12-13,横向通用软件
851042.SI,710402,横向通用软件,710400,软件开发,710000,计算机,688201.SH,688201.SH,ST信安,2021-12-13,横向通用软件
851042.SI,710402,横向通用软件,710400,软件开发,710000,计算机,688369.SH,688369.SH,致远互联,2021-12-13,横向通用软件
851042.SI,710402,横向通用软件,710400,软件开发,710000,计算机,688561.SH,688561.SH,奇安信-U,2021-12-13,横向通用软件
851042.SI,710402,横向通用软件,710400,软件开发,710000,计算机,300766.SZ,300766.SZ,每日互动,2021-12-28,横向通用软件
851042.SI,710402,横向通用软件,710400,软件开发,710000,计算机,688225.SH,688225.SH,亚信安全,2022-02-09,横向通用软件
851042.SI,710402,横向通用软件,710400,软件开发,710000,计算机,301270.SZ,301270.SZ,汉仪股份,2022-08-31,横向通用软件
851042.SI,710402,横向通用软件,710400,软件开发,710000,计算机,688031.SH,688031.SH,星环科技,2022-10-18,横向通用软件
851042.SI,710402,横向通用软件,710400,软件开发,710000,计算机,688244.SH,688244.SH,永信至诚,2022-10-19,横向通用软件
851042.SI,710402,横向通用软件,710400,软件开发,710000,计算机,688152.SH,688152.SH,麒麟信安,2022-10-28,横向通用软件
851042.SI,710402,横向通用软件,710400,软件开发,710000,计算机,688435.SH,688435.SH,英方软件,2023-01-19,横向通用软件
851042.SI,710402,横向通用软件,710400,软件开发,710000,计算机,301315.SZ,301315.SZ,威士顿,2023-06-21,横向通用软件
851042.SI,710402,横向通用软件,710400,软件开发,710000,计算机,688651.SH,688651.SH,盛邦安全,2023-07-26,横向通用软件
851042.SI,710402,横向通用软件,710400,软件开发,710000,计算机,688695.SH,688695.SH,中创股份,2024-03-13,横向通用软件
851042.SI,710402,横向通用软件,710400,软件开发,710000,计算机,600288.SH,600288.SH,大恒科技,2024-07-31,横向通用软件
851042.SI,710402,横向通用软件,710400,软件开发,710000,计算机,002212.SZ,002212.SZ,天融信,2021-12-13,横向通用软件
857641.SI,720401,游戏Ⅲ,720400,游戏Ⅱ,720000,传媒,002425.SZ,002425.SZ,凯撒文化,2021-12-13,游戏Ⅲ
857641.SI,720401,游戏Ⅲ,720400,游戏Ⅱ,720000,传媒,002517.SZ,002517.SZ,恺英网络,2021-12-13,游戏Ⅲ
857641.SI,720401,游戏Ⅲ,720400,游戏Ⅱ,720000,传媒,002555.SZ,002555.SZ,三七互娱,2021-12-13,游戏Ⅲ
857641.SI,720401,游戏Ⅲ,720400,游戏Ⅱ,720000,传媒,002558.SZ,002558.SZ,巨人网络,2021-12-13,游戏Ⅲ
857641.SI,720401,游戏Ⅲ,720400,游戏Ⅱ,720000,传媒,002602.SZ,002602.SZ,世纪华通,2021-12-13,游戏Ⅲ
857641.SI,720401,游戏Ⅲ,720400,游戏Ⅱ,720000,传媒,002605.SZ,002605.SZ,姚记科技,2021-12-13,游戏Ⅲ
857641.SI,720401,游戏Ⅲ,720400,游戏Ⅱ,720000,传媒,002624.SZ,002624.SZ,完美世界,2021-12-13,游戏Ⅲ
857641.SI,720401,游戏Ⅲ,720400,游戏Ⅱ,720000,传媒,300002.SZ,300002.SZ,神州泰岳,2021-12-13,游戏Ⅲ
857641.SI,720401,游戏Ⅲ,720400,游戏Ⅱ,720000,传媒,300031.SZ,300031.SZ,宝通科技,2021-12-13,游戏Ⅲ
857641.SI,720401,游戏Ⅲ,720400,游戏Ⅱ,720000,传媒,300043.SZ,300043.SZ,星辉娱乐,2021-12-13,游戏Ⅲ
857641.SI,720401,游戏Ⅲ,720400,游戏Ⅱ,720000,传媒,300052.SZ,300052.SZ,中青宝,2021-12-13,游戏Ⅲ
857641.SI,720401,游戏Ⅲ,720400,游戏Ⅱ,720000,传媒,300113.SZ,300113.SZ,顺网科技,2021-12-13,游戏Ⅲ
857641.SI,720401,游戏Ⅲ,720400,游戏Ⅱ,720000,传媒,300299.SZ,300299.SZ,富春股份,2021-12-13,游戏Ⅲ
857641.SI,720401,游戏Ⅲ,720400,游戏Ⅱ,720000,传媒,300315.SZ,300315.SZ,掌趣科技,2021-12-13,游戏Ⅲ
857641.SI,720401,游戏Ⅲ,720400,游戏Ⅱ,720000,传媒,300418.SZ,300418.SZ,昆仑万维,2021-12-13,游戏Ⅲ
857641.SI,720401,游戏Ⅲ,720400,游戏Ⅱ,720000,传媒,300459.SZ,300459.SZ,汤姆猫,2021-12-13,游戏Ⅲ
857641.SI,720401,游戏Ⅲ,720400,游戏Ⅱ,720000,传媒,300467.SZ,300467.SZ,迅游科技,2021-12-13,游戏Ⅲ
857641.SI,720401,游戏Ⅲ,720400,游戏Ⅱ,720000,传媒,300494.SZ,300494.SZ,盛天网络,2021-12-13,游戏Ⅲ
857641.SI,720401,游戏Ⅲ,720400,游戏Ⅱ,720000,传媒,300533.SZ,300533.SZ,冰川网络,2021-12-13,游戏Ⅲ
857641.SI,720401,游戏Ⅲ,720400,游戏Ⅱ,720000,传媒,600633.SH,600633.SH,浙数文化,2021-12-13,游戏Ⅲ
857641.SI,720401,游戏Ⅲ,720400,游戏Ⅱ,720000,传媒,600715.SH,600715.SH,文投控股,2021-12-13,游戏Ⅲ
857641.SI,720401,游戏Ⅲ,720400,游戏Ⅱ,720000,传媒,600892.SH,600892.SH,大晟文化,2021-12-13,游戏Ⅲ
857641.SI,720401,游戏Ⅲ,720400,游戏Ⅱ,720000,传媒,603258.SH,603258.SH,电魂网络,2021-12-13,游戏Ⅲ
857641.SI,720401,游戏Ⅲ,720400,游戏Ⅱ,720000,传媒,603444.SH,603444.SH,吉比特,2021-12-13,游戏Ⅲ
857641.SI,720401,游戏Ⅲ,720400,游戏Ⅱ,720000,传媒,002919.SZ,002919.SZ,名臣健康,2023-09-19,游戏Ⅲ
857641.SI,720401,游戏Ⅲ,720400,游戏Ⅱ,720000,传媒,002174.SZ,002174.SZ,游族网络,2021-12-13,游戏Ⅲ
857651.SI,720501,营销代理,720500,广告营销,720000,传媒,002291.SZ,002291.SZ,遥望科技,2021-12-13,营销代理
857651.SI,720501,营销代理,720500,广告营销,720000,传媒,002400.SZ,002400.SZ,省广集团,2021-12-13,营销代理
857651.SI,720501,营销代理,720500,广告营销,720000,传媒,002712.SZ,002712.SZ,思美传媒,2021-12-13,营销代理
857651.SI,720501,营销代理,720500,广告营销,720000,传媒,002995.SZ,002995.SZ,天地在线,2021-12-13,营销代理
857651.SI,720501,营销代理,720500,广告营销,720000,传媒,300058.SZ,300058.SZ,蓝色光标,2021-12-13,营销代理
857651.SI,720501,营销代理,720500,广告营销,720000,传媒,300061.SZ,300061.SZ,旗天科技,2021-12-13,营销代理
857651.SI,720501,营销代理,720500,广告营销,720000,传媒,300063.SZ,300063.SZ,天龙集团,2021-12-13,营销代理
857651.SI,720501,营销代理,720500,广告营销,720000,传媒,300071.SZ,300071.SZ,福石控股,2021-12-13,营销代理
857651.SI,720501,营销代理,720500,广告营销,720000,传媒,300242.SZ,300242.SZ,佳云科技,2021-12-13,营销代理
857651.SI,720501,营销代理,720500,广告营销,720000,传媒,300612.SZ,300612.SZ,宣亚国际,2021-12-13,营销代理
857651.SI,720501,营销代理,720500,广告营销,720000,传媒,300781.SZ,300781.SZ,因赛集团,2021-12-13,营销代理
857651.SI,720501,营销代理,720500,广告营销,720000,传媒,300805.SZ,300805.SZ,电声股份,2021-12-13,营销代理
857651.SI,720501,营销代理,720500,广告营销,720000,传媒,600358.SH,600358.SH,国旅联合,2021-12-13,营销代理
857651.SI,720501,营销代理,720500,广告营销,720000,传媒,600556.SH,600556.SH,天下秀,2021-12-13,营销代理
857651.SI,720501,营销代理,720500,广告营销,720000,传媒,600986.SH,600986.SH,浙文互联,2021-12-13,营销代理
857651.SI,720501,营销代理,720500,广告营销,720000,传媒,603598.SH,603598.SH,引力传媒,2021-12-13,营销代理
857651.SI,720501,营销代理,720500,广告营销,720000,传媒,603729.SH,603729.SH,ST龙韵,2021-12-13,营销代理
857651.SI,720501,营销代理,720500,广告营销,720000,传媒,603825.SH,603825.SH,ST华扬,2021-12-13,营销代理
857651.SI,720501,营销代理,720500,广告营销,720000,传媒,605168.SH,605168.SH,三人行,2021-12-13,营销代理
857651.SI,720501,营销代理,720500,广告营销,720000,传媒,002878.SZ,002878.SZ,元隆雅图,2022-08-01,营销代理
857651.SI,720501,营销代理,720500,广告营销,720000,传媒,301171.SZ,301171.SZ,易点天下,2022-08-19,营销代理
857651.SI,720501,营销代理,720500,广告营销,720000,传媒,002354.SZ,002354.SZ,天娱数科,2023-07-06,营销代理
857651.SI,720501,营销代理,720500,广告营销,720000,传媒,002264.SZ,002264.SZ,新华都,2023-12-11,营销代理
857651.SI,720501,营销代理,720500,广告营销,720000,传媒,603602.SH,603602.SH,纵横通信,2026-03-06,营销代理
857651.SI,720501,营销代理,720500,广告营销,720000,传媒,000676.SZ,000676.SZ,智度股份,2021-12-13,营销代理
857652.SI,720502,广告媒体,720500,广告营销,720000,传媒,002027.SZ,002027.SZ,分众传媒,2021-12-13,广告媒体
857652.SI,720502,广告媒体,720500,广告营销,720000,传媒,301102.SZ,301102.SZ,兆讯传媒,2022-03-28,广告媒体
857652.SI,720502,广告媒体,720500,广告营销,720000,传媒,000607.SZ,000607.SZ,华媒控股,2021-12-13,广告媒体
857661.SI,720601,影视动漫制作,720600,影视院线,720000,传媒,000892.SZ,000892.SZ,欢瑞世纪,2021-12-13,影视动漫制作
857661.SI,720601,影视动漫制作,720600,影视院线,720000,传媒,002292.SZ,002292.SZ,奥飞娱乐,2021-12-13,影视动漫制作
857661.SI,720601,影视动漫制作,720600,影视院线,720000,传媒,002343.SZ,002343.SZ,慈文传媒,2021-12-13,影视动漫制作
857661.SI,720601,影视动漫制作,720600,影视院线,720000,传媒,300027.SZ,300027.SZ,ST华谊,2021-12-13,影视动漫制作
857661.SI,720601,影视动漫制作,720600,影视院线,720000,传媒,300133.SZ,300133.SZ,华策影视,2021-12-13,影视动漫制作
857661.SI,720601,影视动漫制作,720600,影视院线,720000,传媒,300182.SZ,300182.SZ,捷成股份,2021-12-13,影视动漫制作
857661.SI,720601,影视动漫制作,720600,影视院线,720000,传媒,300251.SZ,300251.SZ,光线传媒,2021-12-13,影视动漫制作
857661.SI,720601,影视动漫制作,720600,影视院线,720000,传媒,300291.SZ,300291.SZ,百纳千成,2021-12-13,影视动漫制作
857661.SI,720601,影视动漫制作,720600,影视院线,720000,传媒,300426.SZ,300426.SZ,华智数媒,2021-12-13,影视动漫制作
857661.SI,720601,影视动漫制作,720600,影视院线,720000,传媒,600977.SH,600977.SH,中国电影,2021-12-13,影视动漫制作
857661.SI,720601,影视动漫制作,720600,影视院线,720000,传媒,601595.SH,601595.SH,上海电影,2021-12-13,影视动漫制作
857661.SI,720601,影视动漫制作,720600,影视院线,720000,传媒,603721.SH,603721.SH,中广天择,2021-12-13,影视动漫制作
857661.SI,720601,影视动漫制作,720600,影视院线,720000,传媒,600088.SH,600088.SH,中视传媒,2022-08-01,影视动漫制作
857661.SI,720601,影视动漫制作,720600,影视院线,720000,传媒,001330.SZ,001330.SZ,博纳影业,2022-08-18,影视动漫制作
857661.SI,720601,影视动漫制作,720600,影视院线,720000,传媒,000802.SZ,000802.SZ,北京文化,2021-12-13,影视动漫制作
857662.SI,720602,院线,720600,影视院线,720000,传媒,002905.SZ,002905.SZ,金逸影视,2021-12-13,院线
857662.SI,720602,院线,720600,影视院线,720000,传媒,300528.SZ,300528.SZ,幸福蓝海,2021-12-13,院线
857662.SI,720602,院线,720600,影视院线,720000,传媒,603103.SH,603103.SH,横店影视,2021-12-13,院线
857662.SI,720602,院线,720600,影视院线,720000,传媒,002739.SZ,002739.SZ,儒意电影,2021-12-13,院线
857671.SI,720701,视频媒体,720700,数字媒体,720000,传媒,300413.SZ,300413.SZ,芒果超媒,2021-12-13,视频媒体
857673.SI,720703,图片媒体,720700,数字媒体,720000,传媒,000681.SZ,000681.SZ,视觉中国,2021-12-13,图片媒体
857674.SI,720704,门户网站,720700,数字媒体,720000,传媒,300295.SZ,300295.SZ,*ST三六,2021-12-13,门户网站
857674.SI,720704,门户网站,720700,数字媒体,720000,传媒,300785.SZ,300785.SZ,值得买,2021-12-13,门户网站
857674.SI,720704,门户网站,720700,数字媒体,720000,传媒,300987.SZ,300987.SZ,川网传媒,2021-12-13,门户网站
857674.SI,720704,门户网站,720700,数字媒体,720000,传媒,600228.SH,600228.SH,返利科技,2021-12-13,门户网站
857674.SI,720704,门户网站,720700,数字媒体,720000,传媒,603000.SH,603000.SH,人民网,2021-12-13,门户网站
857674.SI,720704,门户网站,720700,数字媒体,720000,传媒,603888.SH,603888.SH,新华网,2021-12-13,门户网站
857674.SI,720704,门户网站,720700,数字媒体,720000,传媒,301299.SZ,301299.SZ,卓创资讯,2022-10-19,门户网站
857674.SI,720704,门户网站,720700,数字媒体,720000,传媒,002095.SZ,002095.SZ,生意宝,2021-12-13,门户网站
857675.SI,720705,文字媒体,720700,数字媒体,720000,传媒,603533.SH,603533.SH,掌阅科技,2021-12-13,文字媒体
857676.SI,720706,其他数字媒体,720700,数字媒体,720000,传媒,301313.SZ,301313.SZ,凡拓数创,2022-09-30,其他数字媒体
857676.SI,720706,其他数字媒体,720700,数字媒体,720000,传媒,600640.SH,600640.SH,国脉文化,2025-09-29,其他数字媒体
857676.SI,720706,其他数字媒体,720700,数字媒体,720000,传媒,603466.SH,603466.SH,风语筑,2022-01-18,其他数字媒体
857691.SI,720901,教育出版,720900,出版,720000,传媒,600757.SH,600757.SH,长江传媒,2021-12-13,教育出版
857691.SI,720901,教育出版,720900,出版,720000,传媒,601019.SH,601019.SH,山东出版,2021-12-13,教育出版
857691.SI,720901,教育出版,720900,出版,720000,传媒,601098.SH,601098.SH,中南传媒,2021-12-13,教育出版
857691.SI,720901,教育出版,720900,出版,720000,传媒,601811.SH,601811.SH,新华文轩,2021-12-13,教育出版
857691.SI,720901,教育出版,720900,出版,720000,传媒,601900.SH,601900.SH,南方传媒,2021-12-13,教育出版
857691.SI,720901,教育出版,720900,出版,720000,传媒,601921.SH,601921.SH,浙版传媒,2021-12-13,教育出版
857691.SI,720901,教育出版,720900,出版,720000,传媒,601928.SH,601928.SH,凤凰传媒,2021-12-13,教育出版
857691.SI,720901,教育出版,720900,出版,720000,传媒,605577.SH,605577.SH,龙版传媒,2021-12-13,教育出版
857691.SI,720901,教育出版,720900,出版,720000,传媒,300148.SZ,300148.SZ,天舟文化,2023-07-06,教育出版
857691.SI,720901,教育出版,720900,出版,720000,传媒,300654.SZ,300654.SZ,世纪天鸿,2021-12-13,教育出版
857692.SI,720902,大众出版,720900,出版,720000,传媒,000793.SZ,000793.SZ,ST华闻,2021-12-13,大众出版
857692.SI,720902,大众出版,720900,出版,720000,传媒,002181.SZ,002181.SZ,粤传媒,2021-12-13,大众出版
857692.SI,720902,大众出版,720900,出版,720000,传媒,300364.SZ,300364.SZ,中文在线,2021-12-13,大众出版
857692.SI,720902,大众出版,720900,出版,720000,传媒,300788.SZ,300788.SZ,中信出版,2021-12-13,大众出版
857692.SI,720902,大众出版,720900,出版,720000,传媒,301025.SZ,301025.SZ,读客文化,2021-12-13,大众出版
857692.SI,720902,大众出版,720900,出版,720000,传媒,301052.SZ,301052.SZ,果麦文化,2021-12-13,大众出版
857692.SI,720902,大众出版,720900,出版,720000,传媒,600229.SH,600229.SH,城市传媒,2021-12-13,大众出版
857692.SI,720902,大众出版,720900,出版,720000,传媒,600373.SH,600373.SH,中文传媒,2021-12-13,大众出版
857692.SI,720902,大众出版,720900,出版,720000,传媒,600551.SH,600551.SH,时代出版,2021-12-13,大众出版
857692.SI,720902,大众出版,720900,出版,720000,传媒,600825.SH,600825.SH,新华传媒,2021-12-13,大众出版
857692.SI,720902,大众出版,720900,出版,720000,传媒,601801.SH,601801.SH,皖新传媒,2021-12-13,大众出版
857692.SI,720902,大众出版,720900,出版,720000,传媒,601858.SH,601858.SH,中国科传,2021-12-13,大众出版
857692.SI,720902,大众出版,720900,出版,720000,传媒,601949.SH,601949.SH,中国出版,2021-12-13,大众出版
857692.SI,720902,大众出版,720900,出版,720000,传媒,601999.SH,601999.SH,出版传媒,2021-12-13,大众出版
857692.SI,720902,大众出版,720900,出版,720000,传媒,603096.SH,603096.SH,新经典,2021-12-13,大众出版
857692.SI,720902,大众出版,720900,出版,720000,传媒,603999.SH,603999.SH,读者传媒,2021-12-13,大众出版
857692.SI,720902,大众出版,720900,出版,720000,传媒,301231.SZ,301231.SZ,荣信文化,2022-09-08,大众出版
857692.SI,720902,大众出版,720900,出版,720000,传媒,603230.SH,603230.SH,内蒙新华,2023-07-06,大众出版
857692.SI,720902,大众出版,720900,出版,720000,传媒,000719.SZ,000719.SZ,中原传媒,2021-12-13,大众出版
859951.SI,721001,电视广播Ⅲ,721000,电视广播Ⅱ,720000,传媒,000665.SZ,000665.SZ,湖北广电,2021-12-13,电视广播Ⅲ
859951.SI,721001,电视广播Ⅲ,721000,电视广播Ⅱ,720000,传媒,000917.SZ,000917.SZ,电广传媒,2021-12-13,电视广播Ⅲ
859951.SI,721001,电视广播Ⅲ,721000,电视广播Ⅱ,720000,传媒,002238.SZ,002238.SZ,天威视讯,2021-12-13,电视广播Ⅲ
859951.SI,721001,电视广播Ⅲ,721000,电视广播Ⅱ,720000,传媒,300770.SZ,300770.SZ,新媒股份,2021-12-13,电视广播Ⅲ
859951.SI,721001,电视广播Ⅲ,721000,电视广播Ⅱ,720000,传媒,600037.SH,600037.SH,歌华有线,2021-12-13,电视广播Ⅲ
859951.SI,721001,电视广播Ⅲ,721000,电视广播Ⅱ,720000,传媒,600637.SH,600637.SH,东方明珠,2021-12-13,电视广播Ⅲ
859951.SI,721001,电视广播Ⅲ,721000,电视广播Ⅱ,720000,传媒,600831.SH,600831.SH,广电网络,2021-12-13,电视广播Ⅲ
859951.SI,721001,电视广播Ⅲ,721000,电视广播Ⅱ,720000,传媒,600936.SH,600936.SH,北投科技,2021-12-13,电视广播Ⅲ
859951.SI,721001,电视广播Ⅲ,721000,电视广播Ⅱ,720000,传媒,600959.SH,600959.SH,江苏有线,2021-12-13,电视广播Ⅲ
859951.SI,721001,电视广播Ⅲ,721000,电视广播Ⅱ,720000,传媒,600996.SH,600996.SH,贵广网络,2021-12-13,电视广播Ⅲ
859951.SI,721001,电视广播Ⅲ,721000,电视广播Ⅱ,720000,传媒,601929.SH,601929.SH,吉视传媒,2021-12-13,电视广播Ⅲ
859951.SI,721001,电视广播Ⅲ,721000,电视广播Ⅱ,720000,传媒,301262.SZ,301262.SZ,海看股份,2023-06-20,电视广播Ⅲ
859951.SI,721001,电视广播Ⅲ,721000,电视广播Ⅱ,720000,传媒,301551.SZ,301551.SZ,无线传媒,2024-09-26,电视广播Ⅲ
859951.SI,721001,电视广播Ⅲ,721000,电视广播Ⅱ,720000,传媒,000156.SZ,000156.SZ,华数传媒,2021-12-13,电视广播Ⅲ
852212.SI,730102,电信运营商,730100,通信服务,730000,通信,601728.SH,601728.SH,中国电信,2021-12-13,电信运营商
852212.SI,730102,电信运营商,730100,通信服务,730000,通信,600941.SH,600941.SH,中国移动,2022-01-05,电信运营商
852212.SI,730102,电信运营商,730100,通信服务,730000,通信,600050.SH,600050.SH,中国联通,2021-12-13,电信运营商
852213.SI,730103,通信工程及服务,730100,通信服务,730000,通信,002115.SZ,002115.SZ,三维通信,2021-12-13,通信工程及服务
852213.SI,730103,通信工程及服务,730100,通信服务,730000,通信,002544.SZ,002544.SZ,普天科技,2021-12-13,通信工程及服务
852213.SI,730103,通信工程及服务,730100,通信服务,730000,通信,002929.SZ,002929.SZ,润建股份,2021-12-13,通信工程及服务
852213.SI,730103,通信工程及服务,730100,通信服务,730000,通信,300025.SZ,300025.SZ,华星创业,2021-12-13,通信工程及服务
852213.SI,730103,通信工程及服务,730100,通信服务,730000,通信,300211.SZ,300211.SZ,*ST亿通,2021-12-13,通信工程及服务
852213.SI,730103,通信工程及服务,730100,通信服务,730000,通信,300310.SZ,300310.SZ,宜通世纪,2021-12-13,通信工程及服务
852213.SI,730103,通信工程及服务,730100,通信服务,730000,通信,300513.SZ,300513.SZ,恒实科技,2021-12-13,通信工程及服务
852213.SI,730103,通信工程及服务,730100,通信服务,730000,通信,300560.SZ,300560.SZ,中富通,2021-12-13,通信工程及服务
852213.SI,730103,通信工程及服务,730100,通信服务,730000,通信,300597.SZ,300597.SZ,吉大通信,2021-12-13,通信工程及服务
852213.SI,730103,通信工程及服务,730100,通信服务,730000,通信,600289.SH,600289.SH,ST信通,2021-12-13,通信工程及服务
852213.SI,730103,通信工程及服务,730100,通信服务,730000,通信,603220.SH,603220.SH,中贝通信,2021-12-13,通信工程及服务
852213.SI,730103,通信工程及服务,730100,通信服务,730000,通信,603322.SH,603322.SH,超讯科技,2021-12-13,通信工程及服务
852213.SI,730103,通信工程及服务,730100,通信服务,730000,通信,603559.SH,603559.SH,中通国脉,2021-12-13,通信工程及服务
852213.SI,730103,通信工程及服务,730100,通信服务,730000,通信,603206.SH,603206.SH,嘉环科技,2022-05-06,通信工程及服务
852213.SI,730103,通信工程及服务,730100,通信服务,730000,通信,301139.SZ,301139.SZ,*ST元道,2022-07-08,通信工程及服务
852213.SI,730103,通信工程及服务,730100,通信服务,730000,通信,300603.SZ,300603.SZ,立昂技术,2022-08-01,通信工程及服务
852213.SI,730103,通信工程及服务,730100,通信服务,730000,通信,000889.SZ,000889.SZ,中嘉博创,2021-12-13,通信工程及服务
852214.SI,730104,通信应用增值服务,730100,通信服务,730000,通信,002467.SZ,002467.SZ,二六三,2021-12-13,通信应用增值服务
852214.SI,730104,通信应用增值服务,730100,通信服务,730000,通信,300081.SZ,300081.SZ,ST恒信,2021-12-13,通信应用增值服务
852214.SI,730104,通信应用增值服务,730100,通信服务,730000,通信,300292.SZ,300292.SZ,吴通控股,2021-12-13,通信应用增值服务
852214.SI,730104,通信应用增值服务,730100,通信服务,730000,通信,300571.SZ,300571.SZ,平治信息,2021-12-13,通信应用增值服务
852214.SI,730104,通信应用增值服务,730100,通信服务,730000,通信,300578.SZ,300578.SZ,会畅科技,2021-12-13,通信应用增值服务
852214.SI,730104,通信应用增值服务,730100,通信服务,730000,通信,300921.SZ,300921.SZ,南凌科技,2021-12-13,通信应用增值服务
852214.SI,730104,通信应用增值服务,730100,通信服务,730000,通信,300959.SZ,300959.SZ,线上线下,2021-12-13,通信应用增值服务
852214.SI,730104,通信应用增值服务,730100,通信服务,730000,通信,000839.SZ,000839.SZ,国安股份,2022-08-01,通信应用增值服务
852214.SI,730104,通信应用增值服务,730100,通信服务,730000,通信,002148.SZ,002148.SZ,北纬科技,2022-08-09,通信应用增值服务
852214.SI,730104,通信应用增值服务,730100,通信服务,730000,通信,301380.SZ,301380.SZ,挖金客,2022-10-25,通信应用增值服务
852214.SI,730104,通信应用增值服务,730100,通信服务,730000,通信,301382.SZ,301382.SZ,蜂助手,2023-05-17,通信应用增值服务
852214.SI,730104,通信应用增值服务,730100,通信服务,730000,通信,301428.SZ,301428.SZ,世纪恒通,2023-05-19,通信应用增值服务
852214.SI,730104,通信应用增值服务,730100,通信服务,730000,通信,300383.SZ,300383.SZ,光环新网,2023-07-06,通信应用增值服务
852214.SI,730104,通信应用增值服务,730100,通信服务,730000,通信,300442.SZ,300442.SZ,润泽科技,2023-07-06,通信应用增值服务
852214.SI,730104,通信应用增值服务,730100,通信服务,730000,通信,300738.SZ,300738.SZ,奥飞数据,2023-07-06,通信应用增值服务
852214.SI,730104,通信应用增值服务,730100,通信服务,730000,通信,603881.SH,603881.SH,数据港,2023-07-06,通信应用增值服务
852214.SI,730104,通信应用增值服务,730100,通信服务,730000,通信,002123.SZ,002123.SZ,梦网科技,2021-12-13,通信应用增值服务
851024.SI,730204,通信网络设备及器件,730200,通信设备,730000,通信,002194.SZ,002194.SZ,武汉凡谷,2021-12-13,通信网络设备及器件
851024.SI,730204,通信网络设备及器件,730200,通信设备,730000,通信,002281.SZ,002281.SZ,光迅科技,2021-12-13,通信网络设备及器件
851024.SI,730204,通信网络设备及器件,730200,通信设备,730000,通信,002296.SZ,002296.SZ,辉煌科技,2021-12-13,通信网络设备及器件
851024.SI,730204,通信网络设备及器件,730200,通信设备,730000,通信,002396.SZ,002396.SZ,星网锐捷,2021-12-13,通信网络设备及器件
851024.SI,730204,通信网络设备及器件,730200,通信设备,730000,通信,002583.SZ,002583.SZ,海能达,2021-12-13,通信网络设备及器件
851024.SI,730204,通信网络设备及器件,730200,通信设备,730000,通信,002792.SZ,002792.SZ,通宇通讯,2021-12-13,通信网络设备及器件
851024.SI,730204,通信网络设备及器件,730200,通信设备,730000,通信,002897.SZ,002897.SZ,意华股份,2021-12-13,通信网络设备及器件
851024.SI,730204,通信网络设备及器件,730200,通信设备,730000,通信,002902.SZ,002902.SZ,铭普光磁,2021-12-13,通信网络设备及器件
851024.SI,730204,通信网络设备及器件,730200,通信设备,730000,通信,300134.SZ,300134.SZ,大富科技,2021-12-13,通信网络设备及器件
851024.SI,730204,通信网络设备及器件,730200,通信设备,730000,通信,300308.SZ,300308.SZ,中际旭创,2021-12-13,通信网络设备及器件
851024.SI,730204,通信网络设备及器件,730200,通信设备,730000,通信,300394.SZ,300394.SZ,天孚通信,2021-12-13,通信网络设备及器件
851024.SI,730204,通信网络设备及器件,730200,通信设备,730000,通信,300502.SZ,300502.SZ,新易盛,2021-12-13,通信网络设备及器件
851024.SI,730204,通信网络设备及器件,730200,通信设备,730000,通信,300548.SZ,300548.SZ,长芯博创,2021-12-13,通信网络设备及器件
851024.SI,730204,通信网络设备及器件,730200,通信设备,730000,通信,300565.SZ,300565.SZ,科信技术,2021-12-13,通信网络设备及器件
851024.SI,730204,通信网络设备及器件,730200,通信设备,730000,通信,300570.SZ,300570.SZ,太辰光,2021-12-13,通信网络设备及器件
851024.SI,730204,通信网络设备及器件,730200,通信设备,730000,通信,300620.SZ,300620.SZ,光库科技,2021-12-13,通信网络设备及器件
851024.SI,730204,通信网络设备及器件,730200,通信设备,730000,通信,300698.SZ,300698.SZ,万马科技,2021-12-13,通信网络设备及器件
851024.SI,730204,通信网络设备及器件,730200,通信设备,730000,通信,300710.SZ,300710.SZ,万隆光电,2021-12-13,通信网络设备及器件
851024.SI,730204,通信网络设备及器件,730200,通信设备,730000,通信,600498.SH,600498.SH,烽火通信,2021-12-13,通信网络设备及器件
851024.SI,730204,通信网络设备及器件,730200,通信设备,730000,通信,603421.SH,603421.SH,鼎信通讯,2021-12-13,通信网络设备及器件
851024.SI,730204,通信网络设备及器件,730200,通信设备,730000,通信,688182.SH,688182.SH,灿勤科技,2021-12-13,通信网络设备及器件
851024.SI,730204,通信网络设备及器件,730200,通信设备,730000,通信,688313.SH,688313.SH,仕佳光子,2021-12-13,通信网络设备及器件
851024.SI,730204,通信网络设备及器件,730200,通信设备,730000,通信,688618.SH,688618.SH,三旺通信,2021-12-13,通信网络设备及器件
851024.SI,730204,通信网络设备及器件,730200,通信设备,730000,通信,688668.SH,688668.SH,鼎通科技,2021-12-13,通信网络设备及器件
851024.SI,730204,通信网络设备及器件,730200,通信设备,730000,通信,002796.SZ,002796.SZ,世嘉科技,2022-08-01,通信网络设备及器件
851024.SI,730204,通信网络设备及器件,730200,通信设备,730000,通信,688205.SH,688205.SH,德科立,2022-08-09,通信网络设备及器件
851024.SI,730204,通信网络设备及器件,730200,通信设备,730000,通信,301205.SZ,301205.SZ,联特科技,2022-09-13,通信网络设备及器件
851024.SI,730204,通信网络设备及器件,730200,通信设备,730000,通信,688387.SH,688387.SH,信科移动,2022-09-26,通信网络设备及器件
851024.SI,730204,通信网络设备及器件,730200,通信设备,730000,通信,301165.SZ,301165.SZ,锐捷网络,2022-11-21,通信网络设备及器件
851024.SI,730204,通信网络设备及器件,730200,通信设备,730000,通信,301419.SZ,301419.SZ,阿莱德,2023-02-09,通信网络设备及器件
851024.SI,730204,通信网络设备及器件,730200,通信设备,730000,通信,301314.SZ,301314.SZ,科瑞思,2023-03-17,通信网络设备及器件
851024.SI,730204,通信网络设备及器件,730200,通信设备,730000,通信,301577.SZ,301577.SZ,美信科技,2024-01-24,通信网络设备及器件
851024.SI,730204,通信网络设备及器件,730200,通信设备,730000,通信,300098.SZ,300098.SZ,高新兴,2024-07-31,通信网络设备及器件
851024.SI,730204,通信网络设备及器件,730200,通信设备,730000,通信,001267.SZ,001267.SZ,汇绿生态,2026-07-02,通信网络设备及器件
851024.SI,730204,通信网络设备及器件,730200,通信设备,730000,通信,000063.SZ,000063.SZ,中兴通讯,2021-12-13,通信网络设备及器件
851025.SI,730205,通信线缆及配套,730200,通信设备,730000,通信,000586.SZ,000586.SZ,汇源通信,2021-12-13,通信线缆及配套
851025.SI,730205,通信线缆及配套,730200,通信设备,730000,通信,002491.SZ,002491.SZ,通鼎互联,2021-12-13,通信线缆及配套
851025.SI,730205,通信线缆及配套,730200,通信设备,730000,通信,300563.SZ,300563.SZ,神宇股份,2021-12-13,通信线缆及配套
851025.SI,730205,通信线缆及配套,730200,通信设备,730000,通信,300913.SZ,300913.SZ,兆龙互连,2021-12-13,通信线缆及配套
851025.SI,730205,通信线缆及配套,730200,通信设备,730000,通信,600105.SH,600105.SH,永鼎股份,2021-12-13,通信线缆及配套
851025.SI,730205,通信线缆及配套,730200,通信设备,730000,通信,600487.SH,600487.SH,亨通光电,2021-12-13,通信线缆及配套
851025.SI,730205,通信线缆及配套,730200,通信设备,730000,通信,600522.SH,600522.SH,中天科技,2021-12-13,通信线缆及配套
851025.SI,730205,通信线缆及配套,730200,通信设备,730000,通信,601869.SH,601869.SH,长飞光纤,2021-12-13,通信线缆及配套
851025.SI,730205,通信线缆及配套,730200,通信设备,730000,通信,603042.SH,603042.SH,华脉科技,2021-12-13,通信线缆及配套
851025.SI,730205,通信线缆及配套,730200,通信设备,730000,通信,688143.SH,688143.SH,长盈通,2022-12-12,通信线缆及配套
851025.SI,730205,通信线缆及配套,730200,通信设备,730000,通信,688635.SH,688635.SH,长进光子,2026-05-27,通信线缆及配套
851025.SI,730205,通信线缆及配套,730200,通信设备,730000,通信,000070.SZ,000070.SZ,特发信息,2021-12-13,通信线缆及配套
851026.SI,730206,通信终端及配件,730200,通信设备,730000,通信,002104.SZ,002104.SZ,恒宝股份,2021-12-13,通信终端及配件
851026.SI,730206,通信终端及配件,730200,通信设备,730000,通信,002313.SZ,002313.SZ,日海智能,2021-12-13,通信终端及配件
851026.SI,730206,通信终端及配件,730200,通信设备,730000,通信,003031.SZ,003031.SZ,中瓷电子,2021-12-13,通信终端及配件
851026.SI,730206,通信终端及配件,730200,通信设备,730000,通信,003040.SZ,003040.SZ,楚天龙,2021-12-13,通信终端及配件
851026.SI,730206,通信终端及配件,730200,通信设备,730000,通信,300205.SZ,300205.SZ,*ST天喻,2021-12-13,通信终端及配件
851026.SI,730206,通信终端及配件,730200,通信设备,730000,通信,300504.SZ,300504.SZ,天邑股份,2021-12-13,通信终端及配件
851026.SI,730206,通信终端及配件,730200,通信设备,730000,通信,300555.SZ,300555.SZ,ST路通,2021-12-13,通信终端及配件
851026.SI,730206,通信终端及配件,730200,通信设备,730000,通信,300590.SZ,300590.SZ,移为通信,2021-12-13,通信终端及配件
851026.SI,730206,通信终端及配件,730200,通信设备,730000,通信,300615.SZ,300615.SZ,欣天科技,2021-12-13,通信终端及配件
851026.SI,730206,通信终端及配件,730200,通信设备,730000,通信,300627.SZ,300627.SZ,华测导航,2021-12-13,通信终端及配件
851026.SI,730206,通信终端及配件,730200,通信设备,730000,通信,300628.SZ,300628.SZ,亿联网络,2021-12-13,通信终端及配件
851026.SI,730206,通信终端及配件,730200,通信设备,730000,通信,300638.SZ,300638.SZ,广和通,2021-12-13,通信终端及配件
851026.SI,730206,通信终端及配件,730200,通信设备,730000,通信,300689.SZ,300689.SZ,澄天伟业,2021-12-13,通信终端及配件
851026.SI,730206,通信终端及配件,730200,通信设备,730000,通信,600734.SH,600734.SH,*ST实达,2021-12-13,通信终端及配件
851026.SI,730206,通信终端及配件,730200,通信设备,730000,通信,600775.SH,600775.SH,南京熊猫,2021-12-13,通信终端及配件
851026.SI,730206,通信终端及配件,730200,通信设备,730000,通信,603083.SH,603083.SH,剑桥科技,2021-12-13,通信终端及配件
851026.SI,730206,通信终端及配件,730200,通信设备,730000,通信,603118.SH,603118.SH,共进股份,2021-12-13,通信终端及配件
851026.SI,730206,通信终端及配件,730200,通信设备,730000,通信,603236.SH,603236.SH,移远通信,2021-12-13,通信终端及配件
851026.SI,730206,通信终端及配件,730200,通信设备,730000,通信,603803.SH,603803.SH,瑞斯康达,2021-12-13,通信终端及配件
851026.SI,730206,通信终端及配件,730200,通信设备,730000,通信,688027.SH,688027.SH,国盾量子,2021-12-13,通信终端及配件
851026.SI,730206,通信终端及配件,730200,通信设备,730000,通信,688100.SH,688100.SH,威胜信息,2021-12-13,通信终端及配件
851026.SI,730206,通信终端及配件,730200,通信设备,730000,通信,688159.SH,688159.SH,有方科技,2021-12-13,通信终端及配件
851026.SI,730206,通信终端及配件,730200,通信设备,730000,通信,301191.SZ,301191.SZ,菲菱科思,2022-05-26,通信终端及配件
851026.SI,730206,通信终端及配件,730200,通信设备,730000,通信,600198.SH,600198.SH,大唐电信,2022-08-01,通信终端及配件
851026.SI,730206,通信终端及配件,730200,通信设备,730000,通信,688592.SH,688592.SH,司南导航,2024-03-26,通信终端及配件
851026.SI,730206,通信终端及配件,730200,通信设备,730000,通信,002881.SZ,002881.SZ,美格智能,2024-07-31,通信终端及配件
851026.SI,730206,通信终端及配件,730200,通信设备,730000,通信,002017.SZ,002017.SZ,东信和平,2021-12-13,通信终端及配件
851027.SI,730207,其他通信设备,730200,通信设备,730000,通信,300213.SZ,300213.SZ,佳讯飞鸿,2021-12-13,其他通信设备
851027.SI,730207,其他通信设备,730200,通信设备,730000,通信,300353.SZ,300353.SZ,东土科技,2021-12-13,其他通信设备
851027.SI,730207,其他通信设备,730200,通信设备,730000,通信,300414.SZ,300414.SZ,中光防雷,2021-12-13,其他通信设备
851027.SI,730207,其他通信设备,730200,通信设备,730000,通信,300711.SZ,300711.SZ,广哈通信,2021-12-13,其他通信设备
851027.SI,730207,其他通信设备,730200,通信设备,730000,通信,600345.SH,600345.SH,长江通信,2021-12-13,其他通信设备
851027.SI,730207,其他通信设备,730200,通信设备,730000,通信,600776.SH,600776.SH,东方通信,2021-12-13,其他通信设备
851027.SI,730207,其他通信设备,730200,通信设备,730000,通信,688080.SH,688080.SH,映翰通,2021-12-13,其他通信设备
851027.SI,730207,其他通信设备,730200,通信设备,730000,通信,688418.SH,688418.SH,震有科技,2021-12-13,其他通信设备
851027.SI,730207,其他通信设备,730200,通信设备,730000,通信,688283.SH,688283.SH,坤恒顺维,2022-02-15,其他通信设备
851027.SI,730207,其他通信设备,730200,通信设备,730000,通信,301202.SZ,301202.SZ,朗威股份,2023-07-05,其他通信设备
851027.SI,730207,其他通信设备,730200,通信设备,730000,通信,300183.SZ,300183.SZ,东软载波,2021-12-13,其他通信设备
859511.SI,740101,动力煤,740100,煤炭开采,740000,煤炭,000571.SZ,000571.SZ,新大洲A,2021-12-13,动力煤
859511.SI,740101,动力煤,740100,煤炭开采,740000,煤炭,002128.SZ,002128.SZ,电投能源,2021-12-13,动力煤
859511.SI,740101,动力煤,740100,煤炭开采,740000,煤炭,600121.SH,600121.SH,郑州煤电,2021-12-13,动力煤
859511.SI,740101,动力煤,740100,煤炭开采,740000,煤炭,600188.SH,600188.SH,兖矿能源,2021-12-13,动力煤
859511.SI,740101,动力煤,740100,煤炭开采,740000,煤炭,600403.SH,600403.SH,大有能源,2021-12-13,动力煤
859511.SI,740101,动力煤,740100,煤炭开采,740000,煤炭,600546.SH,600546.SH,山煤国际,2021-12-13,动力煤
859511.SI,740101,动力煤,740100,煤炭开采,740000,煤炭,600971.SH,600971.SH,恒源煤电,2021-12-13,动力煤
859511.SI,740101,动力煤,740100,煤炭开采,740000,煤炭,601001.SH,601001.SH,晋控煤业,2021-12-13,动力煤
859511.SI,740101,动力煤,740100,煤炭开采,740000,煤炭,601088.SH,601088.SH,中国神华,2021-12-13,动力煤
859511.SI,740101,动力煤,740100,煤炭开采,740000,煤炭,601101.SH,601101.SH,昊华能源,2021-12-13,动力煤
859511.SI,740101,动力煤,740100,煤炭开采,740000,煤炭,601225.SH,601225.SH,陕西煤业,2021-12-13,动力煤
859511.SI,740101,动力煤,740100,煤炭开采,740000,煤炭,601898.SH,601898.SH,中煤能源,2021-12-13,动力煤
859511.SI,740101,动力煤,740100,煤炭开采,740000,煤炭,601918.SH,601918.SH,新集能源,2021-12-13,动力煤
859511.SI,740101,动力煤,740100,煤炭开采,740000,煤炭,600925.SH,600925.SH,苏能股份,2023-03-29,动力煤
859511.SI,740101,动力煤,740100,煤炭开采,740000,煤炭,000552.SZ,000552.SZ,甘肃能化,2021-12-13,动力煤
859512.SI,740102,焦煤,740100,煤炭开采,740000,煤炭,000983.SZ,000983.SZ,山西焦煤,2021-12-13,焦煤
859512.SI,740102,焦煤,740100,煤炭开采,740000,煤炭,600123.SH,600123.SH,兰花科创,2021-12-13,焦煤
859512.SI,740102,焦煤,740100,煤炭开采,740000,煤炭,600348.SH,600348.SH,华阳股份,2021-12-13,焦煤
859512.SI,740102,焦煤,740100,煤炭开采,740000,煤炭,600395.SH,600395.SH,盘江股份,2021-12-13,焦煤
859512.SI,740102,焦煤,740100,煤炭开采,740000,煤炭,600508.SH,600508.SH,上海能源,2021-12-13,焦煤
859512.SI,740102,焦煤,740100,煤炭开采,740000,煤炭,600758.SH,600758.SH,辽宁能源,2021-12-13,焦煤
859512.SI,740102,焦煤,740100,煤炭开采,740000,煤炭,600985.SH,600985.SH,淮北矿业,2021-12-13,焦煤
859512.SI,740102,焦煤,740100,煤炭开采,740000,煤炭,601666.SH,601666.SH,平煤股份,2021-12-13,焦煤
859512.SI,740102,焦煤,740100,煤炭开采,740000,煤炭,601699.SH,601699.SH,潞安环能,2021-12-13,焦煤
859512.SI,740102,焦煤,740100,煤炭开采,740000,煤炭,600997.SH,600997.SH,开滦股份,2023-07-06,焦煤
859512.SI,740102,焦煤,740100,煤炭开采,740000,煤炭,000937.SZ,000937.SZ,冀中能源,2021-12-13,焦煤
859521.SI,740201,焦炭Ⅲ,740200,焦炭Ⅱ,740000,煤炭,600408.SH,600408.SH,安泰集团,2021-12-13,焦炭Ⅲ
859521.SI,740201,焦炭Ⅲ,740200,焦炭Ⅱ,740000,煤炭,600725.SH,600725.SH,云维股份,2021-12-13,焦炭Ⅲ
859521.SI,740201,焦炭Ⅲ,740200,焦炭Ⅱ,740000,煤炭,600740.SH,600740.SH,山西焦化,2021-12-13,焦炭Ⅲ
859521.SI,740201,焦炭Ⅲ,740200,焦炭Ⅱ,740000,煤炭,600792.SH,600792.SH,云煤能源,2021-12-13,焦炭Ⅲ
859521.SI,740201,焦炭Ⅲ,740200,焦炭Ⅱ,740000,煤炭,601011.SH,601011.SH,宝泰隆,2021-12-13,焦炭Ⅲ
859521.SI,740201,焦炭Ⅲ,740200,焦炭Ⅱ,740000,煤炭,601015.SH,601015.SH,陕西黑猫,2021-12-13,焦炭Ⅲ
859521.SI,740201,焦炭Ⅲ,740200,焦炭Ⅱ,740000,煤炭,000723.SZ,000723.SZ,美锦能源,2021-12-13,焦炭Ⅲ
859611.SI,750101,油气开采Ⅲ,750100,油气开采Ⅱ,750000,石油石化,600759.SH,600759.SH,ST洲际,2021-12-13,油气开采Ⅲ
859611.SI,750101,油气开采Ⅲ,750100,油气开采Ⅱ,750000,石油石化,600777.SH,600777.SH,新潮能源,2021-12-13,油气开采Ⅲ
859611.SI,750101,油气开采Ⅲ,750100,油气开采Ⅱ,750000,石油石化,600938.SH,600938.SH,中国海油,2022-04-21,油气开采Ⅲ
859611.SI,750101,油气开采Ⅲ,750100,油气开采Ⅱ,750000,石油石化,000968.SZ,000968.SZ,蓝焰控股,2021-12-13,油气开采Ⅲ
859621.SI,750201,油田服务,750200,油服工程,750000,石油石化,002629.SZ,002629.SZ,仁智股份,2021-12-13,油田服务
859621.SI,750201,油田服务,750200,油服工程,750000,石油石化,002828.SZ,002828.SZ,贝肯能源,2021-12-13,油田服务
859621.SI,750201,油田服务,750200,油服工程,750000,石油石化,600871.SH,600871.SH,石化油服,2021-12-13,油田服务
859621.SI,750201,油田服务,750200,油服工程,750000,石油石化,600968.SH,600968.SH,海油发展,2021-12-13,油田服务
859621.SI,750201,油田服务,750200,油服工程,750000,石油石化,601808.SH,601808.SH,中海油服,2021-12-13,油田服务
859621.SI,750201,油田服务,750200,油服工程,750000,石油石化,603619.SH,603619.SH,中曼石油,2021-12-13,油田服务
859621.SI,750201,油田服务,750200,油服工程,750000,石油石化,002207.SZ,002207.SZ,*ST准油,2021-12-13,油田服务
859622.SI,750202,油气及炼化工程,750200,油服工程,750000,石油石化,300164.SZ,300164.SZ,通源石油,2021-12-13,油气及炼化工程
859622.SI,750202,油气及炼化工程,750200,油服工程,750000,石油石化,300191.SZ,300191.SZ,潜能恒信,2021-12-13,油气及炼化工程
859622.SI,750202,油气及炼化工程,750200,油服工程,750000,石油石化,600339.SH,600339.SH,中油工程,2021-12-13,油气及炼化工程
859622.SI,750202,油气及炼化工程,750200,油服工程,750000,石油石化,600583.SH,600583.SH,海油工程,2021-12-13,油气及炼化工程
859622.SI,750202,油气及炼化工程,750200,油服工程,750000,石油石化,603727.SH,603727.SH,博迈科,2021-12-13,油气及炼化工程
859622.SI,750202,油气及炼化工程,750200,油服工程,750000,石油石化,002554.SZ,002554.SZ,惠博普,2021-12-13,油气及炼化工程
859631.SI,750301,炼油化工,750300,炼化及贸易,750000,石油石化,000301.SZ,000301.SZ,东方盛虹,2021-12-13,炼油化工
859631.SI,750301,炼油化工,750300,炼化及贸易,750000,石油石化,000698.SZ,000698.SZ,ST沈化,2021-12-13,炼油化工
859631.SI,750301,炼油化工,750300,炼化及贸易,750000,石油石化,000703.SZ,000703.SZ,恒逸石化,2021-12-13,炼油化工
859631.SI,750301,炼油化工,750300,炼化及贸易,750000,石油石化,002493.SZ,002493.SZ,荣盛石化,2021-12-13,炼油化工
859631.SI,750301,炼油化工,750300,炼化及贸易,750000,石油石化,600028.SH,600028.SH,中国石化,2021-12-13,炼油化工
859631.SI,750301,炼油化工,750300,炼化及贸易,750000,石油石化,600346.SH,600346.SH,恒力石化,2021-12-13,炼油化工
859631.SI,750301,炼油化工,750300,炼化及贸易,750000,石油石化,600688.SH,600688.SH,上海石化,2021-12-13,炼油化工
859631.SI,750301,炼油化工,750300,炼化及贸易,750000,石油石化,601857.SH,601857.SH,中国石油,2021-12-13,炼油化工
859631.SI,750301,炼油化工,750300,炼化及贸易,750000,石油石化,600506.SH,600506.SH,统一股份,2022-08-01,炼油化工
859631.SI,750301,炼油化工,750300,炼化及贸易,750000,石油石化,000059.SZ,000059.SZ,华锦股份,2021-12-13,炼油化工
859632.SI,750302,油品石化贸易,750300,炼化及贸易,750000,石油石化,000554.SZ,000554.SZ,泰山石油,2021-12-13,油品石化贸易
859632.SI,750302,油品石化贸易,750300,炼化及贸易,750000,石油石化,600256.SH,600256.SH,广汇能源,2021-12-13,油品石化贸易
859632.SI,750302,油品石化贸易,750300,炼化及贸易,750000,石油石化,603353.SH,603353.SH,和顺石油,2021-12-13,油品石化贸易
859632.SI,750302,油品石化贸易,750300,炼化及贸易,750000,石油石化,001316.SZ,001316.SZ,润贝航科,2022-06-24,油品石化贸易
859632.SI,750302,油品石化贸易,750300,炼化及贸易,750000,石油石化,603223.SH,603223.SH,恒通股份,2022-08-01,油品石化贸易
859632.SI,750302,油品石化贸易,750300,炼化及贸易,750000,石油石化,000096.SZ,000096.SZ,广聚能源,2021-12-13,油品石化贸易
859633.SI,750303,其他石化,750300,炼化及贸易,750000,石油石化,000819.SZ,000819.SZ,岳阳兴长,2021-12-13,其他石化
859633.SI,750303,其他石化,750300,炼化及贸易,750000,石油石化,000985.SZ,000985.SZ,大庆华科,2021-12-13,其他石化
859633.SI,750303,其他石化,750300,炼化及贸易,750000,石油石化,002221.SZ,002221.SZ,东华能源,2021-12-13,其他石化
859633.SI,750303,其他石化,750300,炼化及贸易,750000,石油石化,002408.SZ,002408.SZ,齐翔腾达,2021-12-13,其他石化
859633.SI,750303,其他石化,750300,炼化及贸易,750000,石油石化,002476.SZ,002476.SZ,新叶股份,2021-12-13,其他石化
859633.SI,750303,其他石化,750300,炼化及贸易,750000,石油石化,002986.SZ,002986.SZ,宇新股份,2021-12-13,其他石化
859633.SI,750303,其他石化,750300,炼化及贸易,750000,石油石化,300135.SZ,300135.SZ,宝利国际,2021-12-13,其他石化
859633.SI,750303,其他石化,750300,炼化及贸易,750000,石油石化,300839.SZ,300839.SZ,博汇股份,2021-12-13,其他石化
859633.SI,750303,其他石化,750300,炼化及贸易,750000,石油石化,600800.SH,600800.SH,渤海化学,2021-12-13,其他石化
859633.SI,750303,其他石化,750300,炼化及贸易,750000,石油石化,601233.SH,601233.SH,桐昆股份,2021-12-13,其他石化
859633.SI,750303,其他石化,750300,炼化及贸易,750000,石油石化,603798.SH,603798.SH,康普顿,2021-12-13,其他石化
859633.SI,750303,其他石化,750300,炼化及贸易,750000,石油石化,002377.SZ,002377.SZ,国创高新,2024-07-31,其他石化
859633.SI,750303,其他石化,750300,炼化及贸易,750000,石油石化,300055.SZ,300055.SZ,万邦达,2024-07-31,其他石化
859633.SI,750303,其他石化,750300,炼化及贸易,750000,石油石化,000637.SZ,000637.SZ,茂化实华,2021-12-13,其他石化
859711.SI,760101,大气治理,760100,环境治理,760000,环保,300056.SZ,300056.SZ,中创环保,2021-12-13,大气治理
859711.SI,760101,大气治理,760100,环境治理,760000,环保,300385.SZ,300385.SZ,ST雪浪,2021-12-13,大气治理
859711.SI,760101,大气治理,760100,环境治理,760000,环保,603177.SH,603177.SH,德创环保,2021-12-13,大气治理
859711.SI,760101,大气治理,760100,环境治理,760000,环保,603315.SH,603315.SH,福鞍股份,2022-08-01,大气治理
859711.SI,760101,大气治理,760100,环境治理,760000,环保,003027.SZ,003027.SZ,同兴科技,2021-12-13,大气治理
859712.SI,760102,水务及水治理,760100,环境治理,760000,环保,000598.SZ,000598.SZ,兴蓉环境,2021-12-13,水务及水治理
859712.SI,760102,水务及水治理,760100,环境治理,760000,环保,000605.SZ,000605.SZ,渤海股份,2021-12-13,水务及水治理
859712.SI,760102,水务及水治理,760100,环境治理,760000,环保,000685.SZ,000685.SZ,中山公用,2021-12-13,水务及水治理
859712.SI,760102,水务及水治理,760100,环境治理,760000,环保,003039.SZ,003039.SZ,顺控发展,2021-12-13,水务及水治理
859712.SI,760102,水务及水治理,760100,环境治理,760000,环保,300070.SZ,300070.SZ,碧水源,2021-12-13,水务及水治理
859712.SI,760102,水务及水治理,760100,环境治理,760000,环保,300172.SZ,300172.SZ,中电环保,2021-12-13,水务及水治理
859712.SI,760102,水务及水治理,760100,环境治理,760000,环保,300266.SZ,300266.SZ,兴源环境,2021-12-13,水务及水治理
859712.SI,760102,水务及水治理,760100,环境治理,760000,环保,300334.SZ,300334.SZ,津膜科技,2021-12-13,水务及水治理
859712.SI,760102,水务及水治理,760100,环境治理,760000,环保,300388.SZ,300388.SZ,节能国祯,2021-12-13,水务及水治理
859712.SI,760102,水务及水治理,760100,环境治理,760000,环保,300422.SZ,300422.SZ,博世科,2021-12-13,水务及水治理
859712.SI,760102,水务及水治理,760100,环境治理,760000,环保,300437.SZ,300437.SZ,清水源,2021-12-13,水务及水治理
859712.SI,760102,水务及水治理,760100,环境治理,760000,环保,300664.SZ,300664.SZ,鹏鹞环保,2021-12-13,水务及水治理
859712.SI,760102,水务及水治理,760100,环境治理,760000,环保,300692.SZ,300692.SZ,中赋科技,2021-12-13,水务及水治理
859712.SI,760102,水务及水治理,760100,环境治理,760000,环保,300774.SZ,300774.SZ,倍杰特,2021-12-13,水务及水治理
859712.SI,760102,水务及水治理,760100,环境治理,760000,环保,300899.SZ,300899.SZ,上海凯鑫,2021-12-13,水务及水治理
859712.SI,760102,水务及水治理,760100,环境治理,760000,环保,300929.SZ,300929.SZ,华骐环保,2021-12-13,水务及水治理
859712.SI,760102,水务及水治理,760100,环境治理,760000,环保,300961.SZ,300961.SZ,深水海纳,2021-12-13,水务及水治理
859712.SI,760102,水务及水治理,760100,环境治理,760000,环保,600008.SH,600008.SH,首创环保,2021-12-13,水务及水治理
859712.SI,760102,水务及水治理,760100,环境治理,760000,环保,600168.SH,600168.SH,武汉控股,2021-12-13,水务及水治理
859712.SI,760102,水务及水治理,760100,环境治理,760000,环保,600187.SH,600187.SH,*ST国中,2021-12-13,水务及水治理
859712.SI,760102,水务及水治理,760100,环境治理,760000,环保,600283.SH,600283.SH,钱江水利,2021-12-13,水务及水治理
859712.SI,760102,水务及水治理,760100,环境治理,760000,环保,600461.SH,600461.SH,洪城环境,2021-12-13,水务及水治理
859712.SI,760102,水务及水治理,760100,环境治理,760000,环保,600769.SH,600769.SH,祥龙电业,2021-12-13,水务及水治理
859712.SI,760102,水务及水治理,760100,环境治理,760000,环保,600874.SH,600874.SH,创业环保,2021-12-13,水务及水治理
859712.SI,760102,水务及水治理,760100,环境治理,760000,环保,601158.SH,601158.SH,重庆水务,2021-12-13,水务及水治理
859712.SI,760102,水务及水治理,760100,环境治理,760000,环保,601199.SH,601199.SH,江南水务,2021-12-13,水务及水治理
859712.SI,760102,水务及水治理,760100,环境治理,760000,环保,601368.SH,601368.SH,绿城水务,2021-12-13,水务及水治理
859712.SI,760102,水务及水治理,760100,环境治理,760000,环保,603200.SH,603200.SH,上海洗霸,2021-12-13,水务及水治理
859712.SI,760102,水务及水治理,760100,环境治理,760000,环保,603759.SH,603759.SH,海天股份,2021-12-13,水务及水治理
859712.SI,760102,水务及水治理,760100,环境治理,760000,环保,603797.SH,603797.SH,联泰环保,2021-12-13,水务及水治理
859712.SI,760102,水务及水治理,760100,环境治理,760000,环保,603817.SH,603817.SH,海峡环保,2021-12-13,水务及水治理
859712.SI,760102,水务及水治理,760100,环境治理,760000,环保,603903.SH,603903.SH,中持股份,2021-12-13,水务及水治理
859712.SI,760102,水务及水治理,760100,环境治理,760000,环保,688057.SH,688057.SH,金达莱,2021-12-13,水务及水治理
859712.SI,760102,水务及水治理,760100,环境治理,760000,环保,688069.SH,688069.SH,德林海,2021-12-13,水务及水治理
859712.SI,760102,水务及水治理,760100,环境治理,760000,环保,688096.SH,688096.SH,京源环保,2021-12-13,水务及水治理
859712.SI,760102,水务及水治理,760100,环境治理,760000,环保,688101.SH,688101.SH,三达膜,2021-12-13,水务及水治理
859712.SI,760102,水务及水治理,760100,环境治理,760000,环保,688335.SH,688335.SH,复洁科技,2021-12-13,水务及水治理
859712.SI,760102,水务及水治理,760100,环境治理,760000,环保,688466.SH,688466.SH,金科环境,2021-12-13,水务及水治理
859712.SI,760102,水务及水治理,760100,环境治理,760000,环保,688565.SH,688565.SH,力源科技,2021-12-13,水务及水治理
859712.SI,760102,水务及水治理,760100,环境治理,760000,环保,301127.SZ,301127.SZ,武汉天源,2021-12-30,水务及水治理
859712.SI,760102,水务及水治理,760100,环境治理,760000,环保,301148.SZ,301148.SZ,嘉戎技术,2022-04-21,水务及水治理
859712.SI,760102,水务及水治理,760100,环境治理,760000,环保,600796.SH,600796.SH,钱江生化,2022-08-01,水务及水治理
859712.SI,760102,水务及水治理,760100,环境治理,760000,环保,603291.SH,603291.SH,联合水务,2023-03-27,水务及水治理
859712.SI,760102,水务及水治理,760100,环境治理,760000,环保,301203.SZ,301203.SZ,国泰环保,2023-04-04,水务及水治理
859712.SI,760102,水务及水治理,760100,环境治理,760000,环保,002573.SZ,002573.SZ,清新环境,2023-07-06,水务及水治理
859712.SI,760102,水务及水治理,760100,环境治理,760000,环保,301519.SZ,301519.SZ,舜禹股份,2023-07-27,水务及水治理
859712.SI,760102,水务及水治理,760100,环境治理,760000,环保,301372.SZ,301372.SZ,科净源,2023-08-11,水务及水治理
859712.SI,760102,水务及水治理,760100,环境治理,760000,环保,002778.SZ,002778.SZ,中晟高科,2024-07-31,水务及水治理
859712.SI,760102,水务及水治理,760100,环境治理,760000,环保,300425.SZ,300425.SZ,中建环能,2024-07-31,水务及水治理
859712.SI,760102,水务及水治理,760100,环境治理,760000,环保,000544.SZ,000544.SZ,中原环保,2021-12-13,水务及水治理
859713.SI,760103,固废治理,760100,环境治理,760000,环保,002034.SZ,002034.SZ,旺能环境,2021-12-13,固废治理
859713.SI,760103,固废治理,760100,环境治理,760000,环保,002266.SZ,002266.SZ,浙富控股,2021-12-13,固废治理
859713.SI,760103,固废治理,760100,环境治理,760000,环保,002672.SZ,002672.SZ,东江环保,2021-12-13,固废治理
859713.SI,760103,固废治理,760100,环境治理,760000,环保,002973.SZ,002973.SZ,侨银股份,2021-12-13,固废治理
859713.SI,760103,固废治理,760100,环境治理,760000,环保,300614.SZ,300614.SZ,百川畅银,2021-12-13,固废治理
859713.SI,760103,固废治理,760100,环境治理,760000,环保,300779.SZ,300779.SZ,惠城环保,2021-12-13,固废治理
859713.SI,760103,固废治理,760100,环境治理,760000,环保,300815.SZ,300815.SZ,玉禾田,2021-12-13,固废治理
859713.SI,760103,固废治理,760100,环境治理,760000,环保,300854.SZ,300854.SZ,中兰环保,2021-12-13,固废治理
859713.SI,760103,固废治理,760100,环境治理,760000,环保,300867.SZ,300867.SZ,圣元环保,2021-12-13,固废治理
859713.SI,760103,固废治理,760100,环境治理,760000,环保,301049.SZ,301049.SZ,超越科技,2021-12-13,固废治理
859713.SI,760103,固废治理,760100,环境治理,760000,环保,301068.SZ,301068.SZ,大地海洋,2021-12-13,固废治理
859713.SI,760103,固废治理,760100,环境治理,760000,环保,600217.SH,600217.SH,中再资环,2021-12-13,固废治理
859713.SI,760103,固废治理,760100,环境治理,760000,环保,600323.SH,600323.SH,瀚蓝环境,2021-12-13,固废治理
859713.SI,760103,固废治理,760100,环境治理,760000,环保,601200.SH,601200.SH,上海环境,2021-12-13,固废治理
859713.SI,760103,固废治理,760100,环境治理,760000,环保,601330.SH,601330.SH,绿色动力,2021-12-13,固废治理
859713.SI,760103,固废治理,760100,环境治理,760000,环保,601827.SH,601827.SH,三峰环境,2021-12-13,固废治理
859713.SI,760103,固废治理,760100,环境治理,760000,环保,603568.SH,603568.SH,伟明环保,2021-12-13,固废治理
859713.SI,760103,固废治理,760100,环境治理,760000,环保,603588.SH,603588.SH,高能环境,2021-12-13,固废治理
859713.SI,760103,固废治理,760100,环境治理,760000,环保,688679.SH,688679.SH,通源环境,2021-12-13,固废治理
859713.SI,760103,固废治理,760100,环境治理,760000,环保,301109.SZ,301109.SZ,军信股份,2022-04-13,固废治理
859713.SI,760103,固废治理,760100,环境治理,760000,环保,301175.SZ,301175.SZ,中科环保,2022-07-08,固废治理
859713.SI,760103,固废治理,760100,环境治理,760000,环保,001230.SZ,001230.SZ,劲旅环境,2022-07-15,固废治理
859713.SI,760103,固废治理,760100,环境治理,760000,环保,002210.SZ,002210.SZ,飞马国际,2022-08-01,固废治理
859713.SI,760103,固废治理,760100,环境治理,760000,环保,688178.SH,688178.SH,万德斯,2022-08-01,固废治理
859713.SI,760103,固废治理,760100,环境治理,760000,环保,688370.SH,688370.SH,丛麟科技,2022-08-25,固废治理
859713.SI,760103,固废治理,760100,环境治理,760000,环保,301265.SZ,301265.SZ,华新科技,2022-12-16,固废治理
859713.SI,760103,固废治理,760100,环境治理,760000,环保,301305.SZ,301305.SZ,朗坤科技,2023-05-23,固废治理
859713.SI,760103,固废治理,760100,环境治理,760000,环保,601033.SH,601033.SH,永兴股份,2024-01-18,固废治理
859713.SI,760103,固废治理,760100,环境治理,760000,环保,000885.SZ,000885.SZ,城发环境,2024-05-22,固废治理
859713.SI,760103,固废治理,760100,环境治理,760000,环保,000546.SZ,000546.SZ,金圆股份,2024-07-31,固废治理
859713.SI,760103,固废治理,760100,环境治理,760000,环保,300140.SZ,300140.SZ,节能环境,2024-07-31,固废治理
859713.SI,760103,固废治理,760100,环境治理,760000,环保,301500.SZ,301500.SZ,飞南资源,2024-07-31,固废治理
859713.SI,760103,固废治理,760100,环境治理,760000,环保,000803.SZ,000803.SZ,山高环能,2025-08-13,固废治理
859713.SI,760103,固废治理,760100,环境治理,760000,环保,000035.SZ,000035.SZ,中国天楹,2021-12-13,固废治理
859714.SI,760104,综合环境治理,760100,环境治理,760000,环保,000826.SZ,000826.SZ,*ST启环,2021-12-13,综合环境治理
859714.SI,760104,综合环境治理,760100,环境治理,760000,环保,002887.SZ,002887.SZ,绿茵生态,2021-12-13,综合环境治理
859714.SI,760104,综合环境治理,760100,环境治理,760000,环保,300152.SZ,300152.SZ,*ST动力,2021-12-13,综合环境治理
859714.SI,760104,综合环境治理,760100,环境治理,760000,环保,300190.SZ,300190.SZ,维尔利,2021-12-13,综合环境治理
859714.SI,760104,综合环境治理,760100,环境治理,760000,环保,300864.SZ,300864.SZ,南大环境,2021-12-13,综合环境治理
859714.SI,760104,综合环境治理,760100,环境治理,760000,环保,300958.SZ,300958.SZ,建工修复,2021-12-13,综合环境治理
859714.SI,760104,综合环境治理,760100,环境治理,760000,环保,605069.SH,605069.SH,正和生态,2021-12-13,综合环境治理
859714.SI,760104,综合环境治理,760100,环境治理,760000,环保,688701.SH,688701.SH,卓锦股份,2021-12-13,综合环境治理
859714.SI,760104,综合环境治理,760100,环境治理,760000,环保,301259.SZ,301259.SZ,艾布鲁,2022-04-26,综合环境治理
859714.SI,760104,综合环境治理,760100,环境治理,760000,环保,000711.SZ,000711.SZ,京蓝科技,2022-08-01,综合环境治理
859714.SI,760104,综合环境治理,760100,环境治理,760000,环保,300187.SZ,300187.SZ,永清环保,2022-08-01,综合环境治理
859714.SI,760104,综合环境治理,760100,环境治理,760000,环保,688480.SH,688480.SH,赛恩斯,2022-11-25,综合环境治理
859714.SI,760104,综合环境治理,760100,环境治理,760000,环保,603686.SH,603686.SH,福龙马,2024-07-31,综合环境治理
859714.SI,760104,综合环境治理,760100,环境治理,760000,环保,600133.SH,600133.SH,东湖高新,2025-01-13,综合环境治理
859714.SI,760104,综合环境治理,760100,环境治理,760000,环保,000068.SZ,000068.SZ,华控赛格,2021-12-13,综合环境治理
859721.SI,760201,环保设备Ⅲ,760200,环保设备Ⅱ,760000,环保,000967.SZ,000967.SZ,盈峰环境,2021-12-13,环保设备Ⅲ
859721.SI,760201,环保设备Ⅲ,760200,环保设备Ⅱ,760000,环保,002645.SZ,002645.SZ,华宏科技,2021-12-13,环保设备Ⅲ
859721.SI,760201,环保设备Ⅲ,760200,环保设备Ⅱ,760000,环保,002658.SZ,002658.SZ,雪迪龙,2021-12-13,环保设备Ⅲ
859721.SI,760201,环保设备Ⅲ,760200,环保设备Ⅱ,760000,环保,300137.SZ,300137.SZ,先河环保,2021-12-13,环保设备Ⅲ
859721.SI,760201,环保设备Ⅲ,760200,环保设备Ⅱ,760000,环保,300210.SZ,300210.SZ,森远股份,2021-12-13,环保设备Ⅲ
859721.SI,760201,环保设备Ⅲ,760200,环保设备Ⅱ,760000,环保,300631.SZ,300631.SZ,久吾高科,2021-12-13,环保设备Ⅲ
859721.SI,760201,环保设备Ⅲ,760200,环保设备Ⅱ,760000,环保,300786.SZ,300786.SZ,国林科技,2021-12-13,环保设备Ⅲ
859721.SI,760201,环保设备Ⅲ,760200,环保设备Ⅱ,760000,环保,300800.SZ,300800.SZ,力合科技,2021-12-13,环保设备Ⅲ
859721.SI,760201,环保设备Ⅲ,760200,环保设备Ⅱ,760000,环保,301081.SZ,301081.SZ,严牌股份,2021-12-13,环保设备Ⅲ
859721.SI,760201,环保设备Ⅲ,760200,环保设备Ⅱ,760000,环保,600526.SH,600526.SH,菲达环保,2021-12-13,环保设备Ⅲ
859721.SI,760201,环保设备Ⅲ,760200,环保设备Ⅱ,760000,环保,603324.SH,603324.SH,盛剑科技,2021-12-13,环保设备Ⅲ
859721.SI,760201,环保设备Ⅲ,760200,环保设备Ⅱ,760000,环保,688309.SH,688309.SH,恒誉科技,2021-12-13,环保设备Ⅲ
859721.SI,760201,环保设备Ⅲ,760200,环保设备Ⅱ,760000,环保,688501.SH,688501.SH,青达环保,2021-12-13,环保设备Ⅲ
859721.SI,760201,环保设备Ⅲ,760200,环保设备Ⅱ,760000,环保,301288.SZ,301288.SZ,清研环境,2022-04-22,环保设备Ⅲ
859721.SI,760201,环保设备Ⅲ,760200,环保设备Ⅱ,760000,环保,001336.SZ,001336.SZ,楚环科技,2022-07-25,环保设备Ⅲ
859721.SI,760201,环保设备Ⅲ,760200,环保设备Ⅱ,760000,环保,000890.SZ,000890.SZ,法尔胜,2022-08-01,环保设备Ⅲ
859721.SI,760201,环保设备Ⅲ,760200,环保设备Ⅱ,760000,环保,300203.SZ,300203.SZ,聚光科技,2022-08-01,环保设备Ⅲ
859721.SI,760201,环保设备Ⅲ,760200,环保设备Ⅱ,760000,环保,600388.SH,600388.SH,紫金龙净,2022-08-01,环保设备Ⅲ
859721.SI,760201,环保设备Ⅲ,760200,环保设备Ⅱ,760000,环保,600817.SH,600817.SH,宇通重工,2022-08-01,环保设备Ⅲ
859721.SI,760201,环保设备Ⅲ,760200,环保设备Ⅱ,760000,环保,688376.SH,688376.SH,美埃科技,2022-11-18,环保设备Ⅲ
859721.SI,760201,环保设备Ⅲ,760200,环保设备Ⅱ,760000,环保,603282.SH,603282.SH,亚光股份,2023-03-15,环保设备Ⅲ
859721.SI,760201,环保设备Ⅲ,760200,环保设备Ⅱ,760000,环保,688671.SH,688671.SH,碧兴物联,2023-08-09,环保设备Ⅲ
859721.SI,760201,环保设备Ⅲ,760200,环保设备Ⅱ,760000,环保,000820.SZ,000820.SZ,神雾节能,2024-07-31,环保设备Ⅲ
859721.SI,760201,环保设备Ⅲ,760200,环保设备Ⅱ,760000,环保,603126.SH,603126.SH,中材节能,2024-07-31,环保设备Ⅲ
859721.SI,760201,环保设备Ⅲ,760200,环保设备Ⅱ,760000,环保,300105.SZ,300105.SZ,龙源技术,2025-05-13,环保设备Ⅲ
859721.SI,760201,环保设备Ⅲ,760200,环保设备Ⅱ,760000,环保,000551.SZ,000551.SZ,创元科技,2021-12-13,环保设备Ⅲ
859811.SI,770101,生活用纸,770100,个护用品,770000,美容护理,002511.SZ,002511.SZ,中顺洁柔,2021-12-13,生活用纸
859811.SI,770101,生活用纸,770100,个护用品,770000,美容护理,003006.SZ,003006.SZ,百亚股份,2021-12-13,生活用纸
859811.SI,770101,生活用纸,770100,个护用品,770000,美容护理,300658.SZ,300658.SZ,延江股份,2021-12-13,生活用纸
859811.SI,770101,生活用纸,770100,个护用品,770000,美容护理,300888.SZ,300888.SZ,稳健医疗,2021-12-13,生活用纸
859811.SI,770101,生活用纸,770100,个护用品,770000,美容护理,301009.SZ,301009.SZ,可靠股份,2021-12-13,生活用纸
859811.SI,770101,生活用纸,770100,个护用品,770000,美容护理,301108.SZ,301108.SZ,洁雅股份,2021-12-13,生活用纸
859811.SI,770101,生活用纸,770100,个护用品,770000,美容护理,605009.SH,605009.SH,豪悦护理,2021-12-13,生活用纸
859811.SI,770101,生活用纸,770100,个护用品,770000,美容护理,001206.SZ,001206.SZ,依依股份,2021-12-13,生活用纸
859812.SI,770102,洗护用品,770100,个护用品,770000,美容护理,603059.SH,603059.SH,倍加洁,2021-12-13,洗护用品
859812.SI,770102,洗护用品,770100,个护用品,770000,美容护理,001328.SZ,001328.SZ,登康口腔,2023-04-10,洗护用品
859812.SI,770102,洗护用品,770100,个护用品,770000,美容护理,603193.SH,603193.SH,润本股份,2023-10-17,洗护用品
859812.SI,770102,洗护用品,770100,个护用品,770000,美容护理,600249.SH,600249.SH,两面针,2021-12-13,洗护用品
859821.SI,770201,化妆品制造及其他,770200,化妆品,770000,美容护理,300132.SZ,300132.SZ,诺斯贝尔,2021-12-13,化妆品制造及其他
859821.SI,770201,化妆品制造及其他,770200,化妆品,770000,美容护理,300849.SZ,300849.SZ,锦盛新材,2021-12-13,化妆品制造及其他
859821.SI,770201,化妆品制造及其他,770200,化妆品,770000,美容护理,300856.SZ,300856.SZ,科思股份,2021-12-13,化妆品制造及其他
859821.SI,770201,化妆品制造及其他,770200,化妆品,770000,美容护理,300955.SZ,300955.SZ,嘉亨家化,2021-12-13,化妆品制造及其他
859821.SI,770201,化妆品制造及其他,770200,化妆品,770000,美容护理,002094.SZ,002094.SZ,青岛金王,2021-12-13,化妆品制造及其他
859822.SI,770202,品牌化妆品,770200,化妆品,770000,美容护理,300957.SZ,300957.SZ,贝泰妮,2021-12-13,品牌化妆品
859822.SI,770202,品牌化妆品,770200,化妆品,770000,美容护理,600315.SH,600315.SH,上海家化,2021-12-13,品牌化妆品
859822.SI,770202,品牌化妆品,770200,化妆品,770000,美容护理,603605.SH,603605.SH,珀莱雅,2021-12-13,品牌化妆品
859822.SI,770202,品牌化妆品,770200,化妆品,770000,美容护理,603630.SH,603630.SH,拉芳家化,2021-12-13,品牌化妆品
859822.SI,770202,品牌化妆品,770200,化妆品,770000,美容护理,603983.SH,603983.SH,丸美生物,2021-12-13,品牌化妆品
859822.SI,770202,品牌化妆品,770200,化妆品,770000,美容护理,301371.SZ,301371.SZ,敷尔佳,2023-08-01,品牌化妆品
859822.SI,770202,品牌化妆品,770200,化妆品,770000,美容护理,600223.SH,600223.SH,福瑞达,2024-02-06,品牌化妆品
859822.SI,770202,品牌化妆品,770200,化妆品,770000,美容护理,300740.SZ,300740.SZ,水羊股份,2021-12-13,品牌化妆品
859831.SI,770301,医美耗材,770300,医疗美容,770000,美容护理,688363.SH,688363.SH,华熙生物,2021-12-13,医美耗材
859831.SI,770301,医美耗材,770300,医疗美容,770000,美容护理,300896.SZ,300896.SZ,爱美客,2021-12-13,医美耗材
859832.SI,770302,医美服务,770300,医疗美容,770000,美容护理,000615.SZ,000615.SZ,*ST美谷,2021-12-13,医美服务
